Customer_ID,Customer_Name,Email,Product,Quantity,Price_Per_Item,Total_Price,Purchase_Date,Season,Season_Number,Recency,Avg_Order_Value,Cluster_Label,Segment,Suggested_Campaign
1,Michelle Harris,zbarrett@jordan-thomas.com,Sneakers,5,3148,15740,2024-04-23,Spring,2,348,3148.0,1,High-Value Loyal Customers,Exclusive Membership & VIP Rewards
2,Leah Lee,rroberson@morales.org,Loafers,3,2049,6147,2024-11-04,Autumn,3,153,2049.0,0,Low-Value Frequent Buyers,Discount Coupons & Loyalty Programs
3,Sheri Espinoza,maria11@yahoo.com,Sandals,2,2649,5298,2024-06-17,Summer,0,293,2649.0,0,Low-Value Frequent Buyers,Discount Coupons & Loyalty Programs
4,Crystal Smith,fosterbrandon@perry.net,Blazer,1,4223,4223,2023-11-03,Autumn,3,520,4223.0,3,Seasonal Buyers,Seasonal Promotions & Personalized Offers
5,Alexander Gomez,owade@gmail.com,Light Jacket,2,2040,4080,2024-05-02,Spring,2,339,2040.0,0,Low-Value Frequent Buyers,Discount Coupons & Loyalty Programs
6,James Baker,jamesfranklin@gmail.com,Tank Top,3,4607,13821,2023-06-03,Summer,0,673,4607.0,3,Seasonal Buyers,Seasonal Promotions & Personalized Offers
7,Joshua Davidson,crystal00@brooks.net,Jacket,2,1058,2116,2023-12-04,Winter,1,489,1058.0,2,Lost Customers,Re-engagement Emails & Offers
8,Erica Harper,foleyaaron@powell.info,Boots,4,4761,19044,2023-01-24,Winter,1,803,4761.0,3,Seasonal Buyers,Seasonal Promotions & Personalized Offers
9,Kimberly Lucas,mason15@evans-stark.net,Loafers,4,4627,18508,2023-09-09,Autumn,3,575,4627.0,3,Seasonal Buyers,Seasonal Promotions & Personalized Offers
10,Ryan Rodriguez,vcollins@gmail.com,Raincoat,1,2639,2639,2024-07-20,Monsoon,4,260,2639.0,0,Low-Value Frequent Buyers,Discount Coupons & Loyalty Programs
11,Susan Walker,robertwoods@miller.info,Raincoat,3,4460,13380,2023-08-09,Monsoon,4,606,4460.0,3,Seasonal Buyers,Seasonal Promotions & Personalized Offers
12,Sara Brown,mosskevin@trevino-harris.net,Light Jacket,4,3266,13064,2023-04-02,Spring,2,735,3266.0,3,Seasonal Buyers,Seasonal Promotions & Personalized Offers
13,Shannon Cook,carol58@ponce.com,Full-Sleeve Shirt,3,4753,14259,2024-11-01,Autumn,3,156,4753.0,1,High-Value Loyal Customers,Exclusive Membership & VIP Rewards
14,Michael Cohen,villanuevajennifer@hardy-bowen.com,Jacket,1,632,632,2024-02-07,Winter,1,424,632.0,0,Low-Value Frequent Buyers,Discount Coupons & Loyalty Programs
15,Thomas Acevedo,lawrencewall@hotmail.com,Shorts,3,1811,5433,2024-06-15,Summer,0,295,1811.0,0,Low-Value Frequent Buyers,Discount Coupons & Loyalty Programs
16,Joseph Taylor,qsandoval@ward.net,Raincoat,1,3736,3736,2023-08-17,Monsoon,4,598,3736.0,3,Seasonal Buyers,Seasonal Promotions & Personalized Offers
17,Mark Garrett,megan11@yahoo.com,Jeans,4,4107,16428,2024-04-07,Spring,2,364,4107.0,1,High-Value Loyal Customers,Exclusive Membership & VIP Rewards
18,John Rivera,logan66@king.com,Boots,1,1740,1740,2024-02-20,Winter,1,411,1740.0,0,Low-Value Frequent Buyers,Discount Coupons & Loyalty Programs
19,Micheal Clark,brittanysmith@sims-wilson.net,Full-Sleeve Shirt,2,1262,2524,2024-10-07,Autumn,3,181,1262.0,0,Low-Value Frequent Buyers,Discount Coupons & Loyalty Programs
20,Deanna Fisher,fbutler@hotmail.com,Sunglasses,5,2730,13650,2024-07-28,Summer,0,252,2730.0,1,High-Value Loyal Customers,Exclusive Membership & VIP Rewards
21,Alec Higgins,lgray@owens-newman.com,T-Shirt,4,4328,17312,2025-05-08,Spring,2,-32,4328.0,1,High-Value Loyal Customers,Exclusive Membership & VIP Rewards
22,Susan Rowland,anthonysmith@adams.com,Light Jacket,4,4482,17928,2023-05-22,Spring,2,685,4482.0,3,Seasonal Buyers,Seasonal Promotions & Personalized Offers
23,Brian Santiago,jgarcia@yahoo.com,Cardigan,2,2010,4020,2024-11-14,Autumn,3,143,2010.0,0,Low-Value Frequent Buyers,Discount Coupons & Loyalty Programs
24,Amanda Baker,ronniefisher@yahoo.com,Shorts,1,3828,3828,2024-08-28,Summer,0,221,3828.0,1,High-Value Loyal Customers,Exclusive Membership & VIP Rewards
25,Mark Davis,villegasjoseph@martin-walker.org,Full-Sleeve Shirt,3,4202,12606,2025-09-03,Autumn,3,-150,4202.0,1,High-Value Loyal Customers,Exclusive Membership & VIP Rewards
26,William Sanders,wcox@yahoo.com,Boots,3,703,2109,2024-01-17,Winter,1,445,703.0,2,Lost Customers,Re-engagement Emails & Offers
27,Melanie Nelson,patrickwest@spencer-johnson.info,Sandals,4,1223,4892,2023-08-13,Summer,0,602,1223.0,2,Lost Customers,Re-engagement Emails & Offers
28,Adriana Lucas,gene83@schultz.com,Waterproof Shoes,4,2765,11060,2023-08-03,Monsoon,4,612,2765.0,2,Lost Customers,Re-engagement Emails & Offers
29,Emily Russell,masonowen@yahoo.com,Sandals,2,1545,3090,2024-07-16,Summer,0,264,1545.0,0,Low-Value Frequent Buyers,Discount Coupons & Loyalty Programs
30,Karen Hansen,dcarrillo@hotmail.com,Umbrella,1,3165,3165,2024-08-24,Monsoon,4,225,3165.0,1,High-Value Loyal Customers,Exclusive Membership & VIP Rewards
31,Margaret Hall,cunninghamkim@gmail.com,T-Shirt,4,3940,15760,2023-03-19,Spring,2,749,3940.0,3,Seasonal Buyers,Seasonal Promotions & Personalized Offers
32,Justin Macias,usmith@watson.info,Jeans,5,4921,24605,2023-03-03,Spring,2,765,4921.0,3,Seasonal Buyers,Seasonal Promotions & Personalized Offers
33,Vincent Solis,laurie13@yahoo.com,Boots,1,2334,2334,2024-01-22,Winter,1,440,2334.0,2,Lost Customers,Re-engagement Emails & Offers
34,Tina Carter,trevorbarron@scott.org,Sneakers,5,2516,12580,2024-05-22,Spring,2,319,2516.0,0,Low-Value Frequent Buyers,Discount Coupons & Loyalty Programs
35,Olivia Parrish,ystein@park-lawrence.org,Raincoat,4,600,2400,2023-09-16,Monsoon,4,568,600.0,2,Lost Customers,Re-engagement Emails & Offers
36,Brittney Cox,egraham@young.com,Raincoat,3,1475,4425,2024-07-28,Monsoon,4,252,1475.0,0,Low-Value Frequent Buyers,Discount Coupons & Loyalty Programs
37,Shaun Caldwell,tonya01@hotmail.com,Loafers,4,4491,17964,2024-11-07,Autumn,3,150,4491.0,1,High-Value Loyal Customers,Exclusive Membership & VIP Rewards
38,Edward Brown,michaelmartin@gonzalez.net,Scarf,2,2279,4558,2024-02-12,Winter,1,419,2279.0,0,Low-Value Frequent Buyers,Discount Coupons & Loyalty Programs
39,Lisa Sweeney,austin64@williams-ruiz.info,Scarf,1,2108,2108,2023-12-08,Winter,1,485,2108.0,2,Lost Customers,Re-engagement Emails & Offers
40,Joseph Rodriguez,andreahill@hartman-bowman.info,Loafers,1,1283,1283,2024-11-28,Autumn,3,129,1283.0,0,Low-Value Frequent Buyers,Discount Coupons & Loyalty Programs
41,Sabrina Martinez,kimberly57@gmail.com,Sneakers,4,4184,16736,2024-05-01,Spring,2,340,4184.0,1,High-Value Loyal Customers,Exclusive Membership & VIP Rewards
42,Gerald Phillips,wford@stevens.com,Tank Top,1,1119,1119,2024-08-16,Summer,0,233,1119.0,0,Low-Value Frequent Buyers,Discount Coupons & Loyalty Programs
43,Daniel Holmes,robert28@martinez-dominguez.com,Shorts,3,568,1704,2024-06-16,Summer,0,294,568.0,0,Low-Value Frequent Buyers,Discount Coupons & Loyalty Programs
44,Lynn Olsen,laceylane@jones.org,Sweater,3,652,1956,2023-02-26,Winter,1,770,652.0,2,Lost Customers,Re-engagement Emails & Offers
45,Denise Rodriguez,rachel14@gmail.com,Light Jacket,3,903,2709,2025-05-06,Spring,2,-30,903.0,0,Low-Value Frequent Buyers,Discount Coupons & Loyalty Programs
46,Amanda Kim,victorlawson@carpenter-martinez.com,Tank Top,2,1600,3200,2024-07-06,Summer,0,274,1600.0,0,Low-Value Frequent Buyers,Discount Coupons & Loyalty Programs
47,Chris Roach,matthew72@turner.biz,Full-Sleeve Shirt,4,594,2376,2024-09-25,Autumn,3,193,594.0,0,Low-Value Frequent Buyers,Discount Coupons & Loyalty Programs
48,Holly Davenport,rachel68@johnson.com,Tank Top,4,4917,19668,2023-07-17,Summer,0,629,4917.0,3,Seasonal Buyers,Seasonal Promotions & Personalized Offers
49,Tracy Gates,andersonbridget@johnson.com,Boots,2,3135,6270,2024-02-25,Winter,1,406,3135.0,1,High-Value Loyal Customers,Exclusive Membership & VIP Rewards
50,James Cannon,sarahbowers@yahoo.com,Loafers,1,4296,4296,2024-10-09,Autumn,3,179,4296.0,1,High-Value Loyal Customers,Exclusive Membership & VIP Rewards
51,Amanda Schwartz,lmcfarland@tanner.org,Sweater,2,2018,4036,2024-12-20,Winter,1,107,2018.0,0,Low-Value Frequent Buyers,Discount Coupons & Loyalty Programs
52,Kelly Miller,yfarley@hotmail.com,Cardigan,1,2671,2671,2024-10-12,Autumn,3,176,2671.0,0,Low-Value Frequent Buyers,Discount Coupons & Loyalty Programs
53,Steven Webb,lsmith@smith.com,Light Jacket,1,2667,2667,2023-05-14,Spring,2,693,2667.0,2,Lost Customers,Re-engagement Emails & Offers
54,Corey Mora,justin75@gmail.com,Waterproof Shoes,5,2172,10860,2023-09-26,Monsoon,4,558,2172.0,2,Lost Customers,Re-engagement Emails & Offers
55,Jade Hunter,hammondmelanie@hotmail.com,Sunglasses,4,1820,7280,2024-07-28,Summer,0,252,1820.0,0,Low-Value Frequent Buyers,Discount Coupons & Loyalty Programs
56,Nancy Carrillo,justin22@gmail.com,Blazer,4,2063,8252,2023-09-28,Autumn,3,556,2063.0,2,Lost Customers,Re-engagement Emails & Offers
57,Kylie Chen,donna25@hotmail.com,Umbrella,2,4427,8854,2024-06-13,Monsoon,4,297,4427.0,1,High-Value Loyal Customers,Exclusive Membership & VIP Rewards
58,Sean Hill,conwayamber@brooks.net,Sandals,2,2625,5250,2024-06-18,Summer,0,292,2625.0,0,Low-Value Frequent Buyers,Discount Coupons & Loyalty Programs
59,Jessica Mills,oscott@gmail.com,Boots,1,4321,4321,2023-12-20,Winter,1,473,4321.0,3,Seasonal Buyers,Seasonal Promotions & Personalized Offers
60,Patrick Dennis,michael86@hotmail.com,Jacket,4,3606,14424,2024-01-10,Winter,1,452,3606.0,3,Seasonal Buyers,Seasonal Promotions & Personalized Offers
61,Jason Bailey,nsmith@hotmail.com,Sneakers,4,1208,4832,2023-05-03,Spring,2,704,1208.0,2,Lost Customers,Re-engagement Emails & Offers
62,Kelly Daniels,raymondkyle@gmail.com,Sandals,3,1303,3909,2023-06-01,Summer,0,675,1303.0,2,Lost Customers,Re-engagement Emails & Offers
63,Vanessa Ferguson,eblack@hotmail.com,T-Shirt,3,4652,13956,2023-05-16,Spring,2,691,4652.0,3,Seasonal Buyers,Seasonal Promotions & Personalized Offers
64,Michael Bradley,tyu@kelley.com,Light Jacket,3,3250,9750,2024-03-15,Spring,2,387,3250.0,1,High-Value Loyal Customers,Exclusive Membership & VIP Rewards
65,Terry Smith,xhoward@hotmail.com,Sunglasses,4,3245,12980,2024-06-22,Summer,0,288,3245.0,1,High-Value Loyal Customers,Exclusive Membership & VIP Rewards
66,Ronald Smith,mvance@yahoo.com,Light Jacket,3,4836,14508,2024-05-20,Spring,2,321,4836.0,1,High-Value Loyal Customers,Exclusive Membership & VIP Rewards
67,Rodney Vargas,dsmith@hotmail.com,Sunglasses,2,933,1866,2024-06-13,Summer,0,297,933.0,0,Low-Value Frequent Buyers,Discount Coupons & Loyalty Programs
68,Gary Carter,daycheryl@valenzuela.com,Sunglasses,3,795,2385,2023-08-11,Summer,0,604,795.0,2,Lost Customers,Re-engagement Emails & Offers
69,Edwin May,christineallen@hotmail.com,Jeans,4,2570,10280,2023-05-22,Spring,2,685,2570.0,2,Lost Customers,Re-engagement Emails & Offers
70,Mary Lopez,dustinjohnson@hotmail.com,Waterproof Shoes,3,3373,10119,2024-06-12,Monsoon,4,298,3373.0,1,High-Value Loyal Customers,Exclusive Membership & VIP Rewards
71,Monica Green,chenann@hotmail.com,Full-Sleeve Shirt,4,2133,8532,2024-10-28,Autumn,3,160,2133.0,0,Low-Value Frequent Buyers,Discount Coupons & Loyalty Programs
72,Jeffrey Fletcher,morristracie@yahoo.com,Blazer,3,514,1542,2023-09-22,Autumn,3,562,514.0,2,Lost Customers,Re-engagement Emails & Offers
73,Kim Logan,victoriacummings@goodwin.com,Sweater,1,2955,2955,2024-12-08,Winter,1,119,2955.0,1,High-Value Loyal Customers,Exclusive Membership & VIP Rewards
74,Jody Black,emmaduncan@hotmail.com,Light Jacket,3,3213,9639,2023-04-12,Spring,2,725,3213.0,3,Seasonal Buyers,Seasonal Promotions & Personalized Offers
75,Anthony Ray,derekedwards@young-weiss.com,Boots,5,1461,7305,2024-12-03,Winter,1,124,1461.0,0,Low-Value Frequent Buyers,Discount Coupons & Loyalty Programs
76,Scott Sparks,brandon91@hotmail.com,Sweater,4,3805,15220,2024-12-12,Winter,1,115,3805.0,1,High-Value Loyal Customers,Exclusive Membership & VIP Rewards
77,Stephen Camacho,hannah66@johnston.net,Loafers,4,4683,18732,2023-11-01,Autumn,3,522,4683.0,3,Seasonal Buyers,Seasonal Promotions & Personalized Offers
78,Michael Alvarado,ramospatricia@hotmail.com,Blazer,3,3240,9720,2024-11-22,Autumn,3,135,3240.0,1,High-Value Loyal Customers,Exclusive Membership & VIP Rewards
79,Danielle Jenkins,rachelhudson@hotmail.com,Boots,1,2216,2216,2024-02-04,Winter,1,427,2216.0,2,Lost Customers,Re-engagement Emails & Offers
80,Mrs. Robin Dunn PhD,melissa03@gmail.com,Umbrella,4,1111,4444,2024-06-24,Monsoon,4,286,1111.0,0,Low-Value Frequent Buyers,Discount Coupons & Loyalty Programs
81,Sean Gonzalez,dennisstout@hotmail.com,Light Jacket,4,3049,12196,2023-03-14,Spring,2,754,3049.0,3,Seasonal Buyers,Seasonal Promotions & Personalized Offers
82,Christina Burke,dannyarnold@hotmail.com,Waterproof Shoes,4,1093,4372,2024-07-18,Monsoon,4,262,1093.0,0,Low-Value Frequent Buyers,Discount Coupons & Loyalty Programs
83,David Adkins,stephanie80@yahoo.com,Sandals,4,2611,10444,2023-08-07,Summer,0,608,2611.0,2,Lost Customers,Re-engagement Emails & Offers
84,Vanessa Owens,drewortiz@gmail.com,Loafers,4,4274,17096,2024-10-28,Autumn,3,160,4274.0,1,High-Value Loyal Customers,Exclusive Membership & VIP Rewards
85,Kiara Thomas,michaelboyd@yahoo.com,Cardigan,3,4980,14940,2023-09-02,Autumn,3,582,4980.0,3,Seasonal Buyers,Seasonal Promotions & Personalized Offers
86,Tabitha Robinson,cameronandrew@gmail.com,Sunglasses,3,4008,12024,2023-06-25,Summer,0,651,4008.0,3,Seasonal Buyers,Seasonal Promotions & Personalized Offers
87,Jeffrey Knight,monica39@martinez.com,Jeans,3,4146,12438,2024-03-07,Spring,2,395,4146.0,1,High-Value Loyal Customers,Exclusive Membership & VIP Rewards
88,Sharon Brooks,kerri43@hotmail.com,Waterproof Shoes,1,1599,1599,2025-06-01,Monsoon,4,-56,1599.0,0,Low-Value Frequent Buyers,Discount Coupons & Loyalty Programs
89,Joshua Hopkins,luismyers@roberts-dominguez.com,Blazer,2,4099,8198,2023-10-07,Autumn,3,547,4099.0,3,Seasonal Buyers,Seasonal Promotions & Personalized Offers
90,Kenneth Contreras,brittanyrogers@yahoo.com,Cardigan,1,3499,3499,2023-09-09,Autumn,3,575,3499.0,3,Seasonal Buyers,Seasonal Promotions & Personalized Offers
91,Samantha Moreno,ogarza@gmail.com,Jeans,1,4301,4301,2023-03-01,Spring,2,767,4301.0,3,Seasonal Buyers,Seasonal Promotions & Personalized Offers
92,Christopher Scott,cwelch@hotmail.com,Loafers,3,3963,11889,2023-09-27,Autumn,3,557,3963.0,3,Seasonal Buyers,Seasonal Promotions & Personalized Offers
93,Arthur Young,jenniferhernandez@yahoo.com,Sneakers,2,4737,9474,2024-05-08,Spring,2,333,4737.0,1,High-Value Loyal Customers,Exclusive Membership & VIP Rewards
94,Amanda Grimes,jennifer14@hotmail.com,Scarf,3,4322,12966,2024-01-20,Winter,1,442,4322.0,3,Seasonal Buyers,Seasonal Promotions & Personalized Offers
95,Kenneth Williams,angela59@obrien-rivera.com,Cardigan,2,3392,6784,2025-11-05,Autumn,3,-213,3392.0,1,High-Value Loyal Customers,Exclusive Membership & VIP Rewards
96,John Monroe,ryan51@smith.com,Scarf,3,549,1647,2023-12-26,Winter,1,467,549.0,2,Lost Customers,Re-engagement Emails & Offers
97,Regina Savage,angelawashington@hopkins.org,Boots,4,3786,15144,2024-02-28,Winter,1,403,3786.0,1,High-Value Loyal Customers,Exclusive Membership & VIP Rewards
98,Kimberly Carr,ryan60@cordova.org,Jacket,2,2447,4894,2023-12-23,Winter,1,470,2447.0,2,Lost Customers,Re-engagement Emails & Offers
99,Laura Schaefer,tsmith@gmail.com,Full-Sleeve Shirt,5,1337,6685,2023-10-24,Autumn,3,530,1337.0,2,Lost Customers,Re-engagement Emails & Offers
100,Zachary Velez,barnesjasmine@phillips.net,Umbrella,4,3871,15484,2024-06-24,Monsoon,4,286,3871.0,1,High-Value Loyal Customers,Exclusive Membership & VIP Rewards
101,Ronald Sullivan,mwalker@larsen-contreras.com,Sunglasses,4,4536,18144,2024-07-20,Summer,0,260,4536.0,1,High-Value Loyal Customers,Exclusive Membership & VIP Rewards
102,Virginia Berry,elizabeth51@yahoo.com,Blazer,5,4726,23630,2024-09-27,Autumn,3,191,4726.0,1,High-Value Loyal Customers,Exclusive Membership & VIP Rewards
103,Kathryn Palmer,phillipmurphy@yahoo.com,Sneakers,3,4095,12285,2023-05-14,Spring,2,693,4095.0,3,Seasonal Buyers,Seasonal Promotions & Personalized Offers
104,Charles Jones,tanya46@hotmail.com,Light Jacket,1,1530,1530,2024-05-23,Spring,2,318,1530.0,0,Low-Value Frequent Buyers,Discount Coupons & Loyalty Programs
105,Shannon Williams,karen45@yahoo.com,Light Jacket,1,3355,3355,2023-04-07,Spring,2,730,3355.0,3,Seasonal Buyers,Seasonal Promotions & Personalized Offers
106,Lawrence Johnson,walkerrobert@brown.com,T-Shirt,5,979,4895,2024-03-17,Spring,2,385,979.0,0,Low-Value Frequent Buyers,Discount Coupons & Loyalty Programs
107,Jack Evans,eddie13@yahoo.com,Raincoat,2,3168,6336,2024-09-28,Monsoon,4,190,3168.0,1,High-Value Loyal Customers,Exclusive Membership & VIP Rewards
108,Mark Coleman,paul84@williams-johnson.com,Sweater,5,2376,11880,2023-02-11,Winter,1,785,2376.0,2,Lost Customers,Re-engagement Emails & Offers
109,Ellen Robinson,melissa15@gmail.com,T-Shirt,3,693,2079,2024-05-12,Spring,2,329,693.0,0,Low-Value Frequent Buyers,Discount Coupons & Loyalty Programs
110,Billy Kelly,mmayo@bell.com,Waterproof Shoes,1,3571,3571,2024-06-28,Monsoon,4,282,3571.0,1,High-Value Loyal Customers,Exclusive Membership & VIP Rewards
111,Julia Dixon,kathybanks@matthews.org,Tank Top,4,2708,10832,2023-07-16,Summer,0,630,2708.0,2,Lost Customers,Re-engagement Emails & Offers
112,Matthew Walters,theresajackson@yahoo.com,Sunglasses,3,2260,6780,2024-06-07,Summer,0,303,2260.0,0,Low-Value Frequent Buyers,Discount Coupons & Loyalty Programs
113,Jessica Rowe,mdavis@miller.info,Boots,5,2606,13030,2025-01-04,Winter,1,92,2606.0,0,Low-Value Frequent Buyers,Discount Coupons & Loyalty Programs
114,Ronald Gutierrez,antonio41@todd.com,Umbrella,4,3371,13484,2023-07-26,Monsoon,4,620,3371.0,3,Seasonal Buyers,Seasonal Promotions & Personalized Offers
115,Abigail Dominguez,evanskatherine@horton.com,Sweater,5,3564,17820,2023-01-01,Winter,1,826,3564.0,3,Seasonal Buyers,Seasonal Promotions & Personalized Offers
116,Patricia Blackwell,baldwingeorge@vasquez.biz,Light Jacket,2,2248,4496,2024-04-07,Spring,2,364,2248.0,0,Low-Value Frequent Buyers,Discount Coupons & Loyalty Programs
117,Lisa Taylor,dominguezsamantha@peters.net,Blazer,2,2510,5020,2024-09-15,Autumn,3,203,2510.0,0,Low-Value Frequent Buyers,Discount Coupons & Loyalty Programs
118,Vanessa Richard,peterskara@hotmail.com,Scarf,4,2435,9740,2023-01-21,Winter,1,806,2435.0,2,Lost Customers,Re-engagement Emails & Offers
119,Jordan Garcia,meyerlori@gmail.com,Blazer,4,4073,16292,2023-10-12,Autumn,3,542,4073.0,3,Seasonal Buyers,Seasonal Promotions & Personalized Offers
120,Tommy Baldwin,michellespencer@delgado.com,Umbrella,3,3009,9027,2023-07-09,Monsoon,4,637,3009.0,3,Seasonal Buyers,Seasonal Promotions & Personalized Offers
121,Lisa Morales,toni65@dean.com,Blazer,5,648,3240,2023-09-26,Autumn,3,558,648.0,2,Lost Customers,Re-engagement Emails & Offers
122,Brian Whitaker,epowers@hotmail.com,Scarf,1,3144,3144,2024-01-01,Winter,1,461,3144.0,3,Seasonal Buyers,Seasonal Promotions & Personalized Offers
123,Lindsey Kaufman,paulbrooks@cain-kelley.com,Waterproof Shoes,1,4758,4758,2024-07-07,Monsoon,4,273,4758.0,1,High-Value Loyal Customers,Exclusive Membership & VIP Rewards
124,Tyler Johnson,travisstewart@hotmail.com,Full-Sleeve Shirt,1,4590,4590,2024-10-28,Autumn,3,160,4590.0,1,High-Value Loyal Customers,Exclusive Membership & VIP Rewards
125,Austin Hart,kristin84@nunez.com,T-Shirt,4,3332,13328,2024-03-25,Spring,2,377,3332.0,1,High-Value Loyal Customers,Exclusive Membership & VIP Rewards
126,Brian Moore,danielle01@yahoo.com,Scarf,5,3405,17025,2024-12-28,Winter,1,99,3405.0,1,High-Value Loyal Customers,Exclusive Membership & VIP Rewards
127,Melissa Hudson,amaxwell@gmail.com,Waterproof Shoes,1,2446,2446,2024-06-05,Monsoon,4,305,2446.0,0,Low-Value Frequent Buyers,Discount Coupons & Loyalty Programs
128,Christina Curtis,tsteele@taylor.org,Loafers,3,951,2853,2023-10-13,Autumn,3,541,951.0,2,Lost Customers,Re-engagement Emails & Offers
129,Zachary Sullivan,juan95@yahoo.com,Shorts,2,4063,8126,2024-07-19,Summer,0,261,4063.0,1,High-Value Loyal Customers,Exclusive Membership & VIP Rewards
130,Jack Lewis,floresgary@anderson.net,Raincoat,1,1560,1560,2023-06-09,Monsoon,4,667,1560.0,2,Lost Customers,Re-engagement Emails & Offers
131,Zachary Avila,ronald09@gmail.com,Tank Top,3,1861,5583,2024-06-17,Summer,0,293,1861.0,0,Low-Value Frequent Buyers,Discount Coupons & Loyalty Programs
132,Laura Johnson,james10@hotmail.com,Boots,4,612,2448,2023-12-04,Winter,1,489,612.0,2,Lost Customers,Re-engagement Emails & Offers
133,Krystal Little,fstevens@boyer.com,Loafers,2,4920,9840,2024-09-21,Autumn,3,197,4920.0,1,High-Value Loyal Customers,Exclusive Membership & VIP Rewards
134,Lisa Gibbs,ljones@parrish.org,Blazer,1,2216,2216,2023-10-18,Autumn,3,536,2216.0,2,Lost Customers,Re-engagement Emails & Offers
135,Jennifer Miles,amy48@anderson.biz,Boots,4,4566,18264,2024-01-28,Winter,1,434,4566.0,3,Seasonal Buyers,Seasonal Promotions & Personalized Offers
136,Mr. Ryan May,martinmia@yahoo.com,Umbrella,1,1293,1293,2024-07-09,Monsoon,4,271,1293.0,0,Low-Value Frequent Buyers,Discount Coupons & Loyalty Programs
137,Gary Perez,vhogan@chavez.com,Raincoat,4,1487,5948,2024-07-03,Monsoon,4,277,1487.0,0,Low-Value Frequent Buyers,Discount Coupons & Loyalty Programs
138,Susan Lopez,fraziercynthia@hotmail.com,Tank Top,1,3284,3284,2024-07-18,Summer,0,262,3284.0,1,High-Value Loyal Customers,Exclusive Membership & VIP Rewards
139,Audrey Li,mary03@nguyen-haynes.biz,Full-Sleeve Shirt,2,3969,7938,2024-10-27,Autumn,3,161,3969.0,1,High-Value Loyal Customers,Exclusive Membership & VIP Rewards
140,Stephanie Goodman,kaylarose@arnold.com,Umbrella,2,1001,2002,2024-07-04,Monsoon,4,276,1001.0,0,Low-Value Frequent Buyers,Discount Coupons & Loyalty Programs
141,Breanna Hayes,nguyenlinda@smith-charles.com,Raincoat,2,1522,3044,2023-06-22,Monsoon,4,654,1522.0,2,Lost Customers,Re-engagement Emails & Offers
142,Sonia Mccormick,blankenshipcolleen@sullivan-patrick.biz,Jeans,2,3546,7092,2025-05-08,Spring,2,-32,3546.0,1,High-Value Loyal Customers,Exclusive Membership & VIP Rewards
143,Gary Allen,louis18@robbins.com,Sneakers,5,4052,20260,2023-03-05,Spring,2,763,4052.0,3,Seasonal Buyers,Seasonal Promotions & Personalized Offers
144,Denise Schultz,michaelpratt@gmail.com,Waterproof Shoes,3,2917,8751,2023-09-28,Monsoon,4,556,2917.0,3,Seasonal Buyers,Seasonal Promotions & Personalized Offers
145,Tammy Elliott,carla93@hotmail.com,Loafers,3,721,2163,2025-10-07,Autumn,3,-184,721.0,0,Low-Value Frequent Buyers,Discount Coupons & Loyalty Programs
146,Terry Meyers,matthewwheeler@williams.net,Jeans,2,1941,3882,2024-03-12,Spring,2,390,1941.0,0,Low-Value Frequent Buyers,Discount Coupons & Loyalty Programs
147,Mary Sullivan,jose12@hotmail.com,Boots,3,3105,9315,2023-12-10,Winter,1,483,3105.0,3,Seasonal Buyers,Seasonal Promotions & Personalized Offers
148,Krista House,mirandamichelle@gmail.com,Umbrella,5,4222,21110,2025-08-08,Monsoon,4,-124,4222.0,1,High-Value Loyal Customers,Exclusive Membership & VIP Rewards
149,Sean Mcdowell,johnpowell@fowler.com,Scarf,2,2776,5552,2024-01-22,Winter,1,440,2776.0,3,Seasonal Buyers,Seasonal Promotions & Personalized Offers
150,Nicole Reyes,brian54@hotmail.com,Tank Top,3,4336,13008,2024-06-15,Summer,0,295,4336.0,1,High-Value Loyal Customers,Exclusive Membership & VIP Rewards
151,Darren Burnett,johnstevens@obrien-perez.com,Scarf,3,4369,13107,2023-02-21,Winter,1,775,4369.0,3,Seasonal Buyers,Seasonal Promotions & Personalized Offers
152,Christopher Meyer,uwashington@hicks-barajas.info,Blazer,2,2984,5968,2024-09-16,Autumn,3,202,2984.0,1,High-Value Loyal Customers,Exclusive Membership & VIP Rewards
153,Rebecca Mcclain,andrewhudson@hotmail.com,Raincoat,5,1080,5400,2024-08-03,Monsoon,4,246,1080.0,0,Low-Value Frequent Buyers,Discount Coupons & Loyalty Programs
154,Larry Thomas,andrewsbrianna@pham.net,Boots,2,3788,7576,2023-12-28,Winter,1,465,3788.0,3,Seasonal Buyers,Seasonal Promotions & Personalized Offers
155,Samuel Malone,scurtis@wong-duncan.info,Sneakers,1,500,500,2024-04-13,Spring,2,358,500.0,0,Low-Value Frequent Buyers,Discount Coupons & Loyalty Programs
156,Ronald Tucker,jaygreene@barry-brown.info,Scarf,3,1646,4938,2024-02-21,Winter,1,410,1646.0,0,Low-Value Frequent Buyers,Discount Coupons & Loyalty Programs
157,Robert Davis,rebecca68@cruz.com,T-Shirt,5,4832,24160,2024-03-23,Spring,2,379,4832.0,1,High-Value Loyal Customers,Exclusive Membership & VIP Rewards
158,Megan Reed,kellerryan@yahoo.com,Raincoat,3,1040,3120,2023-09-15,Monsoon,4,569,1040.0,2,Lost Customers,Re-engagement Emails & Offers
159,Mr. Michael Schultz,danielle85@holder-donaldson.org,Boots,1,3934,3934,2023-01-24,Winter,1,803,3934.0,3,Seasonal Buyers,Seasonal Promotions & Personalized Offers
160,Sarah Miller,jessicahill@anthony-vincent.net,Jacket,4,1082,4328,2024-02-26,Winter,1,405,1082.0,0,Low-Value Frequent Buyers,Discount Coupons & Loyalty Programs
161,Elizabeth Hampton,pamela72@williams.net,Boots,1,3653,3653,2024-01-17,Winter,1,445,3653.0,3,Seasonal Buyers,Seasonal Promotions & Personalized Offers
162,Cynthia Smith,oterrell@gmail.com,Cardigan,2,3483,6966,2024-10-02,Autumn,3,186,3483.0,1,High-Value Loyal Customers,Exclusive Membership & VIP Rewards
163,Amanda Jones,williamsmatthew@yahoo.com,Umbrella,2,4189,8378,2024-09-28,Monsoon,4,190,4189.0,1,High-Value Loyal Customers,Exclusive Membership & VIP Rewards
164,Eric Dennis,amy39@massey.com,Shorts,5,3586,17930,2023-08-23,Summer,0,592,3586.0,3,Seasonal Buyers,Seasonal Promotions & Personalized Offers
165,Lauren Smith,allendarin@hotmail.com,Sneakers,4,2759,11036,2023-04-23,Spring,2,714,2759.0,2,Lost Customers,Re-engagement Emails & Offers
166,Alex Warren,joan62@hotmail.com,Waterproof Shoes,5,3386,16930,2023-08-04,Monsoon,4,611,3386.0,3,Seasonal Buyers,Seasonal Promotions & Personalized Offers
167,Kaitlyn Ferguson,jamescain@hall-collins.biz,Blazer,1,4267,4267,2023-11-28,Autumn,3,495,4267.0,3,Seasonal Buyers,Seasonal Promotions & Personalized Offers
168,Christopher Nichols,schmidtdavid@douglas.com,Sandals,5,849,4245,2023-06-20,Summer,0,656,849.0,2,Lost Customers,Re-engagement Emails & Offers
169,Edwin Williams,kevin05@owens-ortiz.com,Sweater,2,1316,2632,2024-02-14,Winter,1,417,1316.0,0,Low-Value Frequent Buyers,Discount Coupons & Loyalty Programs
170,Mary Molina,amandamontes@campbell.info,Shorts,2,3502,7004,2024-06-25,Summer,0,285,3502.0,1,High-Value Loyal Customers,Exclusive Membership & VIP Rewards
171,Arthur Johnston,vrojas@lopez-sanders.com,Loafers,2,1381,2762,2024-10-20,Autumn,3,168,1381.0,0,Low-Value Frequent Buyers,Discount Coupons & Loyalty Programs
172,Jacqueline Wilson,margaretryan@gmail.com,Loafers,3,2675,8025,2023-11-06,Autumn,3,517,2675.0,2,Lost Customers,Re-engagement Emails & Offers
173,Lauren Smith,williamjones@hotmail.com,Sandals,3,1662,4986,2024-06-04,Summer,0,306,1662.0,0,Low-Value Frequent Buyers,Discount Coupons & Loyalty Programs
174,Brittany Jones,stephenwillis@lawrence.com,Jeans,4,1688,6752,2024-05-28,Spring,2,313,1688.0,0,Low-Value Frequent Buyers,Discount Coupons & Loyalty Programs
175,Lori Mack,lisa84@perry-alvarado.net,Full-Sleeve Shirt,1,4494,4494,2024-11-07,Autumn,3,150,4494.0,1,High-Value Loyal Customers,Exclusive Membership & VIP Rewards
176,Thomas Russell,amandawilson@hotmail.com,Cardigan,2,621,1242,2024-10-24,Autumn,3,164,621.0,0,Low-Value Frequent Buyers,Discount Coupons & Loyalty Programs
177,Jeffrey Cain,andrewandrews@lawrence.com,Scarf,4,3486,13944,2024-12-27,Winter,1,100,3486.0,1,High-Value Loyal Customers,Exclusive Membership & VIP Rewards
178,Mark Gibson,kelsey58@davis-martin.com,Full-Sleeve Shirt,3,4566,13698,2024-11-19,Autumn,3,138,4566.0,1,High-Value Loyal Customers,Exclusive Membership & VIP Rewards
179,Sarah Keith,brendastephens@ayers.info,T-Shirt,4,2628,10512,2023-05-07,Spring,2,700,2628.0,2,Lost Customers,Re-engagement Emails & Offers
180,Samantha Mcdowell,vjones@perez.com,Blazer,5,1357,6785,2024-10-19,Autumn,3,169,1357.0,0,Low-Value Frequent Buyers,Discount Coupons & Loyalty Programs
181,Ryan Duncan,nicholas48@gmail.com,Blazer,2,2818,5636,2023-11-04,Autumn,3,519,2818.0,3,Seasonal Buyers,Seasonal Promotions & Personalized Offers
182,Ashley Little,chamberstravis@woodard.com,Sneakers,2,1174,2348,2023-03-14,Spring,2,754,1174.0,2,Lost Customers,Re-engagement Emails & Offers
183,Brianna Sanders,hjackson@gmail.com,Shorts,3,2027,6081,2023-06-25,Summer,0,651,2027.0,2,Lost Customers,Re-engagement Emails & Offers
184,Nicole Spencer,johnhenderson@howell-scott.net,Sneakers,1,3139,3139,2023-05-09,Spring,2,698,3139.0,3,Seasonal Buyers,Seasonal Promotions & Personalized Offers
185,Marcus Patton,rwheeler@hotmail.com,Cardigan,1,4583,4583,2024-09-11,Autumn,3,207,4583.0,1,High-Value Loyal Customers,Exclusive Membership & VIP Rewards
186,Melissa Walker,john32@hotmail.com,Tank Top,2,2662,5324,2024-07-04,Summer,0,276,2662.0,0,Low-Value Frequent Buyers,Discount Coupons & Loyalty Programs
187,Ryan Lee,mary73@hotmail.com,Waterproof Shoes,2,3132,6264,2024-07-08,Monsoon,4,272,3132.0,1,High-Value Loyal Customers,Exclusive Membership & VIP Rewards
188,James Hutchinson,sarahlee@mercer.com,Blazer,5,2554,12770,2023-09-28,Autumn,3,556,2554.0,2,Lost Customers,Re-engagement Emails & Offers
189,Jessica Smith,adam58@stewart.com,Full-Sleeve Shirt,1,1901,1901,2024-10-01,Autumn,3,187,1901.0,0,Low-Value Frequent Buyers,Discount Coupons & Loyalty Programs
190,Angela King,jjohnson@wright-chavez.com,Cardigan,4,4886,19544,2023-09-13,Autumn,3,571,4886.0,3,Seasonal Buyers,Seasonal Promotions & Personalized Offers
191,Luis Carlson,katherine48@garza.info,Boots,1,4404,4404,2023-01-11,Winter,1,816,4404.0,3,Seasonal Buyers,Seasonal Promotions & Personalized Offers
192,Brandon Beasley,hallamanda@parker-schwartz.com,Loafers,3,3057,9171,2024-10-13,Autumn,3,175,3057.0,1,High-Value Loyal Customers,Exclusive Membership & VIP Rewards
193,Paige Graham,justinsullivan@hamilton.com,Raincoat,5,3016,15080,2023-06-24,Monsoon,4,652,3016.0,3,Seasonal Buyers,Seasonal Promotions & Personalized Offers
194,Alejandro Evans,sherithomas@pena-reid.com,T-Shirt,2,3172,6344,2023-03-28,Spring,2,740,3172.0,3,Seasonal Buyers,Seasonal Promotions & Personalized Offers
195,Carl Warner,varcher@yahoo.com,Sweater,1,1615,1615,2023-02-26,Winter,1,770,1615.0,2,Lost Customers,Re-engagement Emails & Offers
196,Kristine Martinez,turnercharles@hotmail.com,Waterproof Shoes,4,1360,5440,2024-09-22,Monsoon,4,196,1360.0,0,Low-Value Frequent Buyers,Discount Coupons & Loyalty Programs
197,Edward Ellison,wrightjeffery@hotmail.com,Cardigan,3,4811,14433,2024-11-08,Autumn,3,149,4811.0,1,High-Value Loyal Customers,Exclusive Membership & VIP Rewards
198,Ryan Moore,kathleen00@zimmerman.biz,Sneakers,3,1498,4494,2024-04-23,Spring,2,348,1498.0,0,Low-Value Frequent Buyers,Discount Coupons & Loyalty Programs
199,Stephanie Fischer,ochoakenneth@yahoo.com,Loafers,2,2002,4004,2025-09-27,Autumn,3,-174,2002.0,0,Low-Value Frequent Buyers,Discount Coupons & Loyalty Programs
200,Nicole Lewis,timothyortega@hotmail.com,Shorts,5,3899,19495,2023-06-28,Summer,0,648,3899.0,3,Seasonal Buyers,Seasonal Promotions & Personalized Offers
201,Tracy Ford,powellzachary@gmail.com,Jeans,1,1735,1735,2024-04-17,Spring,2,354,1735.0,0,Low-Value Frequent Buyers,Discount Coupons & Loyalty Programs
202,Anna Berg,ericksongary@walker.com,Sneakers,2,2803,5606,2024-05-24,Spring,2,317,2803.0,1,High-Value Loyal Customers,Exclusive Membership & VIP Rewards
203,Ms. Brooke Petersen,sarahlawson@bautista-anthony.net,Loafers,5,2525,12625,2024-11-07,Autumn,3,150,2525.0,0,Low-Value Frequent Buyers,Discount Coupons & Loyalty Programs
204,Amanda Clark,smithwayne@gmail.com,Blazer,4,3753,15012,2023-10-21,Autumn,3,533,3753.0,3,Seasonal Buyers,Seasonal Promotions & Personalized Offers
205,Christy Miller,mreynolds@martin.com,Light Jacket,2,970,1940,2024-05-15,Spring,2,326,970.0,0,Low-Value Frequent Buyers,Discount Coupons & Loyalty Programs
206,Holly Mcfarland,thomassmith@gmail.com,Light Jacket,1,671,671,2023-04-21,Spring,2,716,671.0,2,Lost Customers,Re-engagement Emails & Offers
207,Kenneth Prince,qford@rogers.com,Sweater,1,2936,2936,2024-01-09,Winter,1,453,2936.0,3,Seasonal Buyers,Seasonal Promotions & Personalized Offers
208,Christopher Rubio,turnercindy@carpenter.com,Full-Sleeve Shirt,3,1001,3003,2023-10-13,Autumn,3,541,1001.0,2,Lost Customers,Re-engagement Emails & Offers
209,Dylan Johnson,woodmatthew@hotmail.com,Light Jacket,5,2650,13250,2023-04-11,Spring,2,726,2650.0,2,Lost Customers,Re-engagement Emails & Offers
210,Peter Banks,kelli05@hensley-mitchell.info,Sandals,4,4337,17348,2024-08-20,Summer,0,229,4337.0,1,High-Value Loyal Customers,Exclusive Membership & VIP Rewards
211,Becky Goodwin,jthompson@hotmail.com,T-Shirt,4,930,3720,2024-03-22,Spring,2,380,930.0,0,Low-Value Frequent Buyers,Discount Coupons & Loyalty Programs
212,Lori Reed,matthewclements@marshall.com,Sweater,4,2246,8984,2023-12-20,Winter,1,473,2246.0,2,Lost Customers,Re-engagement Emails & Offers
213,Jonathan Garcia,zachary62@hotmail.com,Loafers,5,2807,14035,2024-10-17,Autumn,3,171,2807.0,1,High-Value Loyal Customers,Exclusive Membership & VIP Rewards
214,Robert Copeland,mitchellkevin@hotmail.com,Sunglasses,1,2078,2078,2023-08-03,Summer,0,612,2078.0,2,Lost Customers,Re-engagement Emails & Offers
215,Angela Henderson,danastevens@gmail.com,Raincoat,2,3027,6054,2023-09-25,Monsoon,4,559,3027.0,3,Seasonal Buyers,Seasonal Promotions & Personalized Offers
216,Andrew Irwin,russellreilly@yahoo.com,Sweater,4,2567,10268,2024-12-11,Winter,1,116,2567.0,0,Low-Value Frequent Buyers,Discount Coupons & Loyalty Programs
217,Sandra Wilson,john93@hotmail.com,Shorts,2,3839,7678,2024-08-01,Summer,0,248,3839.0,1,High-Value Loyal Customers,Exclusive Membership & VIP Rewards
218,Mary Swanson,leonardwatson@hotmail.com,Full-Sleeve Shirt,5,2223,11115,2025-09-08,Autumn,3,-155,2223.0,0,Low-Value Frequent Buyers,Discount Coupons & Loyalty Programs
219,Michael Davis,martinezcynthia@parker.com,Sweater,1,2288,2288,2023-12-12,Winter,1,481,2288.0,2,Lost Customers,Re-engagement Emails & Offers
220,Traci Little,charlottedixon@miller.com,Umbrella,3,3093,9279,2023-06-23,Monsoon,4,653,3093.0,3,Seasonal Buyers,Seasonal Promotions & Personalized Offers
221,Diana Barrett,ovillarreal@ward.com,Sunglasses,5,1821,9105,2023-07-24,Summer,0,622,1821.0,2,Lost Customers,Re-engagement Emails & Offers
222,Kristie Sullivan,wendyholmes@grant.com,Raincoat,4,3227,12908,2024-09-16,Monsoon,4,202,3227.0,1,High-Value Loyal Customers,Exclusive Membership & VIP Rewards
223,Kelly Rodriguez,campbelldiana@lawson.com,Tank Top,3,998,2994,2024-07-19,Summer,0,261,998.0,0,Low-Value Frequent Buyers,Discount Coupons & Loyalty Programs
224,Jessica Acevedo,clarkjustin@gmail.com,Light Jacket,2,3395,6790,2023-04-20,Spring,2,717,3395.0,3,Seasonal Buyers,Seasonal Promotions & Personalized Offers
225,Barry Norris,james45@yahoo.com,Waterproof Shoes,3,1315,3945,2024-07-16,Monsoon,4,264,1315.0,0,Low-Value Frequent Buyers,Discount Coupons & Loyalty Programs
226,Lindsay Cooley,emily17@rodriguez.com,Sandals,1,3698,3698,2023-08-21,Summer,0,594,3698.0,3,Seasonal Buyers,Seasonal Promotions & Personalized Offers
227,Jordan Ortega,bakerapril@hotmail.com,Tank Top,3,1862,5586,2024-08-07,Summer,0,242,1862.0,0,Low-Value Frequent Buyers,Discount Coupons & Loyalty Programs
228,Dawn Andrews,kmiller@gmail.com,Full-Sleeve Shirt,5,2736,13680,2024-10-10,Autumn,3,178,2736.0,1,High-Value Loyal Customers,Exclusive Membership & VIP Rewards
229,William Barnes,tgraham@luna-kidd.info,Raincoat,5,3950,19750,2024-06-11,Monsoon,4,299,3950.0,1,High-Value Loyal Customers,Exclusive Membership & VIP Rewards
230,Robert Jackson,tony57@lewis.net,Sneakers,5,1686,8430,2024-05-04,Spring,2,337,1686.0,0,Low-Value Frequent Buyers,Discount Coupons & Loyalty Programs
231,Dalton Daniels,bradfordjill@watson.com,Sneakers,3,2255,6765,2024-04-28,Spring,2,343,2255.0,0,Low-Value Frequent Buyers,Discount Coupons & Loyalty Programs
232,Tiffany Lawson,fburgess@mooney-little.com,Jacket,4,4039,16156,2023-01-03,Winter,1,824,4039.0,3,Seasonal Buyers,Seasonal Promotions & Personalized Offers
233,Jillian Bryant,eringonzalez@hotmail.com,Scarf,4,4591,18364,2024-01-19,Winter,1,443,4591.0,3,Seasonal Buyers,Seasonal Promotions & Personalized Offers
234,Nathan Hansen,zcarey@mack-meyer.com,Sneakers,5,3597,17985,2023-03-26,Spring,2,742,3597.0,3,Seasonal Buyers,Seasonal Promotions & Personalized Offers
235,Nancy Stokes,smithdestiny@yahoo.com,Boots,3,1875,5625,2023-01-07,Winter,1,820,1875.0,2,Lost Customers,Re-engagement Emails & Offers
236,Heather Houston,zcook@moore.com,Umbrella,4,2896,11584,2024-09-27,Monsoon,4,191,2896.0,1,High-Value Loyal Customers,Exclusive Membership & VIP Rewards
237,Patricia Mann,timothychen@yahoo.com,Loafers,3,3215,9645,2023-10-02,Autumn,3,552,3215.0,3,Seasonal Buyers,Seasonal Promotions & Personalized Offers
238,Ms. Stacey Day,mckenzietran@davis.org,T-Shirt,2,1347,2694,2023-05-09,Spring,2,698,1347.0,2,Lost Customers,Re-engagement Emails & Offers
239,Matthew Torres,scottstacey@franklin-johnson.com,Full-Sleeve Shirt,3,3238,9714,2024-09-23,Autumn,3,195,3238.0,1,High-Value Loyal Customers,Exclusive Membership & VIP Rewards
240,Nicole Schwartz,greenkristine@bryant.com,Umbrella,2,4464,8928,2025-07-26,Monsoon,4,-111,4464.0,1,High-Value Loyal Customers,Exclusive Membership & VIP Rewards
241,Glenn Morton,ian37@yahoo.com,Umbrella,2,851,1702,2024-07-15,Monsoon,4,265,851.0,0,Low-Value Frequent Buyers,Discount Coupons & Loyalty Programs
242,Robert Johnson,ian08@roberts.org,Umbrella,3,3643,10929,2024-06-07,Monsoon,4,303,3643.0,1,High-Value Loyal Customers,Exclusive Membership & VIP Rewards
243,Michael Johnson,amandagallegos@yahoo.com,Sneakers,1,1839,1839,2023-03-09,Spring,2,759,1839.0,2,Lost Customers,Re-engagement Emails & Offers
244,Brian Bonilla,clopez@gmail.com,Full-Sleeve Shirt,5,1521,7605,2025-11-11,Autumn,3,-219,1521.0,0,Low-Value Frequent Buyers,Discount Coupons & Loyalty Programs
245,Erin Fitzgerald,dhill@mejia.com,Full-Sleeve Shirt,3,784,2352,2024-10-21,Autumn,3,167,784.0,0,Low-Value Frequent Buyers,Discount Coupons & Loyalty Programs
246,Hannah Smith,mhorn@hotmail.com,Tank Top,4,2820,11280,2024-06-08,Summer,0,302,2820.0,1,High-Value Loyal Customers,Exclusive Membership & VIP Rewards
247,Marc Byrd,alexanderblackwell@yahoo.com,Loafers,1,2976,2976,2024-09-03,Autumn,3,215,2976.0,1,High-Value Loyal Customers,Exclusive Membership & VIP Rewards
248,Carla Gates,sandrabaldwin@sosa.com,Sandals,1,4439,4439,2023-07-16,Summer,0,630,4439.0,3,Seasonal Buyers,Seasonal Promotions & Personalized Offers
249,Samantha Cobb,popedanielle@jones.com,Sneakers,3,1153,3459,2024-04-15,Spring,2,356,1153.0,0,Low-Value Frequent Buyers,Discount Coupons & Loyalty Programs
250,William Rodriguez,sharonsmith@hotmail.com,Raincoat,5,4409,22045,2025-06-28,Monsoon,4,-83,4409.0,1,High-Value Loyal Customers,Exclusive Membership & VIP Rewards
251,Jasmine Franklin,cassandraevans@gmail.com,Scarf,2,814,1628,2024-12-03,Winter,1,124,814.0,0,Low-Value Frequent Buyers,Discount Coupons & Loyalty Programs
252,Lee Gardner,michelleramirez@hotmail.com,Sneakers,4,2625,10500,2023-03-20,Spring,2,748,2625.0,2,Lost Customers,Re-engagement Emails & Offers
253,Alexander Lopez,james08@murphy.com,Light Jacket,2,4868,9736,2023-03-12,Spring,2,756,4868.0,3,Seasonal Buyers,Seasonal Promotions & Personalized Offers
254,Susan Thompson,garciachristian@lopez.info,Raincoat,1,1292,1292,2024-07-19,Monsoon,4,261,1292.0,0,Low-Value Frequent Buyers,Discount Coupons & Loyalty Programs
255,Kaylee Robinson,whitneyallen@mckenzie-little.com,Sneakers,2,2019,4038,2023-04-12,Spring,2,725,2019.0,2,Lost Customers,Re-engagement Emails & Offers
256,Christy Harper,clarkmaria@hotmail.com,Blazer,3,3191,9573,2023-09-15,Autumn,3,569,3191.0,3,Seasonal Buyers,Seasonal Promotions & Personalized Offers
257,Regina Moore,wkeller@hill.com,Umbrella,2,1618,3236,2024-07-11,Monsoon,4,269,1618.0,0,Low-Value Frequent Buyers,Discount Coupons & Loyalty Programs
258,Jenna Peterson,jasmine97@gmail.com,Sneakers,1,3075,3075,2024-04-19,Spring,2,352,3075.0,1,High-Value Loyal Customers,Exclusive Membership & VIP Rewards
259,Ann Johnson,zpark@yahoo.com,Sneakers,3,1431,4293,2025-03-14,Spring,2,23,1431.0,0,Low-Value Frequent Buyers,Discount Coupons & Loyalty Programs
260,Jerry Simmons,heatherwalsh@gmail.com,Raincoat,2,1039,2078,2024-06-06,Monsoon,4,304,1039.0,0,Low-Value Frequent Buyers,Discount Coupons & Loyalty Programs
261,Brian Velez,martha36@watson-johnson.com,Scarf,1,538,538,2023-01-23,Winter,1,804,538.0,2,Lost Customers,Re-engagement Emails & Offers
262,Victoria Martin,smithdustin@gmail.com,Raincoat,1,3102,3102,2023-07-12,Monsoon,4,634,3102.0,3,Seasonal Buyers,Seasonal Promotions & Personalized Offers
263,Nathan Mathews,stephaniemartinez@webb.info,Waterproof Shoes,2,891,1782,2023-07-12,Monsoon,4,634,891.0,2,Lost Customers,Re-engagement Emails & Offers
264,Heidi Hill,adam27@hotmail.com,Sneakers,1,3250,3250,2024-04-23,Spring,2,348,3250.0,1,High-Value Loyal Customers,Exclusive Membership & VIP Rewards
265,Dawn Lin,mccartyandrew@mercer.com,Jeans,1,2864,2864,2024-05-12,Spring,2,329,2864.0,1,High-Value Loyal Customers,Exclusive Membership & VIP Rewards
266,Kelly Cohen,christopherwilson@yahoo.com,Sandals,5,4598,22990,2023-08-17,Summer,0,598,4598.0,3,Seasonal Buyers,Seasonal Promotions & Personalized Offers
267,Todd Hamilton,dhenderson@yahoo.com,Boots,5,1495,7475,2024-12-26,Winter,1,101,1495.0,0,Low-Value Frequent Buyers,Discount Coupons & Loyalty Programs
268,William Taylor,karenrodgers@wheeler.com,Sunglasses,5,2410,12050,2023-07-15,Summer,0,631,2410.0,2,Lost Customers,Re-engagement Emails & Offers
269,Brandon Brown,brenda98@hotmail.com,Sunglasses,3,2062,6186,2024-07-14,Summer,0,266,2062.0,0,Low-Value Frequent Buyers,Discount Coupons & Loyalty Programs
270,Sarah Miller,nicholasrichmond@jimenez.com,Raincoat,1,3219,3219,2023-07-25,Monsoon,4,621,3219.0,3,Seasonal Buyers,Seasonal Promotions & Personalized Offers
271,Samuel Williamson,jenniferpacheco@yahoo.com,Full-Sleeve Shirt,4,4345,17380,2024-10-19,Autumn,3,169,4345.0,1,High-Value Loyal Customers,Exclusive Membership & VIP Rewards
272,Jeffery Stephens,alexrios@yahoo.com,Loafers,4,4808,19232,2024-09-21,Autumn,3,197,4808.0,1,High-Value Loyal Customers,Exclusive Membership & VIP Rewards
273,Hunter Hobbs DDS,haley48@yahoo.com,Sneakers,2,3004,6008,2024-05-27,Spring,2,314,3004.0,1,High-Value Loyal Customers,Exclusive Membership & VIP Rewards
274,Justin Peck,daniel16@yahoo.com,Cardigan,3,682,2046,2025-11-02,Autumn,3,-210,682.0,0,Low-Value Frequent Buyers,Discount Coupons & Loyalty Programs
275,Rebecca Nguyen,frankdanny@stein-graham.org,T-Shirt,3,1945,5835,2024-05-28,Spring,2,313,1945.0,0,Low-Value Frequent Buyers,Discount Coupons & Loyalty Programs
276,Mark Webb,mmunoz@yahoo.com,Blazer,1,860,860,2023-11-05,Autumn,3,518,860.0,2,Lost Customers,Re-engagement Emails & Offers
277,Jacqueline Campbell,gordonnicole@mcconnell.org,Raincoat,2,3205,6410,2023-06-28,Monsoon,4,648,3205.0,3,Seasonal Buyers,Seasonal Promotions & Personalized Offers
278,Daniel Leach,catherine41@yahoo.com,Light Jacket,5,1418,7090,2023-03-04,Spring,2,764,1418.0,2,Lost Customers,Re-engagement Emails & Offers
279,Gloria Thomas,juliehale@young.net,Loafers,3,4327,12981,2023-10-28,Autumn,3,526,4327.0,3,Seasonal Buyers,Seasonal Promotions & Personalized Offers
280,Veronica Hernandez,grace36@bridges-summers.com,T-Shirt,3,4634,13902,2024-03-27,Spring,2,375,4634.0,1,High-Value Loyal Customers,Exclusive Membership & VIP Rewards
281,April Jackson,dsmith@yahoo.com,Sandals,4,3554,14216,2024-06-12,Summer,0,298,3554.0,1,High-Value Loyal Customers,Exclusive Membership & VIP Rewards
282,Diana Mcdaniel,wongteresa@hotmail.com,Raincoat,3,3137,9411,2023-07-28,Monsoon,4,618,3137.0,3,Seasonal Buyers,Seasonal Promotions & Personalized Offers
283,Melinda Thompson,zayala@lamb.info,Sweater,2,4493,8986,2024-01-07,Winter,1,455,4493.0,3,Seasonal Buyers,Seasonal Promotions & Personalized Offers
284,William Jimenez,cody90@davies-rangel.com,Tank Top,3,3004,9012,2024-07-28,Summer,0,252,3004.0,1,High-Value Loyal Customers,Exclusive Membership & VIP Rewards
285,Kimberly Keith,brian87@mcclure.com,Waterproof Shoes,2,3118,6236,2024-08-15,Monsoon,4,234,3118.0,1,High-Value Loyal Customers,Exclusive Membership & VIP Rewards
286,Amanda Gordon,wilkersonryan@pearson.com,Scarf,3,2423,7269,2023-01-21,Winter,1,806,2423.0,2,Lost Customers,Re-engagement Emails & Offers
287,Randy Martin,ghernandez@jackson.com,Blazer,4,1553,6212,2024-11-02,Autumn,3,155,1553.0,0,Low-Value Frequent Buyers,Discount Coupons & Loyalty Programs
288,Richard Herrera,uturner@hotmail.com,Sweater,5,4160,20800,2024-12-17,Winter,1,110,4160.0,1,High-Value Loyal Customers,Exclusive Membership & VIP Rewards
289,Allen Walters,mooremonica@gmail.com,Light Jacket,5,2530,12650,2023-03-06,Spring,2,762,2530.0,2,Lost Customers,Re-engagement Emails & Offers
290,Jonathan Maldonado,spatrick@hotmail.com,Raincoat,2,2283,4566,2023-06-10,Monsoon,4,666,2283.0,2,Lost Customers,Re-engagement Emails & Offers
291,Chad Flynn,sanchezrobert@rodriguez.org,Sandals,4,2029,8116,2024-06-09,Summer,0,301,2029.0,0,Low-Value Frequent Buyers,Discount Coupons & Loyalty Programs
292,Todd Espinoza,rrivera@hotmail.com,Umbrella,5,2649,13245,2024-07-01,Monsoon,4,279,2649.0,0,Low-Value Frequent Buyers,Discount Coupons & Loyalty Programs
293,Jose Gross,yyoder@wilson.com,Umbrella,5,1222,6110,2024-09-15,Monsoon,4,203,1222.0,0,Low-Value Frequent Buyers,Discount Coupons & Loyalty Programs
294,Curtis Olson,robertellis@gmail.com,Umbrella,5,2094,10470,2024-08-14,Monsoon,4,235,2094.0,0,Low-Value Frequent Buyers,Discount Coupons & Loyalty Programs
295,Debra Wise,mitchelljulian@yahoo.com,Raincoat,4,4898,19592,2024-06-16,Monsoon,4,294,4898.0,1,High-Value Loyal Customers,Exclusive Membership & VIP Rewards
296,Sylvia Durham,michaelamaxwell@hotmail.com,Full-Sleeve Shirt,2,1391,2782,2024-09-11,Autumn,3,207,1391.0,0,Low-Value Frequent Buyers,Discount Coupons & Loyalty Programs
297,Linda Ross,matthewpatel@yahoo.com,Blazer,3,1706,5118,2024-10-02,Autumn,3,186,1706.0,0,Low-Value Frequent Buyers,Discount Coupons & Loyalty Programs
298,Jeremy Marsh,dayjeff@thomas.biz,Waterproof Shoes,2,3314,6628,2024-08-09,Monsoon,4,240,3314.0,1,High-Value Loyal Customers,Exclusive Membership & VIP Rewards
299,Jennifer Anderson,xmurphy@smith.org,T-Shirt,2,3210,6420,2024-03-03,Spring,2,399,3210.0,1,High-Value Loyal Customers,Exclusive Membership & VIP Rewards
300,Rebecca Williams,gbrown@daniel-parks.com,Cardigan,4,2041,8164,2024-11-25,Autumn,3,132,2041.0,0,Low-Value Frequent Buyers,Discount Coupons & Loyalty Programs
301,Eugene Brown,susanmoore@anderson.com,Umbrella,4,2952,11808,2023-07-26,Monsoon,4,620,2952.0,3,Seasonal Buyers,Seasonal Promotions & Personalized Offers
302,Kathryn Love,okramer@yahoo.com,Waterproof Shoes,3,2292,6876,2024-09-23,Monsoon,4,195,2292.0,0,Low-Value Frequent Buyers,Discount Coupons & Loyalty Programs
303,Evan Hunter,kyle27@herrera-cole.net,Umbrella,5,3173,15865,2023-06-03,Monsoon,4,673,3173.0,3,Seasonal Buyers,Seasonal Promotions & Personalized Offers
304,Nancy Coffey,daniel99@yahoo.com,Jacket,4,583,2332,2024-02-25,Winter,1,406,583.0,0,Low-Value Frequent Buyers,Discount Coupons & Loyalty Programs
305,Ricky Bowman,gbridges@dawson-rivera.com,Full-Sleeve Shirt,2,4055,8110,2023-09-11,Autumn,3,573,4055.0,3,Seasonal Buyers,Seasonal Promotions & Personalized Offers
306,Aaron Weiss,mitchelllloyd@gmail.com,T-Shirt,3,2282,6846,2023-04-03,Spring,2,734,2282.0,2,Lost Customers,Re-engagement Emails & Offers
307,Michael Hardy,douglas47@acosta.com,Jeans,5,4353,21765,2024-05-25,Spring,2,316,4353.0,1,High-Value Loyal Customers,Exclusive Membership & VIP Rewards
308,William Garcia,tlittle@hotmail.com,Sweater,1,986,986,2023-12-27,Winter,1,466,986.0,2,Lost Customers,Re-engagement Emails & Offers
309,Christopher Simmons,dpratt@gmail.com,Waterproof Shoes,2,4917,9834,2023-08-01,Monsoon,4,614,4917.0,3,Seasonal Buyers,Seasonal Promotions & Personalized Offers
310,Brooke Gomez,dereksmith@harvey-taylor.com,Sandals,2,3788,7576,2023-07-26,Summer,0,620,3788.0,3,Seasonal Buyers,Seasonal Promotions & Personalized Offers
311,Cynthia Watson,qmartinez@hotmail.com,Blazer,1,4923,4923,2024-10-07,Autumn,3,181,4923.0,1,High-Value Loyal Customers,Exclusive Membership & VIP Rewards
312,Alan Riley,shuffman@hotmail.com,Light Jacket,5,2532,12660,2024-05-07,Spring,2,334,2532.0,0,Low-Value Frequent Buyers,Discount Coupons & Loyalty Programs
313,Megan Dennis,jacobking@conway.net,Sandals,1,3209,3209,2024-08-05,Summer,0,244,3209.0,1,High-Value Loyal Customers,Exclusive Membership & VIP Rewards
314,Matthew Giles,kgray@morris.com,Umbrella,3,1797,5391,2023-08-23,Monsoon,4,592,1797.0,2,Lost Customers,Re-engagement Emails & Offers
315,Nicole Wilkins,qcobb@hotmail.com,Sandals,5,2171,10855,2024-07-27,Summer,0,253,2171.0,0,Low-Value Frequent Buyers,Discount Coupons & Loyalty Programs
316,Stanley Rich,btate@jordan.com,Boots,3,3604,10812,2024-02-10,Winter,1,421,3604.0,3,Seasonal Buyers,Seasonal Promotions & Personalized Offers
317,Rachel Harper,matthewthomas@yahoo.com,Boots,1,1329,1329,2024-02-16,Winter,1,415,1329.0,0,Low-Value Frequent Buyers,Discount Coupons & Loyalty Programs
318,Henry Smith,nancyprice@love.net,Light Jacket,4,1568,6272,2023-04-16,Spring,2,721,1568.0,2,Lost Customers,Re-engagement Emails & Offers
319,Linda Velez,andrewgray@grant.com,Umbrella,5,2822,14110,2023-06-08,Monsoon,4,668,2822.0,3,Seasonal Buyers,Seasonal Promotions & Personalized Offers
320,Mark Baker,martintaylor@hotmail.com,Waterproof Shoes,5,3707,18535,2023-07-28,Monsoon,4,618,3707.0,3,Seasonal Buyers,Seasonal Promotions & Personalized Offers
321,Tara Duncan DVM,mariamiller@gmail.com,Loafers,5,3807,19035,2023-10-04,Autumn,3,550,3807.0,3,Seasonal Buyers,Seasonal Promotions & Personalized Offers
322,Michelle Davis,laurabaker@wade.org,Blazer,2,1015,2030,2024-09-11,Autumn,3,207,1015.0,0,Low-Value Frequent Buyers,Discount Coupons & Loyalty Programs
323,Raymond Waters,eric65@yahoo.com,Waterproof Shoes,4,2345,9380,2023-06-13,Monsoon,4,663,2345.0,2,Lost Customers,Re-engagement Emails & Offers
324,Amanda Stewart,ygomez@reyes.com,Sandals,2,919,1838,2023-07-22,Summer,0,624,919.0,2,Lost Customers,Re-engagement Emails & Offers
325,Hannah Humphrey,vargaslauren@yahoo.com,Umbrella,3,4623,13869,2024-07-20,Monsoon,4,260,4623.0,1,High-Value Loyal Customers,Exclusive Membership & VIP Rewards
326,Sonya Wilson,cheryl00@yahoo.com,Umbrella,5,2702,13510,2024-08-03,Monsoon,4,246,2702.0,0,Low-Value Frequent Buyers,Discount Coupons & Loyalty Programs
327,Clarence Smith,phillipsjoseph@hubbard.com,Sandals,5,4342,21710,2024-07-28,Summer,0,252,4342.0,1,High-Value Loyal Customers,Exclusive Membership & VIP Rewards
328,Pamela Woods,ithompson@yahoo.com,Raincoat,5,551,2755,2025-08-17,Monsoon,4,-133,551.0,0,Low-Value Frequent Buyers,Discount Coupons & Loyalty Programs
329,Christian Gibson,wjohnson@gmail.com,Sandals,1,2424,2424,2023-06-07,Summer,0,669,2424.0,2,Lost Customers,Re-engagement Emails & Offers
330,Mark Zamora,audreyrogers@yahoo.com,Light Jacket,1,4302,4302,2023-03-26,Spring,2,742,4302.0,3,Seasonal Buyers,Seasonal Promotions & Personalized Offers
331,Erin Brown,james08@johnson-goodwin.com,Sweater,2,557,1114,2023-01-03,Winter,1,824,557.0,2,Lost Customers,Re-engagement Emails & Offers
332,Jessica Hughes,carlos40@johnson.net,Raincoat,3,4397,13191,2023-08-08,Monsoon,4,607,4397.0,3,Seasonal Buyers,Seasonal Promotions & Personalized Offers
333,Bradley Dougherty,tonya98@riley.org,Sweater,2,1795,3590,2025-12-10,Winter,1,-248,1795.0,0,Low-Value Frequent Buyers,Discount Coupons & Loyalty Programs
334,Christine Webster,wfranklin@kaiser.com,Cardigan,5,3123,15615,2023-10-21,Autumn,3,533,3123.0,3,Seasonal Buyers,Seasonal Promotions & Personalized Offers
335,Ryan Davis,smithgerald@gmail.com,Light Jacket,4,2905,11620,2024-03-21,Spring,2,381,2905.0,1,High-Value Loyal Customers,Exclusive Membership & VIP Rewards
336,Lauren Turner,barbara32@yahoo.com,Jeans,4,4049,16196,2024-03-08,Spring,2,394,4049.0,1,High-Value Loyal Customers,Exclusive Membership & VIP Rewards
337,Edward Moore,qclark@hotmail.com,Raincoat,5,3953,19765,2024-07-18,Monsoon,4,262,3953.0,1,High-Value Loyal Customers,Exclusive Membership & VIP Rewards
338,Kimberly Davis,brownsamantha@hotmail.com,T-Shirt,3,4321,12963,2023-04-25,Spring,2,712,4321.0,3,Seasonal Buyers,Seasonal Promotions & Personalized Offers
339,Julie Lutz,fsmith@duran.org,Raincoat,4,4075,16300,2024-09-03,Monsoon,4,215,4075.0,1,High-Value Loyal Customers,Exclusive Membership & VIP Rewards
340,Curtis Stone,rachel88@shaw-holmes.net,Light Jacket,3,606,1818,2024-05-28,Spring,2,313,606.0,0,Low-Value Frequent Buyers,Discount Coupons & Loyalty Programs
341,Vicki Taylor,vaughnthomas@yahoo.com,Sunglasses,1,1951,1951,2024-06-28,Summer,0,282,1951.0,0,Low-Value Frequent Buyers,Discount Coupons & Loyalty Programs
342,Jason Ray,earmstrong@hotmail.com,Umbrella,3,3887,11661,2023-07-23,Monsoon,4,623,3887.0,3,Seasonal Buyers,Seasonal Promotions & Personalized Offers
343,Jacob Gibson,gillespiechristopher@lyons.com,Raincoat,1,3254,3254,2023-07-10,Monsoon,4,636,3254.0,3,Seasonal Buyers,Seasonal Promotions & Personalized Offers
344,Larry Davis,crystal10@terry.com,Light Jacket,2,2570,5140,2024-03-15,Spring,2,387,2570.0,0,Low-Value Frequent Buyers,Discount Coupons & Loyalty Programs
345,Cassandra Knox,denisemckenzie@hotmail.com,Full-Sleeve Shirt,3,3646,10938,2024-10-06,Autumn,3,182,3646.0,1,High-Value Loyal Customers,Exclusive Membership & VIP Rewards
346,Michael Cooper,catherinesimpson@gmail.com,Tank Top,2,4917,9834,2023-07-10,Summer,0,636,4917.0,3,Seasonal Buyers,Seasonal Promotions & Personalized Offers
347,Christopher Juarez,nicholas01@banks.com,Scarf,5,2734,13670,2025-02-21,Winter,1,44,2734.0,1,High-Value Loyal Customers,Exclusive Membership & VIP Rewards
348,Pamela Burke,woodmichael@clark-flynn.com,Shorts,5,4458,22290,2024-07-27,Summer,0,253,4458.0,1,High-Value Loyal Customers,Exclusive Membership & VIP Rewards
349,Daniel Knox,whitevictoria@arnold.com,Tank Top,1,4217,4217,2024-06-13,Summer,0,297,4217.0,1,High-Value Loyal Customers,Exclusive Membership & VIP Rewards
350,Donna Duran,campbellkeith@waller.biz,T-Shirt,2,2178,4356,2024-05-10,Spring,2,331,2178.0,0,Low-Value Frequent Buyers,Discount Coupons & Loyalty Programs
351,Gerald Turner,collinskathy@francis-brown.com,Blazer,2,2262,4524,2023-11-24,Autumn,3,499,2262.0,2,Lost Customers,Re-engagement Emails & Offers
352,Brenda Huerta,mariapeck@hotmail.com,Jeans,4,1211,4844,2024-05-21,Spring,2,320,1211.0,0,Low-Value Frequent Buyers,Discount Coupons & Loyalty Programs
353,Thomas Cooper,mmills@hotmail.com,Loafers,4,3601,14404,2024-10-28,Autumn,3,160,3601.0,1,High-Value Loyal Customers,Exclusive Membership & VIP Rewards
354,Lisa Martinez,davenportamy@gmail.com,Shorts,2,1914,3828,2024-07-25,Summer,0,255,1914.0,0,Low-Value Frequent Buyers,Discount Coupons & Loyalty Programs
355,John Hill,hollydaniels@hotmail.com,Waterproof Shoes,1,4895,4895,2024-09-07,Monsoon,4,211,4895.0,1,High-Value Loyal Customers,Exclusive Membership & VIP Rewards
356,Daniel Jones,nbradley@hensley-green.com,Sandals,1,4414,4414,2023-08-02,Summer,0,613,4414.0,3,Seasonal Buyers,Seasonal Promotions & Personalized Offers
357,Joshua Cervantes,stokesbrandon@smith.com,Umbrella,3,946,2838,2024-07-28,Monsoon,4,252,946.0,0,Low-Value Frequent Buyers,Discount Coupons & Loyalty Programs
358,Sandra Rodriguez,amanda46@moore-wade.com,Jeans,1,613,613,2023-04-28,Spring,2,709,613.0,2,Lost Customers,Re-engagement Emails & Offers
359,Troy Robertson,belltamara@mclean.com,Waterproof Shoes,2,1051,2102,2023-08-21,Monsoon,4,594,1051.0,2,Lost Customers,Re-engagement Emails & Offers
360,April Harris,stephaniefleming@howard-stewart.com,Sandals,1,3469,3469,2025-07-28,Summer,0,-113,3469.0,1,High-Value Loyal Customers,Exclusive Membership & VIP Rewards
361,Karen Garrett,clarkandrea@gregory.info,Raincoat,3,3138,9414,2024-09-10,Monsoon,4,208,3138.0,1,High-Value Loyal Customers,Exclusive Membership & VIP Rewards
362,Angela Horn,coffeybrandy@carr.com,Blazer,4,2332,9328,2023-09-09,Autumn,3,575,2332.0,2,Lost Customers,Re-engagement Emails & Offers
363,Crystal Osborne,smithgregory@jackson-french.org,Jeans,1,4007,4007,2024-03-20,Spring,2,382,4007.0,1,High-Value Loyal Customers,Exclusive Membership & VIP Rewards
364,Stephanie Boyer,thomas22@griffin.biz,Sandals,4,4319,17276,2024-06-24,Summer,0,286,4319.0,1,High-Value Loyal Customers,Exclusive Membership & VIP Rewards
365,Cole Morales,eric82@walter.com,Blazer,1,1655,1655,2023-09-12,Autumn,3,572,1655.0,2,Lost Customers,Re-engagement Emails & Offers
366,Krista Williamson,amanda30@gmail.com,Tank Top,4,1370,5480,2024-08-10,Summer,0,239,1370.0,0,Low-Value Frequent Buyers,Discount Coupons & Loyalty Programs
367,Theresa Martinez,mckenzielawson@johnson.com,Umbrella,5,2657,13285,2024-07-12,Monsoon,4,268,2657.0,0,Low-Value Frequent Buyers,Discount Coupons & Loyalty Programs
368,Maurice Smith,gutierrezryan@yahoo.com,Sandals,1,1767,1767,2025-06-24,Summer,0,-79,1767.0,0,Low-Value Frequent Buyers,Discount Coupons & Loyalty Programs
369,Sheila Murphy,alexandrianewman@hogan.org,Blazer,1,2247,2247,2024-11-09,Autumn,3,148,2247.0,0,Low-Value Frequent Buyers,Discount Coupons & Loyalty Programs
370,Jennifer Fletcher,martinalyssa@chen.com,Boots,1,2244,2244,2023-02-14,Winter,1,782,2244.0,2,Lost Customers,Re-engagement Emails & Offers
371,Angela Welch,owensthomas@hotmail.com,Jacket,5,2653,13265,2023-02-09,Winter,1,787,2653.0,2,Lost Customers,Re-engagement Emails & Offers
372,Margaret Hernandez,sharon23@murray-berger.com,Boots,5,588,2940,2024-01-16,Winter,1,446,588.0,2,Lost Customers,Re-engagement Emails & Offers
373,Lisa Townsend,andrewnguyen@yahoo.com,Waterproof Shoes,1,2254,2254,2024-09-05,Monsoon,4,213,2254.0,0,Low-Value Frequent Buyers,Discount Coupons & Loyalty Programs
374,Ashley Sherman,ntyler@hotmail.com,T-Shirt,1,2398,2398,2024-04-02,Spring,2,369,2398.0,0,Low-Value Frequent Buyers,Discount Coupons & Loyalty Programs
375,Sabrina Anderson,benitezalexander@hotmail.com,Full-Sleeve Shirt,5,3172,15860,2024-09-23,Autumn,3,195,3172.0,1,High-Value Loyal Customers,Exclusive Membership & VIP Rewards
376,Jose Martinez,petersonandrew@clark-pope.com,Sneakers,3,2511,7533,2023-05-27,Spring,2,680,2511.0,2,Lost Customers,Re-engagement Emails & Offers
377,Ryan Thompson,piercedana@phillips-chapman.com,Jeans,2,3493,6986,2024-05-27,Spring,2,314,3493.0,1,High-Value Loyal Customers,Exclusive Membership & VIP Rewards
378,Evan Lopez,chavezeric@bennett.com,Cardigan,3,3961,11883,2024-11-02,Autumn,3,155,3961.0,1,High-Value Loyal Customers,Exclusive Membership & VIP Rewards
379,Elizabeth Graham,lesliespencer@yahoo.com,Sweater,1,2069,2069,2023-02-01,Winter,1,795,2069.0,2,Lost Customers,Re-engagement Emails & Offers
380,Alexandra Mcdowell,richardberger@yahoo.com,Light Jacket,4,3809,15236,2024-03-05,Spring,2,397,3809.0,1,High-Value Loyal Customers,Exclusive Membership & VIP Rewards
381,Tammy Miller,debra29@collins-edwards.com,Shorts,2,4835,9670,2024-06-18,Summer,0,292,4835.0,1,High-Value Loyal Customers,Exclusive Membership & VIP Rewards
382,Kim Thomas,cclark@gmail.com,Blazer,4,3305,13220,2024-11-10,Autumn,3,147,3305.0,1,High-Value Loyal Customers,Exclusive Membership & VIP Rewards
383,Robin Watson,cassandraweber@fernandez-hamilton.com,Shorts,4,3290,13160,2023-07-11,Summer,0,635,3290.0,3,Seasonal Buyers,Seasonal Promotions & Personalized Offers
384,Vanessa Rodriguez,robert81@hotmail.com,Jeans,2,1615,3230,2024-03-20,Spring,2,382,1615.0,0,Low-Value Frequent Buyers,Discount Coupons & Loyalty Programs
385,Madison Wells,davismatthew@hotmail.com,Jacket,3,1405,4215,2023-02-12,Winter,1,784,1405.0,2,Lost Customers,Re-engagement Emails & Offers
386,Javier Wise,chelsea75@gmail.com,Blazer,2,3997,7994,2023-11-08,Autumn,3,515,3997.0,3,Seasonal Buyers,Seasonal Promotions & Personalized Offers
387,Nancy Wright,stephen40@wright.com,Scarf,5,2290,11450,2023-02-01,Winter,1,795,2290.0,2,Lost Customers,Re-engagement Emails & Offers
388,Katherine Howard,ericbailey@hotmail.com,Sneakers,4,3088,12352,2024-05-27,Spring,2,314,3088.0,1,High-Value Loyal Customers,Exclusive Membership & VIP Rewards
389,Danielle Rodgers,reednicholas@yahoo.com,Full-Sleeve Shirt,3,1038,3114,2024-09-06,Autumn,3,212,1038.0,0,Low-Value Frequent Buyers,Discount Coupons & Loyalty Programs
390,Kathryn Thomas,anne86@gmail.com,Raincoat,5,1973,9865,2023-07-06,Monsoon,4,640,1973.0,2,Lost Customers,Re-engagement Emails & Offers
391,Heidi Campbell,marywilson@hotmail.com,Waterproof Shoes,3,1253,3759,2024-09-16,Monsoon,4,202,1253.0,0,Low-Value Frequent Buyers,Discount Coupons & Loyalty Programs
392,Ashley Young,granterica@payne-bowman.com,Boots,2,3912,7824,2024-01-26,Winter,1,436,3912.0,3,Seasonal Buyers,Seasonal Promotions & Personalized Offers
393,Thomas Taylor,langamy@gmail.com,Tank Top,5,2304,11520,2023-08-23,Summer,0,592,2304.0,2,Lost Customers,Re-engagement Emails & Offers
394,James Lane,leejessica@chavez-dawson.org,Shorts,2,2396,4792,2024-06-24,Summer,0,286,2396.0,0,Low-Value Frequent Buyers,Discount Coupons & Loyalty Programs
395,Kelly Garcia,michelle21@hotmail.com,Full-Sleeve Shirt,3,4880,14640,2024-09-17,Autumn,3,201,4880.0,1,High-Value Loyal Customers,Exclusive Membership & VIP Rewards
396,Jessica Wong,eric80@yahoo.com,Waterproof Shoes,5,2056,10280,2025-07-04,Monsoon,4,-89,2056.0,0,Low-Value Frequent Buyers,Discount Coupons & Loyalty Programs
397,Jason Fernandez,danieljordan@levine.com,Light Jacket,5,3050,15250,2024-05-02,Spring,2,339,3050.0,1,High-Value Loyal Customers,Exclusive Membership & VIP Rewards
398,Shirley Cook,luis25@hotmail.com,Raincoat,1,2967,2967,2023-07-13,Monsoon,4,633,2967.0,3,Seasonal Buyers,Seasonal Promotions & Personalized Offers
399,Lorraine Fisher,marilynmcgrath@rogers.com,Blazer,5,2367,11835,2024-11-25,Autumn,3,132,2367.0,0,Low-Value Frequent Buyers,Discount Coupons & Loyalty Programs
400,Shannon Griffin,avilacourtney@richard-melendez.info,Raincoat,5,2525,12625,2023-08-10,Monsoon,4,605,2525.0,2,Lost Customers,Re-engagement Emails & Offers
401,Holly Shaffer,danielroberts@taylor-jacobs.biz,Blazer,3,4271,12813,2023-09-10,Autumn,3,574,4271.0,3,Seasonal Buyers,Seasonal Promotions & Personalized Offers
402,Christopher Greene,lauren71@price.com,Shorts,2,3525,7050,2024-07-03,Summer,0,277,3525.0,1,High-Value Loyal Customers,Exclusive Membership & VIP Rewards
403,Eric Sharp,russellbrittany@harrington-castillo.org,Jeans,5,3229,16145,2024-05-14,Spring,2,327,3229.0,1,High-Value Loyal Customers,Exclusive Membership & VIP Rewards
404,Sara Shaw,tmathews@nelson.com,Jeans,2,2714,5428,2024-05-01,Spring,2,340,2714.0,0,Low-Value Frequent Buyers,Discount Coupons & Loyalty Programs
405,Adam Bullock,christianmitchell@wang-carney.com,Sweater,3,3624,10872,2024-02-10,Winter,1,421,3624.0,3,Seasonal Buyers,Seasonal Promotions & Personalized Offers
406,Joseph Fuller,grantkeller@hawkins.com,Waterproof Shoes,2,575,1150,2025-09-10,Monsoon,4,-157,575.0,0,Low-Value Frequent Buyers,Discount Coupons & Loyalty Programs
407,Joshua Gomez,ronald36@sweeney.com,Jeans,5,2857,14285,2024-04-28,Spring,2,343,2857.0,1,High-Value Loyal Customers,Exclusive Membership & VIP Rewards
408,Joel Villarreal Jr.,martinmarquez@martinez.com,Sweater,5,2540,12700,2023-12-10,Winter,1,483,2540.0,2,Lost Customers,Re-engagement Emails & Offers
409,Katherine Guzman,brycetran@banks.com,Sandals,4,2151,8604,2023-08-17,Summer,0,598,2151.0,2,Lost Customers,Re-engagement Emails & Offers
410,Kayla Smith,howard50@jenkins.com,Waterproof Shoes,3,1271,3813,2024-07-23,Monsoon,4,257,1271.0,0,Low-Value Frequent Buyers,Discount Coupons & Loyalty Programs
411,Jason Olsen,meganmartinez@yahoo.com,Shorts,4,4657,18628,2023-06-28,Summer,0,648,4657.0,3,Seasonal Buyers,Seasonal Promotions & Personalized Offers
412,Mathew Spence,morrisdaniel@yahoo.com,Full-Sleeve Shirt,3,4782,14346,2024-10-09,Autumn,3,179,4782.0,1,High-Value Loyal Customers,Exclusive Membership & VIP Rewards
413,Sandy Cannon,patriciahill@green-pope.com,Light Jacket,3,1040,3120,2023-05-14,Spring,2,693,1040.0,2,Lost Customers,Re-engagement Emails & Offers
414,David Crosby,wwhitehead@ramos-johnson.com,Umbrella,3,2528,7584,2024-06-23,Monsoon,4,287,2528.0,0,Low-Value Frequent Buyers,Discount Coupons & Loyalty Programs
415,Tracy Lewis,jbarker@hotmail.com,Full-Sleeve Shirt,3,2637,7911,2024-10-19,Autumn,3,169,2637.0,0,Low-Value Frequent Buyers,Discount Coupons & Loyalty Programs
416,Stephen Fleming,meredithjames@hotmail.com,Raincoat,1,529,529,2023-07-05,Monsoon,4,641,529.0,2,Lost Customers,Re-engagement Emails & Offers
417,Justin Lambert,rharris@phillips.biz,Waterproof Shoes,5,4740,23700,2024-09-01,Monsoon,4,217,4740.0,1,High-Value Loyal Customers,Exclusive Membership & VIP Rewards
418,Steven Edwards,rellison@hotmail.com,Boots,2,4716,9432,2024-02-20,Winter,1,411,4716.0,3,Seasonal Buyers,Seasonal Promotions & Personalized Offers
419,Jamie Gutierrez,donald67@gmail.com,Umbrella,3,908,2724,2024-06-28,Monsoon,4,282,908.0,0,Low-Value Frequent Buyers,Discount Coupons & Loyalty Programs
420,George Mcintyre,beckyklein@yahoo.com,Sneakers,1,2083,2083,2024-04-23,Spring,2,348,2083.0,0,Low-Value Frequent Buyers,Discount Coupons & Loyalty Programs
421,Shannon Chambers,beverly41@hotmail.com,Jacket,3,3266,9798,2023-02-20,Winter,1,776,3266.0,3,Seasonal Buyers,Seasonal Promotions & Personalized Offers
422,Nancy Hampton,jameshoover@robinson.com,Shorts,5,4861,24305,2023-07-19,Summer,0,627,4861.0,3,Seasonal Buyers,Seasonal Promotions & Personalized Offers
423,Danielle Greer,salazarkatherine@hotmail.com,Jeans,4,4180,16720,2023-03-28,Spring,2,740,4180.0,3,Seasonal Buyers,Seasonal Promotions & Personalized Offers
424,Cory Espinoza,perezann@ross-fletcher.com,Jeans,5,1393,6965,2023-05-01,Spring,2,706,1393.0,2,Lost Customers,Re-engagement Emails & Offers
425,Alice Alvarez,robertdavis@yahoo.com,Light Jacket,1,3887,3887,2024-03-24,Spring,2,378,3887.0,1,High-Value Loyal Customers,Exclusive Membership & VIP Rewards
426,Edwin Moore,emily84@gutierrez.info,Sandals,1,4530,4530,2024-06-22,Summer,0,288,4530.0,1,High-Value Loyal Customers,Exclusive Membership & VIP Rewards
427,Jesus Cruz,fwilliams@gmail.com,Umbrella,5,890,4450,2023-07-26,Monsoon,4,620,890.0,2,Lost Customers,Re-engagement Emails & Offers
428,Robert Christian,victor19@thomas-young.com,Light Jacket,3,4799,14397,2023-04-28,Spring,2,709,4799.0,3,Seasonal Buyers,Seasonal Promotions & Personalized Offers
429,Kenneth Quinn,martinalbert@hotmail.com,Cardigan,4,794,3176,2024-11-17,Autumn,3,140,794.0,0,Low-Value Frequent Buyers,Discount Coupons & Loyalty Programs
430,George Cox,jeremyrodriguez@hutchinson.com,Tank Top,3,4665,13995,2024-07-03,Summer,0,277,4665.0,1,High-Value Loyal Customers,Exclusive Membership & VIP Rewards
431,Michael Allen,hansonrobert@gardner.net,Boots,4,4701,18804,2023-02-10,Winter,1,786,4701.0,3,Seasonal Buyers,Seasonal Promotions & Personalized Offers
432,Vincent Lopez,stefanie74@james-martinez.com,Boots,3,4525,13575,2024-02-21,Winter,1,410,4525.0,3,Seasonal Buyers,Seasonal Promotions & Personalized Offers
433,Jill Burnett,palmerann@harris.net,Boots,5,2683,13415,2024-01-15,Winter,1,447,2683.0,2,Lost Customers,Re-engagement Emails & Offers
434,Jonathan Reese,avilaphillip@glenn.com,Umbrella,1,1204,1204,2024-09-27,Monsoon,4,191,1204.0,0,Low-Value Frequent Buyers,Discount Coupons & Loyalty Programs
435,Lori Reese,tmoore@yahoo.com,Sweater,4,3446,13784,2024-12-03,Winter,1,124,3446.0,1,High-Value Loyal Customers,Exclusive Membership & VIP Rewards
436,Colton Lyons,jefferyhampton@hotmail.com,Umbrella,5,3013,15065,2023-09-09,Monsoon,4,575,3013.0,3,Seasonal Buyers,Seasonal Promotions & Personalized Offers
437,Sarah Smith,rojasleslie@hotmail.com,Shorts,4,2460,9840,2024-07-12,Summer,0,268,2460.0,0,Low-Value Frequent Buyers,Discount Coupons & Loyalty Programs
438,Darrell Flowers,blee@hill.biz,Full-Sleeve Shirt,5,3807,19035,2023-11-12,Autumn,3,511,3807.0,3,Seasonal Buyers,Seasonal Promotions & Personalized Offers
439,Tara Wilcox,bdavis@gmail.com,T-Shirt,5,2359,11795,2024-03-01,Spring,2,401,2359.0,0,Low-Value Frequent Buyers,Discount Coupons & Loyalty Programs
440,Julie Thomas,russellterri@graves.com,Loafers,4,4394,17576,2024-09-24,Autumn,3,194,4394.0,1,High-Value Loyal Customers,Exclusive Membership & VIP Rewards
441,Allison Howard,austin39@bernard.com,T-Shirt,5,1059,5295,2024-04-15,Spring,2,356,1059.0,0,Low-Value Frequent Buyers,Discount Coupons & Loyalty Programs
442,Steven Sanders,millershannon@yahoo.com,T-Shirt,2,3573,7146,2025-05-25,Spring,2,-49,3573.0,1,High-Value Loyal Customers,Exclusive Membership & VIP Rewards
443,William West,katiepotter@myers-lee.net,Light Jacket,3,904,2712,2023-05-17,Spring,2,690,904.0,2,Lost Customers,Re-engagement Emails & Offers
444,Dennis Hall,rachaelbaker@gmail.com,Cardigan,4,4166,16664,2024-11-18,Autumn,3,139,4166.0,1,High-Value Loyal Customers,Exclusive Membership & VIP Rewards
445,Kristin Campbell,rachelking@hotmail.com,Raincoat,1,3564,3564,2023-08-19,Monsoon,4,596,3564.0,3,Seasonal Buyers,Seasonal Promotions & Personalized Offers
446,Claudia Coleman,wanderson@hotmail.com,Sneakers,4,2494,9976,2024-03-12,Spring,2,390,2494.0,0,Low-Value Frequent Buyers,Discount Coupons & Loyalty Programs
447,Steven Clayton,victor49@melton.net,Raincoat,2,4382,8764,2024-08-14,Monsoon,4,235,4382.0,1,High-Value Loyal Customers,Exclusive Membership & VIP Rewards
448,George Perez,jameshayes@gmail.com,Raincoat,4,2625,10500,2023-06-26,Monsoon,4,650,2625.0,2,Lost Customers,Re-engagement Emails & Offers
449,Alexis Reed,rhonda87@gmail.com,Cardigan,2,962,1924,2024-11-18,Autumn,3,139,962.0,0,Low-Value Frequent Buyers,Discount Coupons & Loyalty Programs
450,John Castaneda,kevin20@gonzales-guerra.com,Cardigan,4,3984,15936,2024-11-11,Autumn,3,146,3984.0,1,High-Value Loyal Customers,Exclusive Membership & VIP Rewards
451,Jason Reyes,michael53@smith-taylor.info,Sandals,3,669,2007,2024-08-04,Summer,0,245,669.0,0,Low-Value Frequent Buyers,Discount Coupons & Loyalty Programs
452,Catherine West,danielleknox@gmail.com,Blazer,2,4323,8646,2024-10-13,Autumn,3,175,4323.0,1,High-Value Loyal Customers,Exclusive Membership & VIP Rewards
453,Jessica Smith,caitlyn84@garza.info,Scarf,1,1316,1316,2023-12-08,Winter,1,485,1316.0,2,Lost Customers,Re-engagement Emails & Offers
454,Kathleen French,annphillips@wilson.net,Jacket,3,4629,13887,2023-02-28,Winter,1,768,4629.0,3,Seasonal Buyers,Seasonal Promotions & Personalized Offers
455,Ryan Sherman,danielcharles@gmail.com,Sweater,5,889,4445,2023-02-28,Winter,1,768,889.0,2,Lost Customers,Re-engagement Emails & Offers
456,Jeffery Morrison,xmerritt@yahoo.com,Jeans,5,1420,7100,2023-03-22,Spring,2,746,1420.0,2,Lost Customers,Re-engagement Emails & Offers
457,Christina Curry,radams@yahoo.com,Full-Sleeve Shirt,5,3618,18090,2024-11-18,Autumn,3,139,3618.0,1,High-Value Loyal Customers,Exclusive Membership & VIP Rewards
458,Teresa Cook,adamsalejandro@short.com,Full-Sleeve Shirt,5,4729,23645,2023-09-17,Autumn,3,567,4729.0,3,Seasonal Buyers,Seasonal Promotions & Personalized Offers
459,Zachary Smith,ricky48@yahoo.com,Sandals,2,3498,6996,2025-08-02,Summer,0,-118,3498.0,1,High-Value Loyal Customers,Exclusive Membership & VIP Rewards
460,Nicole Wallace,andradejoshua@gmail.com,Tank Top,2,778,1556,2023-08-05,Summer,0,610,778.0,2,Lost Customers,Re-engagement Emails & Offers
461,Joshua Walton,danabrown@brown.com,Scarf,3,3860,11580,2023-12-17,Winter,1,476,3860.0,3,Seasonal Buyers,Seasonal Promotions & Personalized Offers
462,Edward Burns,frank58@smith.net,Jacket,5,4480,22400,2023-12-12,Winter,1,481,4480.0,3,Seasonal Buyers,Seasonal Promotions & Personalized Offers
463,Michael Kim,theresalane@hotmail.com,T-Shirt,2,4385,8770,2023-05-09,Spring,2,698,4385.0,3,Seasonal Buyers,Seasonal Promotions & Personalized Offers
464,Jason Perez,alexander60@gmail.com,Shorts,2,2187,4374,2025-08-25,Summer,0,-141,2187.0,0,Low-Value Frequent Buyers,Discount Coupons & Loyalty Programs
465,Cynthia Roth,william45@stone.com,Raincoat,4,2802,11208,2024-07-24,Monsoon,4,256,2802.0,1,High-Value Loyal Customers,Exclusive Membership & VIP Rewards
466,Jasmine Thomas,qburns@gmail.com,Umbrella,2,4004,8008,2024-08-26,Monsoon,4,223,4004.0,1,High-Value Loyal Customers,Exclusive Membership & VIP Rewards
467,Aaron Andrews,allenzachary@gmail.com,Sunglasses,1,1799,1799,2023-06-02,Summer,0,674,1799.0,2,Lost Customers,Re-engagement Emails & Offers
468,Drew Smith,kenneth09@gmail.com,Raincoat,4,2852,11408,2025-06-28,Monsoon,4,-83,2852.0,1,High-Value Loyal Customers,Exclusive Membership & VIP Rewards
469,Nicholas Kaufman,rhodesdawn@gmail.com,Sunglasses,5,3919,19595,2024-08-23,Summer,0,226,3919.0,1,High-Value Loyal Customers,Exclusive Membership & VIP Rewards
470,Amy Rogers,annesimmons@gmail.com,Full-Sleeve Shirt,3,3429,10287,2023-10-23,Autumn,3,531,3429.0,3,Seasonal Buyers,Seasonal Promotions & Personalized Offers
471,Philip Baker,riverajoseph@gray.info,Raincoat,1,4181,4181,2024-06-24,Monsoon,4,286,4181.0,1,High-Value Loyal Customers,Exclusive Membership & VIP Rewards
472,Corey Hernandez,john29@wilson.net,Umbrella,3,1752,5256,2023-06-15,Monsoon,4,661,1752.0,2,Lost Customers,Re-engagement Emails & Offers
473,Michael Mcbride,rachelwang@anderson.info,Scarf,3,4395,13185,2023-12-03,Winter,1,490,4395.0,3,Seasonal Buyers,Seasonal Promotions & Personalized Offers
474,Lindsay Alexander,mikejohnson@joseph.com,Sweater,5,4091,20455,2024-02-19,Winter,1,412,4091.0,3,Seasonal Buyers,Seasonal Promotions & Personalized Offers
475,Tony Mullins,maxjefferson@hotmail.com,Boots,2,1150,2300,2023-02-09,Winter,1,787,1150.0,2,Lost Customers,Re-engagement Emails & Offers
476,Samantha Rodriguez,leslie09@gmail.com,Blazer,4,4407,17628,2023-11-12,Autumn,3,511,4407.0,3,Seasonal Buyers,Seasonal Promotions & Personalized Offers
477,Janet Smith,fcohen@gmail.com,Jacket,2,4921,9842,2023-12-06,Winter,1,487,4921.0,3,Seasonal Buyers,Seasonal Promotions & Personalized Offers
478,Katie Brennan,velasquezmichael@yahoo.com,Waterproof Shoes,2,3753,7506,2025-06-02,Monsoon,4,-57,3753.0,1,High-Value Loyal Customers,Exclusive Membership & VIP Rewards
479,Gina Smith,thomas36@yahoo.com,Sandals,3,4404,13212,2023-08-16,Summer,0,599,4404.0,3,Seasonal Buyers,Seasonal Promotions & Personalized Offers
480,Bradley Thompson,dorothy62@gmail.com,Umbrella,4,3807,15228,2023-07-23,Monsoon,4,623,3807.0,3,Seasonal Buyers,Seasonal Promotions & Personalized Offers
481,Jared Long,kristin63@strong.org,Full-Sleeve Shirt,4,3815,15260,2024-09-25,Autumn,3,193,3815.0,1,High-Value Loyal Customers,Exclusive Membership & VIP Rewards
482,Cynthia Beasley,mholt@roberson-jones.com,Scarf,5,1810,9050,2024-02-03,Winter,1,428,1810.0,2,Lost Customers,Re-engagement Emails & Offers
483,William Bowen,sandersmichael@holloway-jennings.biz,Sweater,1,4366,4366,2023-01-28,Winter,1,799,4366.0,3,Seasonal Buyers,Seasonal Promotions & Personalized Offers
484,Dr. Donald Carr DDS,andrewsmegan@gmail.com,Raincoat,4,1185,4740,2024-07-11,Monsoon,4,269,1185.0,0,Low-Value Frequent Buyers,Discount Coupons & Loyalty Programs
485,Zachary Richardson,mario43@hotmail.com,T-Shirt,4,3654,14616,2023-03-08,Spring,2,760,3654.0,3,Seasonal Buyers,Seasonal Promotions & Personalized Offers
486,Mary Evans,toddvictoria@yahoo.com,Light Jacket,2,1353,2706,2025-03-01,Spring,2,36,1353.0,0,Low-Value Frequent Buyers,Discount Coupons & Loyalty Programs
487,Lisa Reid,samuelmontes@yahoo.com,Sweater,4,4657,18628,2024-01-09,Winter,1,453,4657.0,3,Seasonal Buyers,Seasonal Promotions & Personalized Offers
488,Tammie Lyons,robertslinda@yahoo.com,Jeans,2,2060,4120,2024-03-06,Spring,2,396,2060.0,0,Low-Value Frequent Buyers,Discount Coupons & Loyalty Programs
489,Jason Patel,wlewis@glenn-lawson.com,Umbrella,4,4350,17400,2024-07-13,Monsoon,4,267,4350.0,1,High-Value Loyal Customers,Exclusive Membership & VIP Rewards
490,Stephen Abbott,jose97@hotmail.com,Umbrella,3,1697,5091,2024-09-15,Monsoon,4,203,1697.0,0,Low-Value Frequent Buyers,Discount Coupons & Loyalty Programs
491,John Garcia,vjames@bryant.com,Sandals,3,546,1638,2024-07-28,Summer,0,252,546.0,0,Low-Value Frequent Buyers,Discount Coupons & Loyalty Programs
492,Jane Clarke,carrjoel@garcia-thompson.com,Sneakers,3,2821,8463,2023-03-07,Spring,2,761,2821.0,2,Lost Customers,Re-engagement Emails & Offers
493,Jasmine Sanchez,ayalakaren@hill.org,Scarf,5,4970,24850,2024-12-18,Winter,1,109,4970.0,1,High-Value Loyal Customers,Exclusive Membership & VIP Rewards
494,Nicholas Hess,kerryabbott@gmail.com,Umbrella,5,3162,15810,2024-06-22,Monsoon,4,288,3162.0,1,High-Value Loyal Customers,Exclusive Membership & VIP Rewards
495,Cynthia Bender,robert55@mata-green.biz,Jeans,3,1147,3441,2024-04-06,Spring,2,365,1147.0,0,Low-Value Frequent Buyers,Discount Coupons & Loyalty Programs
496,Heather Williams,billydavis@adams-scott.info,Umbrella,1,710,710,2024-09-02,Monsoon,4,216,710.0,0,Low-Value Frequent Buyers,Discount Coupons & Loyalty Programs
497,Paul Mckinney,megan29@morales.biz,Umbrella,3,3927,11781,2023-09-06,Monsoon,4,578,3927.0,3,Seasonal Buyers,Seasonal Promotions & Personalized Offers
498,Brandon Ramirez,courtneygibson@lopez.net,Blazer,3,3892,11676,2024-10-03,Autumn,3,185,3892.0,1,High-Value Loyal Customers,Exclusive Membership & VIP Rewards
499,Amanda Garcia,veronicagarrison@gmail.com,Jeans,1,2040,2040,2023-03-11,Spring,2,757,2040.0,2,Lost Customers,Re-engagement Emails & Offers
500,Thomas Miller,cynthia88@hotmail.com,Light Jacket,5,1574,7870,2023-03-14,Spring,2,754,1574.0,2,Lost Customers,Re-engagement Emails & Offers
501,Adam Gallegos,williamkelley@gmail.com,Boots,4,3579,14316,2024-01-05,Winter,1,457,3579.0,3,Seasonal Buyers,Seasonal Promotions & Personalized Offers
502,Drew Charles,richardtate@hotmail.com,T-Shirt,3,1541,4623,2024-05-03,Spring,2,338,1541.0,0,Low-Value Frequent Buyers,Discount Coupons & Loyalty Programs
503,Melissa Williams,turnerandrea@yahoo.com,T-Shirt,3,4994,14982,2023-05-23,Spring,2,684,4994.0,3,Seasonal Buyers,Seasonal Promotions & Personalized Offers
504,Richard Fields,graydavid@blair-jennings.info,Light Jacket,4,3025,12100,2024-03-13,Spring,2,389,3025.0,1,High-Value Loyal Customers,Exclusive Membership & VIP Rewards
505,Hunter Sims,andersonkaren@jones-howell.org,T-Shirt,2,3430,6860,2023-04-21,Spring,2,716,3430.0,3,Seasonal Buyers,Seasonal Promotions & Personalized Offers
506,Timothy Long,tracy92@wilson.info,Sneakers,2,2407,4814,2023-03-04,Spring,2,764,2407.0,2,Lost Customers,Re-engagement Emails & Offers
507,Paul Smith,rebecca66@sullivan-dean.com,Light Jacket,4,4662,18648,2023-04-19,Spring,2,718,4662.0,3,Seasonal Buyers,Seasonal Promotions & Personalized Offers
508,Richard Wright,baileynicholas@weiss.info,Sandals,4,813,3252,2023-07-21,Summer,0,625,813.0,2,Lost Customers,Re-engagement Emails & Offers
509,Rebecca Smith,veronicastewart@hotmail.com,Sunglasses,5,3086,15430,2023-08-12,Summer,0,603,3086.0,3,Seasonal Buyers,Seasonal Promotions & Personalized Offers
510,Benjamin Price,brichards@hotmail.com,Sweater,3,3973,11919,2024-12-07,Winter,1,120,3973.0,1,High-Value Loyal Customers,Exclusive Membership & VIP Rewards
511,Trevor Brooks,andrewlindsey@yahoo.com,Shorts,3,1652,4956,2024-07-28,Summer,0,252,1652.0,0,Low-Value Frequent Buyers,Discount Coupons & Loyalty Programs
512,Manuel Henderson,carrjulia@yahoo.com,Light Jacket,5,4807,24035,2023-05-28,Spring,2,679,4807.0,3,Seasonal Buyers,Seasonal Promotions & Personalized Offers
513,John Taylor,denisereilly@rosario.info,Blazer,5,3593,17965,2023-10-25,Autumn,3,529,3593.0,3,Seasonal Buyers,Seasonal Promotions & Personalized Offers
514,Cynthia Young,josephwaters@davis.com,Light Jacket,5,4588,22940,2024-05-25,Spring,2,316,4588.0,1,High-Value Loyal Customers,Exclusive Membership & VIP Rewards
515,Wyatt Mccoy,lesterkevin@yahoo.com,T-Shirt,1,3964,3964,2023-04-09,Spring,2,728,3964.0,3,Seasonal Buyers,Seasonal Promotions & Personalized Offers
516,Amy Jones,anthonystevens@yahoo.com,Boots,4,4636,18544,2024-12-07,Winter,1,120,4636.0,1,High-Value Loyal Customers,Exclusive Membership & VIP Rewards
517,Michael Snyder,lorimiller@smith-adams.com,Sandals,2,1038,2076,2024-06-22,Summer,0,288,1038.0,0,Low-Value Frequent Buyers,Discount Coupons & Loyalty Programs
518,Justin Frank,bradleybarrera@bray.info,Boots,3,1792,5376,2024-02-13,Winter,1,418,1792.0,0,Low-Value Frequent Buyers,Discount Coupons & Loyalty Programs
519,Martin Green MD,victoriamckee@yahoo.com,Jacket,5,1474,7370,2023-01-01,Winter,1,826,1474.0,2,Lost Customers,Re-engagement Emails & Offers
520,Julia Carter,upage@yahoo.com,Cardigan,2,2350,4700,2024-09-23,Autumn,3,195,2350.0,0,Low-Value Frequent Buyers,Discount Coupons & Loyalty Programs
521,Mario Lewis,allison50@gmail.com,Jeans,1,1394,1394,2023-04-28,Spring,2,709,1394.0,2,Lost Customers,Re-engagement Emails & Offers
522,Holly Thompson,xbaldwin@gmail.com,Loafers,2,1235,2470,2023-09-22,Autumn,3,562,1235.0,2,Lost Customers,Re-engagement Emails & Offers
523,Rose Martinez,jsims@mason-smith.com,T-Shirt,4,1078,4312,2023-05-01,Spring,2,706,1078.0,2,Lost Customers,Re-engagement Emails & Offers
524,Michael Thompson,haysjoseph@coleman.info,Jeans,4,1559,6236,2023-03-05,Spring,2,763,1559.0,2,Lost Customers,Re-engagement Emails & Offers
525,Chad Cox,susanmiller@higgins.com,Jacket,2,893,1786,2023-12-03,Winter,1,490,893.0,2,Lost Customers,Re-engagement Emails & Offers
526,James Henry,francesstone@johnson.com,Sweater,4,2107,8428,2025-12-11,Winter,1,-249,2107.0,0,Low-Value Frequent Buyers,Discount Coupons & Loyalty Programs
527,Courtney Peterson,andreawilliams@robles.com,Waterproof Shoes,1,1019,1019,2023-08-22,Monsoon,4,593,1019.0,2,Lost Customers,Re-engagement Emails & Offers
528,Michele Lamb PhD,richard67@yahoo.com,Scarf,5,4976,24880,2024-01-21,Winter,1,441,4976.0,3,Seasonal Buyers,Seasonal Promotions & Personalized Offers
529,Jennifer Carpenter,brandonjackson@miller.info,Waterproof Shoes,4,2817,11268,2024-07-18,Monsoon,4,262,2817.0,1,High-Value Loyal Customers,Exclusive Membership & VIP Rewards
530,Heidi Yang,stacycampbell@garza.com,Full-Sleeve Shirt,4,544,2176,2024-09-28,Autumn,3,190,544.0,0,Low-Value Frequent Buyers,Discount Coupons & Loyalty Programs
531,Eric Lopez,vjordan@gmail.com,Jeans,5,3951,19755,2024-04-28,Spring,2,343,3951.0,1,High-Value Loyal Customers,Exclusive Membership & VIP Rewards
532,Shari Anderson,jasmine23@gmail.com,Boots,2,4507,9014,2024-02-27,Winter,1,404,4507.0,1,High-Value Loyal Customers,Exclusive Membership & VIP Rewards
533,Tyler Sheppard,jenniferho@morris.info,Sweater,3,3872,11616,2023-12-16,Winter,1,477,3872.0,3,Seasonal Buyers,Seasonal Promotions & Personalized Offers
534,Courtney Saunders,mcbrideelizabeth@yahoo.com,Cardigan,5,3603,18015,2023-09-16,Autumn,3,568,3603.0,3,Seasonal Buyers,Seasonal Promotions & Personalized Offers
535,Charles Potts,bhill@hotmail.com,Sneakers,5,1176,5880,2024-04-18,Spring,2,353,1176.0,0,Low-Value Frequent Buyers,Discount Coupons & Loyalty Programs
536,Samantha Franklin,xwhitehead@gmail.com,Umbrella,3,2405,7215,2023-06-03,Monsoon,4,673,2405.0,2,Lost Customers,Re-engagement Emails & Offers
537,Paul Nolan,uharper@reynolds.com,Cardigan,5,3925,19625,2023-09-05,Autumn,3,579,3925.0,3,Seasonal Buyers,Seasonal Promotions & Personalized Offers
538,Jason Rivera,matthewbradshaw@roth-perry.info,Shorts,3,1220,3660,2024-06-08,Summer,0,302,1220.0,0,Low-Value Frequent Buyers,Discount Coupons & Loyalty Programs
539,David Morgan,lunajoseph@gmail.com,Sandals,3,1083,3249,2024-06-02,Summer,0,308,1083.0,0,Low-Value Frequent Buyers,Discount Coupons & Loyalty Programs
540,John Massey,gabriellejordan@johnson-johnson.com,Full-Sleeve Shirt,2,3531,7062,2024-09-17,Autumn,3,201,3531.0,1,High-Value Loyal Customers,Exclusive Membership & VIP Rewards
541,Steven Clarke,lisaburke@shepherd.info,T-Shirt,1,1565,1565,2024-05-15,Spring,2,326,1565.0,0,Low-Value Frequent Buyers,Discount Coupons & Loyalty Programs
542,Rachel Lee,amberterrell@hotmail.com,Sweater,4,2880,11520,2023-01-03,Winter,1,824,2880.0,3,Seasonal Buyers,Seasonal Promotions & Personalized Offers
543,Victoria Gibson,oking@king-hardy.biz,Umbrella,4,947,3788,2024-06-05,Monsoon,4,305,947.0,0,Low-Value Frequent Buyers,Discount Coupons & Loyalty Programs
544,Caleb Miller,cynthiahernandez@christensen.org,Jeans,1,3864,3864,2023-03-05,Spring,2,763,3864.0,3,Seasonal Buyers,Seasonal Promotions & Personalized Offers
545,Kenneth Barrett,jjones@arnold.com,Umbrella,5,2482,12410,2023-08-28,Monsoon,4,587,2482.0,2,Lost Customers,Re-engagement Emails & Offers
546,Samantha Carrillo,pittsmark@jones-wells.org,Loafers,3,1730,5190,2024-11-27,Autumn,3,130,1730.0,0,Low-Value Frequent Buyers,Discount Coupons & Loyalty Programs
547,Brandy Mahoney,keyregina@moss-garcia.net,Jacket,4,3919,15676,2024-12-16,Winter,1,111,3919.0,1,High-Value Loyal Customers,Exclusive Membership & VIP Rewards
548,Brittany Wu,garysparks@gmail.com,Cardigan,2,1943,3886,2024-11-28,Autumn,3,129,1943.0,0,Low-Value Frequent Buyers,Discount Coupons & Loyalty Programs
549,Melanie Wilson,sonya16@hotmail.com,Tank Top,5,697,3485,2023-06-13,Summer,0,663,697.0,2,Lost Customers,Re-engagement Emails & Offers
550,George Bass,alexandrabaker@gmail.com,Boots,2,1355,2710,2023-02-23,Winter,1,773,1355.0,2,Lost Customers,Re-engagement Emails & Offers
551,Maria Stevenson,davidturner@morris.info,Light Jacket,1,3942,3942,2023-04-13,Spring,2,724,3942.0,3,Seasonal Buyers,Seasonal Promotions & Personalized Offers
552,Cole Moore,michele21@young-patel.com,Raincoat,5,3368,16840,2023-09-17,Monsoon,4,567,3368.0,3,Seasonal Buyers,Seasonal Promotions & Personalized Offers
553,Caroline Kidd,rhondasmith@hotmail.com,Jeans,5,1775,8875,2024-04-26,Spring,2,345,1775.0,0,Low-Value Frequent Buyers,Discount Coupons & Loyalty Programs
554,Christine Lozano,matthewbrown@glenn.com,Raincoat,3,4109,12327,2024-07-24,Monsoon,4,256,4109.0,1,High-Value Loyal Customers,Exclusive Membership & VIP Rewards
555,Brett Hall,stephensmith@barker.com,Scarf,5,2545,12725,2024-02-02,Winter,1,429,2545.0,2,Lost Customers,Re-engagement Emails & Offers
556,Dana Melendez,bbyrd@lee-patel.com,Jeans,4,2478,9912,2024-04-02,Spring,2,369,2478.0,0,Low-Value Frequent Buyers,Discount Coupons & Loyalty Programs
557,Anna Hill,rachelparker@hotmail.com,Umbrella,2,4068,8136,2024-07-23,Monsoon,4,257,4068.0,1,High-Value Loyal Customers,Exclusive Membership & VIP Rewards
558,Mark Moore,xgraham@gmail.com,Light Jacket,4,3307,13228,2023-04-13,Spring,2,724,3307.0,3,Seasonal Buyers,Seasonal Promotions & Personalized Offers
559,Dawn Jackson,martinezcharles@gmail.com,Waterproof Shoes,1,1586,1586,2024-09-15,Monsoon,4,203,1586.0,0,Low-Value Frequent Buyers,Discount Coupons & Loyalty Programs
560,Joseph King,wesley05@hotmail.com,Raincoat,3,4774,14322,2024-06-15,Monsoon,4,295,4774.0,1,High-Value Loyal Customers,Exclusive Membership & VIP Rewards
561,Brandy Gonzales,lauradelacruz@hotmail.com,Loafers,2,4548,9096,2024-11-21,Autumn,3,136,4548.0,1,High-Value Loyal Customers,Exclusive Membership & VIP Rewards
562,Jessica Taylor DVM,watsonjohn@hotmail.com,Waterproof Shoes,3,2740,8220,2024-09-20,Monsoon,4,198,2740.0,1,High-Value Loyal Customers,Exclusive Membership & VIP Rewards
563,Steven Perry,smithjennifer@hotmail.com,Cardigan,3,3831,11493,2024-11-02,Autumn,3,155,3831.0,1,High-Value Loyal Customers,Exclusive Membership & VIP Rewards
564,Megan Grant,pprice@floyd.com,Umbrella,5,1628,8140,2023-08-12,Monsoon,4,603,1628.0,2,Lost Customers,Re-engagement Emails & Offers
565,Tiffany Marshall,murphychad@doyle-rice.biz,Raincoat,5,4320,21600,2023-08-28,Monsoon,4,587,4320.0,3,Seasonal Buyers,Seasonal Promotions & Personalized Offers
566,Marvin Lucero,lrodgers@hotmail.com,Light Jacket,2,2937,5874,2023-04-18,Spring,2,719,2937.0,3,Seasonal Buyers,Seasonal Promotions & Personalized Offers
567,Lauren Floyd,pcoleman@gmail.com,Jacket,1,1954,1954,2023-12-01,Winter,1,492,1954.0,2,Lost Customers,Re-engagement Emails & Offers
568,Anthony Lopez,youngdawn@hotmail.com,Cardigan,1,4972,4972,2023-11-28,Autumn,3,495,4972.0,3,Seasonal Buyers,Seasonal Promotions & Personalized Offers
569,Lisa Shaw,rle@gmail.com,Cardigan,2,3253,6506,2024-10-03,Autumn,3,185,3253.0,1,High-Value Loyal Customers,Exclusive Membership & VIP Rewards
570,Janet Kelly,charles80@meyer.com,Light Jacket,4,1826,7304,2024-05-28,Spring,2,313,1826.0,0,Low-Value Frequent Buyers,Discount Coupons & Loyalty Programs
571,Debbie Schwartz,opowell@blake.net,Cardigan,3,3106,9318,2024-10-24,Autumn,3,164,3106.0,1,High-Value Loyal Customers,Exclusive Membership & VIP Rewards
572,Clayton Ingram,jcummings@mayer.com,Raincoat,3,774,2322,2023-06-28,Monsoon,4,648,774.0,2,Lost Customers,Re-engagement Emails & Offers
573,Rhonda Walker,donnareynolds@yahoo.com,Sneakers,4,3958,15832,2023-03-26,Spring,2,742,3958.0,3,Seasonal Buyers,Seasonal Promotions & Personalized Offers
574,Kimberly Guzman,wmckenzie@hotmail.com,Waterproof Shoes,5,823,4115,2024-06-04,Monsoon,4,306,823.0,0,Low-Value Frequent Buyers,Discount Coupons & Loyalty Programs
575,Amanda Johnson,melinda75@hotmail.com,Boots,4,2830,11320,2023-12-25,Winter,1,468,2830.0,3,Seasonal Buyers,Seasonal Promotions & Personalized Offers
576,Nichole Hoover,newmanjorge@murphy.info,Shorts,4,761,3044,2023-08-28,Summer,0,587,761.0,2,Lost Customers,Re-engagement Emails & Offers
577,Dawn Michael,dchavez@yahoo.com,Jeans,4,1313,5252,2023-03-18,Spring,2,750,1313.0,2,Lost Customers,Re-engagement Emails & Offers
578,Anna Williams,tsmall@wood.biz,Sunglasses,3,1260,3780,2024-06-02,Summer,0,308,1260.0,0,Low-Value Frequent Buyers,Discount Coupons & Loyalty Programs
579,Derek Gillespie,anthonymartin@hotmail.com,Jeans,4,1477,5908,2023-05-01,Spring,2,706,1477.0,2,Lost Customers,Re-engagement Emails & Offers
580,Jean Taylor,webbdeborah@lin-mitchell.info,Loafers,2,1883,3766,2023-10-11,Autumn,3,543,1883.0,2,Lost Customers,Re-engagement Emails & Offers
581,Bryce Hartman,paulmedina@young.info,Umbrella,2,4968,9936,2023-09-26,Monsoon,4,558,4968.0,3,Seasonal Buyers,Seasonal Promotions & Personalized Offers
582,Eric Morales,pdunn@yahoo.com,Sweater,2,3191,6382,2024-01-17,Winter,1,445,3191.0,3,Seasonal Buyers,Seasonal Promotions & Personalized Offers
583,Cheyenne Jones,jason51@harris-lee.com,Umbrella,5,2125,10625,2023-06-08,Monsoon,4,668,2125.0,2,Lost Customers,Re-engagement Emails & Offers
584,Gabriel Garrett,lopezkimberly@hotmail.com,T-Shirt,1,3454,3454,2023-05-16,Spring,2,691,3454.0,3,Seasonal Buyers,Seasonal Promotions & Personalized Offers
585,Ashley Moreno,richard79@gutierrez.com,Sweater,5,3166,15830,2025-12-06,Winter,1,-244,3166.0,1,High-Value Loyal Customers,Exclusive Membership & VIP Rewards
586,James Quinn,andreaporter@rogers.biz,Raincoat,4,2438,9752,2024-07-02,Monsoon,4,278,2438.0,0,Low-Value Frequent Buyers,Discount Coupons & Loyalty Programs
587,Tanya Sanchez,teresa20@kemp-wilson.biz,T-Shirt,1,3740,3740,2024-03-13,Spring,2,389,3740.0,1,High-Value Loyal Customers,Exclusive Membership & VIP Rewards
588,Timothy Lewis,qhernandez@hotmail.com,Boots,4,4516,18064,2024-12-15,Winter,1,112,4516.0,1,High-Value Loyal Customers,Exclusive Membership & VIP Rewards
589,Vincent Mcintyre,wmorales@gmail.com,T-Shirt,3,4765,14295,2024-05-20,Spring,2,321,4765.0,1,High-Value Loyal Customers,Exclusive Membership & VIP Rewards
590,Richard Ramos,michael78@hotmail.com,Cardigan,5,3176,15880,2024-11-27,Autumn,3,130,3176.0,1,High-Value Loyal Customers,Exclusive Membership & VIP Rewards
591,Michael Mendez,bmoyer@hotmail.com,Sneakers,2,2465,4930,2024-04-05,Spring,2,366,2465.0,0,Low-Value Frequent Buyers,Discount Coupons & Loyalty Programs
592,Diane Powell,isaactucker@mcgee-english.info,Waterproof Shoes,5,3681,18405,2023-09-05,Monsoon,4,579,3681.0,3,Seasonal Buyers,Seasonal Promotions & Personalized Offers
593,Karen Anderson,christieguzman@yahoo.com,Full-Sleeve Shirt,1,2010,2010,2023-11-11,Autumn,3,512,2010.0,2,Lost Customers,Re-engagement Emails & Offers
594,Brittney Spears,rlloyd@yahoo.com,Sweater,1,716,716,2023-02-20,Winter,1,776,716.0,2,Lost Customers,Re-engagement Emails & Offers
595,William Perry,evelynjackson@yahoo.com,Sunglasses,3,2242,6726,2023-06-13,Summer,0,663,2242.0,2,Lost Customers,Re-engagement Emails & Offers
596,Alexandria Payne,ericmontgomery@valencia-fitzpatrick.com,Cardigan,1,2765,2765,2024-10-22,Autumn,3,166,2765.0,1,High-Value Loyal Customers,Exclusive Membership & VIP Rewards
597,Eric Hill,cmartin@mcmahon.com,Umbrella,5,1195,5975,2024-07-13,Monsoon,4,267,1195.0,0,Low-Value Frequent Buyers,Discount Coupons & Loyalty Programs
598,Dana Wise,bryan92@gmail.com,Sandals,3,2938,8814,2023-07-14,Summer,0,632,2938.0,3,Seasonal Buyers,Seasonal Promotions & Personalized Offers
599,Tonya Figueroa,plopez@gmail.com,Jacket,5,2179,10895,2023-12-27,Winter,1,466,2179.0,2,Lost Customers,Re-engagement Emails & Offers
600,Jeffrey Shelton,hendersonstephanie@williams.info,Waterproof Shoes,4,4099,16396,2024-07-28,Monsoon,4,252,4099.0,1,High-Value Loyal Customers,Exclusive Membership & VIP Rewards
601,Kyle Lozano,holtanna@gmail.com,Raincoat,2,2245,4490,2024-06-16,Monsoon,4,294,2245.0,0,Low-Value Frequent Buyers,Discount Coupons & Loyalty Programs
602,Douglas Wang,daniel53@hunter.com,T-Shirt,3,1484,4452,2023-05-25,Spring,2,682,1484.0,2,Lost Customers,Re-engagement Emails & Offers
603,Priscilla Smith,marklewis@yahoo.com,Raincoat,5,653,3265,2023-06-14,Monsoon,4,662,653.0,2,Lost Customers,Re-engagement Emails & Offers
604,Brandon Hamilton,greeves@richardson.biz,Sunglasses,3,4796,14388,2023-07-26,Summer,0,620,4796.0,3,Seasonal Buyers,Seasonal Promotions & Personalized Offers
605,Adrienne Hayes,cmartin@yahoo.com,Sneakers,3,4880,14640,2024-04-19,Spring,2,352,4880.0,1,High-Value Loyal Customers,Exclusive Membership & VIP Rewards
606,Justin Jensen,woodsangela@shannon.com,Umbrella,5,4884,24420,2024-09-14,Monsoon,4,204,4884.0,1,High-Value Loyal Customers,Exclusive Membership & VIP Rewards
607,John Garcia,hlee@johnson.org,Sunglasses,1,2558,2558,2023-07-11,Summer,0,635,2558.0,2,Lost Customers,Re-engagement Emails & Offers
608,Allison Gardner,kristen65@gmail.com,Sandals,3,4725,14175,2025-06-28,Summer,0,-83,4725.0,1,High-Value Loyal Customers,Exclusive Membership & VIP Rewards
609,Cristina Powers,johntorres@hotmail.com,Blazer,5,4371,21855,2024-11-22,Autumn,3,135,4371.0,1,High-Value Loyal Customers,Exclusive Membership & VIP Rewards
610,Katie Johnson,qlester@shaffer-williams.info,Jacket,3,1152,3456,2024-12-28,Winter,1,99,1152.0,0,Low-Value Frequent Buyers,Discount Coupons & Loyalty Programs
611,Kathryn Owen,daisy96@gmail.com,Loafers,4,1173,4692,2023-11-20,Autumn,3,503,1173.0,2,Lost Customers,Re-engagement Emails & Offers
612,Julie Mays,joe99@gmail.com,Waterproof Shoes,1,2653,2653,2023-09-13,Monsoon,4,571,2653.0,2,Lost Customers,Re-engagement Emails & Offers
613,Robin Cisneros,jim08@gmail.com,Sneakers,5,2073,10365,2024-05-17,Spring,2,324,2073.0,0,Low-Value Frequent Buyers,Discount Coupons & Loyalty Programs
614,Robert Brown,sean60@moses-taylor.com,Jacket,1,4408,4408,2024-02-28,Winter,1,403,4408.0,1,High-Value Loyal Customers,Exclusive Membership & VIP Rewards
615,Bridget James,duranjose@hotmail.com,Scarf,2,612,1224,2024-02-24,Winter,1,407,612.0,0,Low-Value Frequent Buyers,Discount Coupons & Loyalty Programs
616,Kimberly Gilbert,rodriguezjeff@gonzalez.net,Cardigan,2,696,1392,2024-10-16,Autumn,3,172,696.0,0,Low-Value Frequent Buyers,Discount Coupons & Loyalty Programs
617,Miguel Jackson,joseph22@martinez.biz,Sunglasses,3,4119,12357,2024-07-03,Summer,0,277,4119.0,1,High-Value Loyal Customers,Exclusive Membership & VIP Rewards
618,Sarah Hicks,patelmonica@moore.com,Sneakers,2,755,1510,2024-05-17,Spring,2,324,755.0,0,Low-Value Frequent Buyers,Discount Coupons & Loyalty Programs
619,Mary Stevenson,karacarpenter@martin.net,Sandals,2,2960,5920,2023-06-05,Summer,0,671,2960.0,3,Seasonal Buyers,Seasonal Promotions & Personalized Offers
620,Robert Allen,xaguirre@yahoo.com,Loafers,1,2569,2569,2024-09-28,Autumn,3,190,2569.0,0,Low-Value Frequent Buyers,Discount Coupons & Loyalty Programs
621,Ronald Crawford,iparker@hotmail.com,Jeans,2,3074,6148,2024-04-02,Spring,2,369,3074.0,1,High-Value Loyal Customers,Exclusive Membership & VIP Rewards
622,Jason Rogers,ebenson@smith.biz,Jacket,1,680,680,2024-01-10,Winter,1,452,680.0,2,Lost Customers,Re-engagement Emails & Offers
623,Cynthia Morgan,flemingkathleen@hotmail.com,Light Jacket,4,995,3980,2023-05-21,Spring,2,686,995.0,2,Lost Customers,Re-engagement Emails & Offers
624,Ryan Poole,crystalaguilar@jones.com,Jacket,2,4851,9702,2024-12-17,Winter,1,110,4851.0,1,High-Value Loyal Customers,Exclusive Membership & VIP Rewards
625,Oscar Jacobson,jessica64@banks.biz,Boots,2,2853,5706,2023-12-03,Winter,1,490,2853.0,3,Seasonal Buyers,Seasonal Promotions & Personalized Offers
626,Mrs. Jordan Bowen MD,nataliemorris@munoz.biz,Jeans,1,807,807,2025-05-05,Spring,2,-29,807.0,0,Low-Value Frequent Buyers,Discount Coupons & Loyalty Programs
627,Elizabeth Hurley,williamsjames@yahoo.com,Sweater,1,2470,2470,2024-02-08,Winter,1,423,2470.0,2,Lost Customers,Re-engagement Emails & Offers
628,Jessica Stephens,abailey@conway.com,Umbrella,5,4524,22620,2023-06-18,Monsoon,4,658,4524.0,3,Seasonal Buyers,Seasonal Promotions & Personalized Offers
629,Joseph Walker,alexanderquinn@castro.org,Loafers,2,1574,3148,2024-11-10,Autumn,3,147,1574.0,0,Low-Value Frequent Buyers,Discount Coupons & Loyalty Programs
630,Ryan Miller,lhodges@hotmail.com,T-Shirt,5,3646,18230,2024-04-09,Spring,2,362,3646.0,1,High-Value Loyal Customers,Exclusive Membership & VIP Rewards
631,Diana Taylor,swoodard@griffin.com,Waterproof Shoes,2,1786,3572,2024-08-08,Monsoon,4,241,1786.0,0,Low-Value Frequent Buyers,Discount Coupons & Loyalty Programs
632,James White,benjamin83@gmail.com,Raincoat,5,1633,8165,2024-06-14,Monsoon,4,296,1633.0,0,Low-Value Frequent Buyers,Discount Coupons & Loyalty Programs
633,Mr. Nicholas Walker,pamelasmith@yahoo.com,Umbrella,5,3652,18260,2024-09-18,Monsoon,4,200,3652.0,1,High-Value Loyal Customers,Exclusive Membership & VIP Rewards
634,Derek Santana,dbrown@velasquez-ayers.com,Sandals,2,3656,7312,2024-06-06,Summer,0,304,3656.0,1,High-Value Loyal Customers,Exclusive Membership & VIP Rewards
635,Logan Willis,uknapp@gmail.com,Sandals,2,3765,7530,2024-08-17,Summer,0,232,3765.0,1,High-Value Loyal Customers,Exclusive Membership & VIP Rewards
636,Katie Smith,john86@yahoo.com,Raincoat,4,2181,8724,2023-07-05,Monsoon,4,641,2181.0,2,Lost Customers,Re-engagement Emails & Offers
637,Alan Clark,daniel36@yahoo.com,Full-Sleeve Shirt,1,4074,4074,2023-09-19,Autumn,3,565,4074.0,3,Seasonal Buyers,Seasonal Promotions & Personalized Offers
638,Andrew Holland,xparker@hotmail.com,Sandals,2,3009,6018,2024-07-05,Summer,0,275,3009.0,1,High-Value Loyal Customers,Exclusive Membership & VIP Rewards
639,Chelsea Crawford,dmoore@hotmail.com,Sweater,3,4909,14727,2024-01-08,Winter,1,454,4909.0,3,Seasonal Buyers,Seasonal Promotions & Personalized Offers
640,Cynthia Diaz,xkane@yang-campbell.com,Cardigan,4,4957,19828,2024-10-03,Autumn,3,185,4957.0,1,High-Value Loyal Customers,Exclusive Membership & VIP Rewards
641,Eric Walker,csmith@wilson.com,Jacket,2,1195,2390,2024-12-19,Winter,1,108,1195.0,0,Low-Value Frequent Buyers,Discount Coupons & Loyalty Programs
642,Susan Cox,karen74@boyd.com,T-Shirt,5,3560,17800,2023-05-02,Spring,2,705,3560.0,3,Seasonal Buyers,Seasonal Promotions & Personalized Offers
643,Ashley Anderson,larry65@hotmail.com,Cardigan,5,3320,16600,2024-10-24,Autumn,3,164,3320.0,1,High-Value Loyal Customers,Exclusive Membership & VIP Rewards
644,Joseph Ramirez,davidprice@yahoo.com,Raincoat,2,929,1858,2024-08-19,Monsoon,4,230,929.0,0,Low-Value Frequent Buyers,Discount Coupons & Loyalty Programs
645,Natasha Hamilton,connie19@lewis-mccarthy.com,Tank Top,2,586,1172,2023-08-03,Summer,0,612,586.0,2,Lost Customers,Re-engagement Emails & Offers
646,Curtis Serrano,ggarner@holmes.com,Scarf,1,3283,3283,2024-01-09,Winter,1,453,3283.0,3,Seasonal Buyers,Seasonal Promotions & Personalized Offers
647,Christina Peterson,xmclean@gmail.com,Jeans,5,1941,9705,2023-04-05,Spring,2,732,1941.0,2,Lost Customers,Re-engagement Emails & Offers
648,Trevor Miller,collin61@cook.com,Jeans,4,2448,9792,2023-03-07,Spring,2,761,2448.0,2,Lost Customers,Re-engagement Emails & Offers
649,Brenda Scott,youngkeith@gmail.com,Boots,5,2429,12145,2024-02-01,Winter,1,430,2429.0,2,Lost Customers,Re-engagement Emails & Offers
650,Shannon Jones,annaliu@hotmail.com,Shorts,1,841,841,2023-07-27,Summer,0,619,841.0,2,Lost Customers,Re-engagement Emails & Offers
651,Christina Burton,michellebaker@dalton.biz,Sweater,3,2990,8970,2024-01-15,Winter,1,447,2990.0,3,Seasonal Buyers,Seasonal Promotions & Personalized Offers
652,Gary Schultz,tbryant@gmail.com,T-Shirt,2,4531,9062,2024-05-28,Spring,2,313,4531.0,1,High-Value Loyal Customers,Exclusive Membership & VIP Rewards
653,Timothy Booth Jr.,harriskimberly@jones-hodges.com,Shorts,3,4445,13335,2023-07-11,Summer,0,635,4445.0,3,Seasonal Buyers,Seasonal Promotions & Personalized Offers
654,Steven Perez,terri76@guzman-burgess.com,Light Jacket,2,904,1808,2024-05-20,Spring,2,321,904.0,0,Low-Value Frequent Buyers,Discount Coupons & Loyalty Programs
655,Matthew Stewart,robertlindsey@hebert-delgado.com,Light Jacket,4,3026,12104,2023-05-06,Spring,2,701,3026.0,3,Seasonal Buyers,Seasonal Promotions & Personalized Offers
656,Nathan Williams,kimberlygallegos@gmail.com,Waterproof Shoes,5,1943,9715,2024-07-08,Monsoon,4,272,1943.0,0,Low-Value Frequent Buyers,Discount Coupons & Loyalty Programs
657,Lynn Allen,masongonzalez@roberts.info,Waterproof Shoes,1,3361,3361,2024-09-11,Monsoon,4,207,3361.0,1,High-Value Loyal Customers,Exclusive Membership & VIP Rewards
658,Jeremy Taylor MD,ktaylor@gmail.com,Loafers,4,1883,7532,2025-11-23,Autumn,3,-231,1883.0,0,Low-Value Frequent Buyers,Discount Coupons & Loyalty Programs
659,Chad Wheeler,guerramelissa@horton-dillon.net,Blazer,4,1480,5920,2023-09-17,Autumn,3,567,1480.0,2,Lost Customers,Re-engagement Emails & Offers
660,Jason Black,kristystephens@hotmail.com,Full-Sleeve Shirt,4,4060,16240,2024-10-28,Autumn,3,160,4060.0,1,High-Value Loyal Customers,Exclusive Membership & VIP Rewards
661,Steven Bowman,ellisjustin@hotmail.com,Full-Sleeve Shirt,5,1667,8335,2024-10-06,Autumn,3,182,1667.0,0,Low-Value Frequent Buyers,Discount Coupons & Loyalty Programs
662,Patty Schultz,tateryan@salas-allen.biz,Jacket,4,1874,7496,2023-01-11,Winter,1,816,1874.0,2,Lost Customers,Re-engagement Emails & Offers
663,Martha Cowan,emilybentley@gmail.com,Umbrella,1,521,521,2024-06-18,Monsoon,4,292,521.0,0,Low-Value Frequent Buyers,Discount Coupons & Loyalty Programs
664,Derrick Sloan,daniel39@thompson.com,Scarf,3,4530,13590,2023-02-27,Winter,1,769,4530.0,3,Seasonal Buyers,Seasonal Promotions & Personalized Offers
665,Todd Mitchell,salasbarbara@obrien.com,Jeans,3,956,2868,2024-05-14,Spring,2,327,956.0,0,Low-Value Frequent Buyers,Discount Coupons & Loyalty Programs
666,Lisa Kennedy,rita30@owens.info,Full-Sleeve Shirt,5,2746,13730,2024-09-09,Autumn,3,209,2746.0,1,High-Value Loyal Customers,Exclusive Membership & VIP Rewards
667,Chris Johnson,lwood@mcmillan-ross.biz,Shorts,5,3002,15010,2024-06-06,Summer,0,304,3002.0,1,High-Value Loyal Customers,Exclusive Membership & VIP Rewards
668,Jennifer Coffey,jonesrhonda@taylor.biz,Waterproof Shoes,3,2004,6012,2024-08-24,Monsoon,4,225,2004.0,0,Low-Value Frequent Buyers,Discount Coupons & Loyalty Programs
669,Donna Lopez,silvaroy@gmail.com,Blazer,1,3600,3600,2024-09-15,Autumn,3,203,3600.0,1,High-Value Loyal Customers,Exclusive Membership & VIP Rewards
670,Paul Gray,jhernandez@cook.com,Cardigan,2,1346,2692,2023-11-23,Autumn,3,500,1346.0,2,Lost Customers,Re-engagement Emails & Offers
671,Kevin Harris,vanessanicholson@evans.biz,Sandals,3,557,1671,2023-07-28,Summer,0,618,557.0,2,Lost Customers,Re-engagement Emails & Offers
672,Dustin Jenkins,msanford@hart.com,Shorts,3,3155,9465,2024-07-27,Summer,0,253,3155.0,1,High-Value Loyal Customers,Exclusive Membership & VIP Rewards
673,Kevin Harris MD,annetterandall@cunningham.com,Blazer,4,988,3952,2025-11-28,Autumn,3,-236,988.0,0,Low-Value Frequent Buyers,Discount Coupons & Loyalty Programs
674,Heidi Cooper,nelsonamy@collins-jones.com,T-Shirt,4,731,2924,2023-04-09,Spring,2,728,731.0,2,Lost Customers,Re-engagement Emails & Offers
675,Sharon Norris,csmith@hotmail.com,Blazer,4,2837,11348,2023-09-27,Autumn,3,557,2837.0,3,Seasonal Buyers,Seasonal Promotions & Personalized Offers
676,Terri Evans,spencertara@yahoo.com,Shorts,1,1591,1591,2024-06-24,Summer,0,286,1591.0,0,Low-Value Frequent Buyers,Discount Coupons & Loyalty Programs
677,Monique Alvarado,raymondsullivan@jones-roberts.org,Shorts,3,1212,3636,2024-07-27,Summer,0,253,1212.0,0,Low-Value Frequent Buyers,Discount Coupons & Loyalty Programs
678,Daniel Soto,sanchezandrew@edwards.org,Raincoat,5,3762,18810,2024-07-22,Monsoon,4,258,3762.0,1,High-Value Loyal Customers,Exclusive Membership & VIP Rewards
679,Chad Ward,loriflores@gmail.com,Sneakers,4,842,3368,2025-04-06,Spring,2,0,842.0,0,Low-Value Frequent Buyers,Discount Coupons & Loyalty Programs
680,Stephen Mcdonald,jonessamuel@hotmail.com,Loafers,1,3213,3213,2024-10-19,Autumn,3,169,3213.0,1,High-Value Loyal Customers,Exclusive Membership & VIP Rewards
681,Gregg Rogers,thompsonantonio@weaver.com,Sneakers,1,2244,2244,2023-05-11,Spring,2,696,2244.0,2,Lost Customers,Re-engagement Emails & Offers
682,Mark Houston,kmullen@white.com,Light Jacket,1,4134,4134,2024-03-26,Spring,2,376,4134.0,1,High-Value Loyal Customers,Exclusive Membership & VIP Rewards
683,Kenneth Mcgrath,ryanjackson@harris.com,Scarf,1,2315,2315,2024-12-04,Winter,1,123,2315.0,0,Low-Value Frequent Buyers,Discount Coupons & Loyalty Programs
684,Joshua Sanchez,cobbdustin@lyons-james.biz,Raincoat,1,900,900,2024-09-23,Monsoon,4,195,900.0,0,Low-Value Frequent Buyers,Discount Coupons & Loyalty Programs
685,Latasha King,ugonzalez@cooper-goodwin.net,Cardigan,5,2996,14980,2024-09-22,Autumn,3,196,2996.0,1,High-Value Loyal Customers,Exclusive Membership & VIP Rewards
686,Jonathan Thompson,amandaroberts@walker.biz,Jeans,1,4467,4467,2023-03-15,Spring,2,753,4467.0,3,Seasonal Buyers,Seasonal Promotions & Personalized Offers
687,Barbara Gallagher MD,petersmith@crawford.org,Scarf,4,2844,11376,2024-01-17,Winter,1,445,2844.0,3,Seasonal Buyers,Seasonal Promotions & Personalized Offers
688,Emily Green,franciscoschmidt@wilcox.com,Jacket,1,1583,1583,2024-02-03,Winter,1,428,1583.0,2,Lost Customers,Re-engagement Emails & Offers
689,Andrea Malone,kennethjones@rogers-pineda.biz,Raincoat,3,4831,14493,2023-09-28,Monsoon,4,556,4831.0,3,Seasonal Buyers,Seasonal Promotions & Personalized Offers
690,Russell Serrano,nboyer@browning.net,Scarf,4,661,2644,2023-01-14,Winter,1,813,661.0,2,Lost Customers,Re-engagement Emails & Offers
691,Mr. Craig Warner,misty99@king.net,Shorts,5,3666,18330,2023-06-08,Summer,0,668,3666.0,3,Seasonal Buyers,Seasonal Promotions & Personalized Offers
692,Tony May,ncuevas@johnson.com,Waterproof Shoes,5,2144,10720,2024-09-12,Monsoon,4,206,2144.0,0,Low-Value Frequent Buyers,Discount Coupons & Loyalty Programs
693,Dana Pope,wendybrown@douglas.org,Shorts,1,2598,2598,2024-07-09,Summer,0,271,2598.0,0,Low-Value Frequent Buyers,Discount Coupons & Loyalty Programs
694,Jeremy Miles,ryan74@christensen.org,Jacket,2,3329,6658,2024-01-23,Winter,1,439,3329.0,3,Seasonal Buyers,Seasonal Promotions & Personalized Offers
695,Gina Silva,ambererickson@johnson.org,Boots,3,1791,5373,2023-01-08,Winter,1,819,1791.0,2,Lost Customers,Re-engagement Emails & Offers
696,Lorraine Walls,zrobles@lara.com,Waterproof Shoes,2,3785,7570,2024-06-01,Monsoon,4,309,3785.0,1,High-Value Loyal Customers,Exclusive Membership & VIP Rewards
697,Anthony Robinson,hendersondenise@crawford.com,Jeans,2,1951,3902,2024-04-28,Spring,2,343,1951.0,0,Low-Value Frequent Buyers,Discount Coupons & Loyalty Programs
698,Chelsea Haney,aking@dawson.com,Waterproof Shoes,4,4564,18256,2024-08-22,Monsoon,4,227,4564.0,1,High-Value Loyal Customers,Exclusive Membership & VIP Rewards
699,Mr. Christopher Lopez MD,robert60@hotmail.com,Sneakers,1,4038,4038,2025-04-12,Spring,2,-6,4038.0,1,High-Value Loyal Customers,Exclusive Membership & VIP Rewards
700,Alexander Escobar,danielhenderson@wallace.net,Sweater,1,3883,3883,2024-01-14,Winter,1,448,3883.0,3,Seasonal Buyers,Seasonal Promotions & Personalized Offers
701,Joseph Carpenter,jwade@hotmail.com,Tank Top,2,2467,4934,2024-07-28,Summer,0,252,2467.0,0,Low-Value Frequent Buyers,Discount Coupons & Loyalty Programs
702,Michael Eaton,bward@hotmail.com,Sunglasses,1,2042,2042,2024-08-24,Summer,0,225,2042.0,0,Low-Value Frequent Buyers,Discount Coupons & Loyalty Programs
703,Charles Smith,lisarocha@gmail.com,Blazer,3,1802,5406,2024-10-26,Autumn,3,162,1802.0,0,Low-Value Frequent Buyers,Discount Coupons & Loyalty Programs
704,Luis Sims,jason97@yahoo.com,Boots,4,3277,13108,2024-01-17,Winter,1,445,3277.0,3,Seasonal Buyers,Seasonal Promotions & Personalized Offers
705,Richard Wallace,davidmcintyre@gmail.com,Blazer,1,774,774,2023-11-12,Autumn,3,511,774.0,2,Lost Customers,Re-engagement Emails & Offers
706,Nicole Lewis,luisthompson@white.org,Umbrella,3,929,2787,2023-08-16,Monsoon,4,599,929.0,2,Lost Customers,Re-engagement Emails & Offers
707,John Robinson,gordon16@hotmail.com,Sneakers,5,1033,5165,2023-04-17,Spring,2,720,1033.0,2,Lost Customers,Re-engagement Emails & Offers
708,Michael Price,alexanderjames@gmail.com,Scarf,3,1717,5151,2023-02-15,Winter,1,781,1717.0,2,Lost Customers,Re-engagement Emails & Offers
709,Eileen Baker,lguzman@yahoo.com,Umbrella,4,3867,15468,2025-07-17,Monsoon,4,-102,3867.0,1,High-Value Loyal Customers,Exclusive Membership & VIP Rewards
710,Brianna Pena,paulgomez@marshall.com,Scarf,1,1865,1865,2024-01-26,Winter,1,436,1865.0,2,Lost Customers,Re-engagement Emails & Offers
711,Jessica Knight,colleenprice@hotmail.com,Scarf,5,1630,8150,2023-12-06,Winter,1,487,1630.0,2,Lost Customers,Re-engagement Emails & Offers
712,Chase Jones,david09@gmail.com,Blazer,2,3490,6980,2024-10-04,Autumn,3,184,3490.0,1,High-Value Loyal Customers,Exclusive Membership & VIP Rewards
713,Patricia Blackwell,tiffanycampbell@jenkins.com,Tank Top,4,1397,5588,2023-06-07,Summer,0,669,1397.0,2,Lost Customers,Re-engagement Emails & Offers
714,Michael Smith,pwright@hotmail.com,Waterproof Shoes,3,3322,9966,2024-06-21,Monsoon,4,289,3322.0,1,High-Value Loyal Customers,Exclusive Membership & VIP Rewards
715,Sean Mahoney,nprice@hernandez.com,Light Jacket,4,4755,19020,2024-05-21,Spring,2,320,4755.0,1,High-Value Loyal Customers,Exclusive Membership & VIP Rewards
716,Kevin Ellis,zwilson@yahoo.com,Shorts,3,1710,5130,2025-06-06,Summer,0,-61,1710.0,0,Low-Value Frequent Buyers,Discount Coupons & Loyalty Programs
717,Steven Potter,ppeterson@hernandez.com,Waterproof Shoes,3,1046,3138,2024-09-06,Monsoon,4,212,1046.0,0,Low-Value Frequent Buyers,Discount Coupons & Loyalty Programs
718,William Alvarez,lee05@cortez.org,Full-Sleeve Shirt,1,870,870,2023-09-21,Autumn,3,563,870.0,2,Lost Customers,Re-engagement Emails & Offers
719,Lindsey Clark,brownjamie@hotmail.com,Sandals,2,4762,9524,2024-06-15,Summer,0,295,4762.0,1,High-Value Loyal Customers,Exclusive Membership & VIP Rewards
720,Dana Becker,lamrobert@foster-walsh.net,Waterproof Shoes,4,734,2936,2024-07-26,Monsoon,4,254,734.0,0,Low-Value Frequent Buyers,Discount Coupons & Loyalty Programs
721,Stephanie Klein,khanstephanie@yahoo.com,Waterproof Shoes,2,760,1520,2023-06-21,Monsoon,4,655,760.0,2,Lost Customers,Re-engagement Emails & Offers
722,Jennifer Watson,zhaas@gmail.com,Tank Top,2,990,1980,2023-06-12,Summer,0,664,990.0,2,Lost Customers,Re-engagement Emails & Offers
723,Lauren Rodriguez,alee@hotmail.com,Full-Sleeve Shirt,5,3410,17050,2023-10-16,Autumn,3,538,3410.0,3,Seasonal Buyers,Seasonal Promotions & Personalized Offers
724,Damon Hamilton,lorilee@novak.com,Light Jacket,1,4344,4344,2023-04-26,Spring,2,711,4344.0,3,Seasonal Buyers,Seasonal Promotions & Personalized Offers
725,Courtney Douglas,lewisdouglas@hotmail.com,Blazer,5,3223,16115,2023-11-28,Autumn,3,495,3223.0,3,Seasonal Buyers,Seasonal Promotions & Personalized Offers
726,Anthony Moody,michaelrowe@gallagher.com,Waterproof Shoes,3,1656,4968,2024-09-03,Monsoon,4,215,1656.0,0,Low-Value Frequent Buyers,Discount Coupons & Loyalty Programs
727,Danielle Gill,rharvey@yahoo.com,Jeans,2,2254,4508,2024-05-15,Spring,2,326,2254.0,0,Low-Value Frequent Buyers,Discount Coupons & Loyalty Programs
728,Kristin Finley,youngmichelle@hotmail.com,Sandals,5,3479,17395,2024-08-02,Summer,0,247,3479.0,1,High-Value Loyal Customers,Exclusive Membership & VIP Rewards
729,Vicki Lopez,malonedonald@yahoo.com,Sweater,5,1514,7570,2023-01-27,Winter,1,800,1514.0,2,Lost Customers,Re-engagement Emails & Offers
730,Neil Romero,erobinson@gmail.com,Light Jacket,3,4312,12936,2024-03-26,Spring,2,376,4312.0,1,High-Value Loyal Customers,Exclusive Membership & VIP Rewards
731,Stacey Wilson,zowens@gmail.com,Full-Sleeve Shirt,5,2793,13965,2024-11-19,Autumn,3,138,2793.0,1,High-Value Loyal Customers,Exclusive Membership & VIP Rewards
732,Lisa Castro,johnsonrobert@gmail.com,Blazer,5,4421,22105,2024-11-12,Autumn,3,145,4421.0,1,High-Value Loyal Customers,Exclusive Membership & VIP Rewards
733,Samantha Leblanc,shannon16@mckee-smith.com,Jacket,4,1749,6996,2023-02-12,Winter,1,784,1749.0,2,Lost Customers,Re-engagement Emails & Offers
734,Erin Walton,lbradley@hotmail.com,Tank Top,3,4430,13290,2024-07-16,Summer,0,264,4430.0,1,High-Value Loyal Customers,Exclusive Membership & VIP Rewards
735,Laura Berry,james26@gmail.com,Full-Sleeve Shirt,5,2872,14360,2024-11-01,Autumn,3,156,2872.0,1,High-Value Loyal Customers,Exclusive Membership & VIP Rewards
736,Alyssa Bass,aprice@gmail.com,Scarf,1,2852,2852,2024-01-22,Winter,1,440,2852.0,3,Seasonal Buyers,Seasonal Promotions & Personalized Offers
737,Tyler Ramirez,carrollsamantha@cortez.com,Jacket,2,1822,3644,2024-02-15,Winter,1,416,1822.0,0,Low-Value Frequent Buyers,Discount Coupons & Loyalty Programs
738,Mario Dunn,dominic30@yahoo.com,Scarf,5,2473,12365,2024-02-24,Winter,1,407,2473.0,0,Low-Value Frequent Buyers,Discount Coupons & Loyalty Programs
739,Thomas Huerta,yvonnenelson@lambert-scott.com,Loafers,4,2278,9112,2023-11-13,Autumn,3,510,2278.0,2,Lost Customers,Re-engagement Emails & Offers
740,Michael Wright,reginajames@trevino.org,Scarf,1,2106,2106,2024-02-10,Winter,1,421,2106.0,0,Low-Value Frequent Buyers,Discount Coupons & Loyalty Programs
741,Michael Lee,kathryn62@hotmail.com,Waterproof Shoes,4,514,2056,2023-09-27,Monsoon,4,557,514.0,2,Lost Customers,Re-engagement Emails & Offers
742,Anna Brown,dawn06@yahoo.com,Jeans,4,2940,11760,2024-03-07,Spring,2,395,2940.0,1,High-Value Loyal Customers,Exclusive Membership & VIP Rewards
743,Crystal Blair,wadenicholas@hernandez-blevins.info,Full-Sleeve Shirt,2,2371,4742,2023-11-08,Autumn,3,515,2371.0,2,Lost Customers,Re-engagement Emails & Offers
744,Ann Tran,rebeccawatson@smith-payne.info,Sneakers,2,3334,6668,2024-04-03,Spring,2,368,3334.0,1,High-Value Loyal Customers,Exclusive Membership & VIP Rewards
745,Timothy Carpenter,gregory77@martin.com,Jacket,5,1658,8290,2024-12-18,Winter,1,109,1658.0,0,Low-Value Frequent Buyers,Discount Coupons & Loyalty Programs
746,Joseph Jones,xtran@hotmail.com,Loafers,5,1271,6355,2024-11-26,Autumn,3,131,1271.0,0,Low-Value Frequent Buyers,Discount Coupons & Loyalty Programs
747,Cynthia Warner,jocelynrivera@yahoo.com,Sneakers,4,1856,7424,2024-05-28,Spring,2,313,1856.0,0,Low-Value Frequent Buyers,Discount Coupons & Loyalty Programs
748,Sarah Garcia,raythompson@hinton-ware.biz,Full-Sleeve Shirt,2,3535,7070,2023-11-12,Autumn,3,511,3535.0,3,Seasonal Buyers,Seasonal Promotions & Personalized Offers
749,Amanda Garza,jritter@hotmail.com,Jeans,1,3676,3676,2023-03-12,Spring,2,756,3676.0,3,Seasonal Buyers,Seasonal Promotions & Personalized Offers
750,Michael Santiago,james64@gmail.com,Light Jacket,2,4878,9756,2024-04-21,Spring,2,350,4878.0,1,High-Value Loyal Customers,Exclusive Membership & VIP Rewards
751,Cynthia Kelly,crobinson@cook-leonard.com,Tank Top,3,2855,8565,2023-07-14,Summer,0,632,2855.0,3,Seasonal Buyers,Seasonal Promotions & Personalized Offers
752,Ricky Moreno,raymondstephanie@hotmail.com,Blazer,2,2903,5806,2023-09-20,Autumn,3,564,2903.0,3,Seasonal Buyers,Seasonal Promotions & Personalized Offers
753,Kenneth Ortiz,ortizyvonne@mejia-robbins.com,Sneakers,5,1492,7460,2023-03-25,Spring,2,743,1492.0,2,Lost Customers,Re-engagement Emails & Offers
754,Amanda Guerrero,lowerykristen@bauer-melton.net,Light Jacket,4,1487,5948,2024-04-05,Spring,2,366,1487.0,0,Low-Value Frequent Buyers,Discount Coupons & Loyalty Programs
755,Nancy Powers,amyshelton@scott.com,Umbrella,5,2633,13165,2024-09-22,Monsoon,4,196,2633.0,0,Low-Value Frequent Buyers,Discount Coupons & Loyalty Programs
756,George Medina,ashley93@yahoo.com,Jacket,5,2164,10820,2023-01-06,Winter,1,821,2164.0,2,Lost Customers,Re-engagement Emails & Offers
757,Megan Garrett,rachel24@yahoo.com,Sweater,1,2197,2197,2023-12-10,Winter,1,483,2197.0,2,Lost Customers,Re-engagement Emails & Offers
758,John Miller,samueljoseph@myers-jefferson.info,Sunglasses,5,1917,9585,2023-08-06,Summer,0,609,1917.0,2,Lost Customers,Re-engagement Emails & Offers
759,Michael Roman,mariawolf@gmail.com,Waterproof Shoes,4,644,2576,2023-09-10,Monsoon,4,574,644.0,2,Lost Customers,Re-engagement Emails & Offers
760,James Nguyen,curtis95@collins.net,Waterproof Shoes,4,4787,19148,2025-09-12,Monsoon,4,-159,4787.0,1,High-Value Loyal Customers,Exclusive Membership & VIP Rewards
761,Candice Simon,hammondscott@yahoo.com,Umbrella,1,632,632,2024-06-05,Monsoon,4,305,632.0,0,Low-Value Frequent Buyers,Discount Coupons & Loyalty Programs
762,Oscar Oneill,jeffrey50@moran.info,Shorts,2,4228,8456,2023-06-07,Summer,0,669,4228.0,3,Seasonal Buyers,Seasonal Promotions & Personalized Offers
763,Tracy Evans,chaney@price.com,Scarf,3,1410,4230,2024-01-27,Winter,1,435,1410.0,2,Lost Customers,Re-engagement Emails & Offers
764,Gregory Roberson,millsdiana@davis-brock.info,Sunglasses,1,2285,2285,2023-08-22,Summer,0,593,2285.0,2,Lost Customers,Re-engagement Emails & Offers
765,Lawrence Patel,lowejennifer@vasquez.com,Waterproof Shoes,5,571,2855,2024-09-01,Monsoon,4,217,571.0,0,Low-Value Frequent Buyers,Discount Coupons & Loyalty Programs
766,Shannon Nelson,taylor48@hotmail.com,Shorts,4,4168,16672,2023-06-10,Summer,0,666,4168.0,3,Seasonal Buyers,Seasonal Promotions & Personalized Offers
767,Samuel Mooney,christiantyler@houston.info,Sweater,5,1015,5075,2024-01-24,Winter,1,438,1015.0,2,Lost Customers,Re-engagement Emails & Offers
768,Sarah Clay,georgeaaron@hotmail.com,Boots,3,3196,9588,2023-02-24,Winter,1,772,3196.0,3,Seasonal Buyers,Seasonal Promotions & Personalized Offers
769,Michelle Tucker,ncollier@hotmail.com,Jacket,2,3106,6212,2023-01-12,Winter,1,815,3106.0,3,Seasonal Buyers,Seasonal Promotions & Personalized Offers
770,Stacy Murphy DDS,jeanneray@yahoo.com,Waterproof Shoes,3,3597,10791,2024-07-11,Monsoon,4,269,3597.0,1,High-Value Loyal Customers,Exclusive Membership & VIP Rewards
771,Tiffany Dixon,vmiller@armstrong-armstrong.com,Raincoat,4,672,2688,2023-06-01,Monsoon,4,675,672.0,2,Lost Customers,Re-engagement Emails & Offers
772,Kirk Williams,jamierussell@stanley.info,Umbrella,3,1031,3093,2023-07-28,Monsoon,4,618,1031.0,2,Lost Customers,Re-engagement Emails & Offers
773,John Oneill,jenniferhaney@boyle-pierce.com,Sunglasses,4,550,2200,2023-08-06,Summer,0,609,550.0,2,Lost Customers,Re-engagement Emails & Offers
774,Sara Boyer,mirandagary@ellis.info,Loafers,4,3825,15300,2023-10-02,Autumn,3,552,3825.0,3,Seasonal Buyers,Seasonal Promotions & Personalized Offers
775,Jeffrey Rush,dillon72@yahoo.com,Sneakers,4,3397,13588,2024-03-24,Spring,2,378,3397.0,1,High-Value Loyal Customers,Exclusive Membership & VIP Rewards
776,Jennifer Collins,charrington@hall.com,Scarf,2,2211,4422,2023-01-16,Winter,1,811,2211.0,2,Lost Customers,Re-engagement Emails & Offers
777,Mary Benjamin,robert75@bowman.com,Blazer,4,3033,12132,2023-09-25,Autumn,3,559,3033.0,3,Seasonal Buyers,Seasonal Promotions & Personalized Offers
778,Peter Pittman,brogers@davis.org,Jacket,5,638,3190,2025-01-12,Winter,1,84,638.0,0,Low-Value Frequent Buyers,Discount Coupons & Loyalty Programs
779,Angela Hammond,megantyler@baker.com,Sneakers,1,1790,1790,2023-03-16,Spring,2,752,1790.0,2,Lost Customers,Re-engagement Emails & Offers
780,Kimberly Haynes,joshua43@stone.com,Light Jacket,2,630,1260,2024-03-20,Spring,2,382,630.0,0,Low-Value Frequent Buyers,Discount Coupons & Loyalty Programs
781,Ryan Rowland,mark90@gordon.com,Boots,1,4664,4664,2025-02-11,Winter,1,54,4664.0,1,High-Value Loyal Customers,Exclusive Membership & VIP Rewards
782,Ryan Castro,angela54@rivers.com,Full-Sleeve Shirt,1,2587,2587,2024-09-17,Autumn,3,201,2587.0,0,Low-Value Frequent Buyers,Discount Coupons & Loyalty Programs
783,Kurt Kim,carol14@hill.org,Light Jacket,1,1851,1851,2024-04-27,Spring,2,344,1851.0,0,Low-Value Frequent Buyers,Discount Coupons & Loyalty Programs
784,Steven Gillespie,zsteele@brock.com,Sweater,3,2479,7437,2023-12-28,Winter,1,465,2479.0,2,Lost Customers,Re-engagement Emails & Offers
785,Peter Frank,kevin41@yahoo.com,Sunglasses,1,1336,1336,2025-07-06,Summer,0,-91,1336.0,0,Low-Value Frequent Buyers,Discount Coupons & Loyalty Programs
786,Mr. Robert Wilson Jr.,martinezjasmine@gmail.com,Light Jacket,2,2139,4278,2023-03-03,Spring,2,765,2139.0,2,Lost Customers,Re-engagement Emails & Offers
787,James Mcgee,victor33@gmail.com,T-Shirt,3,2700,8100,2023-05-09,Spring,2,698,2700.0,2,Lost Customers,Re-engagement Emails & Offers
788,Brandon Marks,sarahcannon@campos-adkins.com,Loafers,2,2199,4398,2024-10-20,Autumn,3,168,2199.0,0,Low-Value Frequent Buyers,Discount Coupons & Loyalty Programs
789,Cynthia West,leonardkatie@kennedy.com,Waterproof Shoes,4,4149,16596,2023-08-23,Monsoon,4,592,4149.0,3,Seasonal Buyers,Seasonal Promotions & Personalized Offers
790,Victor Mendoza,shawn05@martinez.biz,Light Jacket,1,2289,2289,2025-04-02,Spring,2,4,2289.0,0,Low-Value Frequent Buyers,Discount Coupons & Loyalty Programs
791,April Jones,nkrause@yahoo.com,T-Shirt,2,2634,5268,2024-03-28,Spring,2,374,2634.0,0,Low-Value Frequent Buyers,Discount Coupons & Loyalty Programs
792,Robert Gonzalez,shannon29@hotmail.com,Boots,4,3401,13604,2024-02-13,Winter,1,418,3401.0,3,Seasonal Buyers,Seasonal Promotions & Personalized Offers
793,Dr. Zachary Simpson,eflores@yahoo.com,Sneakers,2,4812,9624,2024-03-14,Spring,2,388,4812.0,1,High-Value Loyal Customers,Exclusive Membership & VIP Rewards
794,Drew Wilson,annejefferson@hotmail.com,Light Jacket,4,1759,7036,2024-03-01,Spring,2,401,1759.0,0,Low-Value Frequent Buyers,Discount Coupons & Loyalty Programs
795,Jessica Taylor,denise48@gmail.com,Boots,1,3830,3830,2024-01-02,Winter,1,460,3830.0,3,Seasonal Buyers,Seasonal Promotions & Personalized Offers
796,Erika Fuller,edwardpierce@hardy-rodriguez.com,Tank Top,3,4518,13554,2023-06-21,Summer,0,655,4518.0,3,Seasonal Buyers,Seasonal Promotions & Personalized Offers
797,Heather Hunter,timothyparker@hess-bray.com,Boots,2,1770,3540,2024-12-15,Winter,1,112,1770.0,0,Low-Value Frequent Buyers,Discount Coupons & Loyalty Programs
798,Timothy Grant,kathrynkim@hotmail.com,Sandals,3,1611,4833,2024-06-05,Summer,0,305,1611.0,0,Low-Value Frequent Buyers,Discount Coupons & Loyalty Programs
799,April Zhang,lopezryan@mccarthy.org,Full-Sleeve Shirt,5,2914,14570,2024-11-18,Autumn,3,139,2914.0,1,High-Value Loyal Customers,Exclusive Membership & VIP Rewards
800,Kurt Dudley,amber71@yahoo.com,Boots,2,3429,6858,2025-12-15,Winter,1,-253,3429.0,1,High-Value Loyal Customers,Exclusive Membership & VIP Rewards
801,Dean Conley,ericaperry@hotmail.com,Cardigan,5,3391,16955,2023-11-15,Autumn,3,508,3391.0,3,Seasonal Buyers,Seasonal Promotions & Personalized Offers
802,Olivia Reyes,steven32@strickland.net,Sneakers,1,1425,1425,2024-03-25,Spring,2,377,1425.0,0,Low-Value Frequent Buyers,Discount Coupons & Loyalty Programs
803,Melissa Johnson,joshua66@hotmail.com,Tank Top,4,3886,15544,2024-06-24,Summer,0,286,3886.0,1,High-Value Loyal Customers,Exclusive Membership & VIP Rewards
804,Ryan Johnson II,alyssajohnson@gmail.com,Sweater,4,1820,7280,2023-12-11,Winter,1,482,1820.0,2,Lost Customers,Re-engagement Emails & Offers
805,Kimberly Henson,byoung@thomas.biz,Light Jacket,4,1924,7696,2024-04-04,Spring,2,367,1924.0,0,Low-Value Frequent Buyers,Discount Coupons & Loyalty Programs
806,William Dixon,cookejohn@gmail.com,Cardigan,3,4574,13722,2023-10-05,Autumn,3,549,4574.0,3,Seasonal Buyers,Seasonal Promotions & Personalized Offers
807,Melissa White DVM,christopher22@yahoo.com,Sweater,5,1071,5355,2025-02-25,Winter,1,40,1071.0,0,Low-Value Frequent Buyers,Discount Coupons & Loyalty Programs
808,Anita Wilson,robertfrancis@yahoo.com,Jeans,4,1213,4852,2023-05-20,Spring,2,687,1213.0,2,Lost Customers,Re-engagement Emails & Offers
809,Joshua Phillips,autumn07@bryant-smith.com,T-Shirt,5,4905,24525,2023-04-14,Spring,2,723,4905.0,3,Seasonal Buyers,Seasonal Promotions & Personalized Offers
810,Tammy Cruz DDS,gonzaleswendy@hotmail.com,Light Jacket,2,4673,9346,2023-05-08,Spring,2,699,4673.0,3,Seasonal Buyers,Seasonal Promotions & Personalized Offers
811,Meghan Conway,blairdana@griffin.net,Umbrella,1,2366,2366,2023-07-07,Monsoon,4,639,2366.0,2,Lost Customers,Re-engagement Emails & Offers
812,Rebecca Terrell,alopez@carrillo-brown.com,Sandals,5,1101,5505,2024-07-23,Summer,0,257,1101.0,0,Low-Value Frequent Buyers,Discount Coupons & Loyalty Programs
813,John Butler,taylor36@yahoo.com,Blazer,2,4837,9674,2024-10-28,Autumn,3,160,4837.0,1,High-Value Loyal Customers,Exclusive Membership & VIP Rewards
814,Amy Gates,tanyawhite@haley.net,Jeans,5,2868,14340,2023-04-28,Spring,2,709,2868.0,3,Seasonal Buyers,Seasonal Promotions & Personalized Offers
815,Walter Wallace,zwalker@gmail.com,Blazer,3,4924,14772,2024-09-28,Autumn,3,190,4924.0,1,High-Value Loyal Customers,Exclusive Membership & VIP Rewards
816,Kimberly Fitzgerald,clarkjeffrey@yahoo.com,Scarf,1,1423,1423,2024-02-20,Winter,1,411,1423.0,0,Low-Value Frequent Buyers,Discount Coupons & Loyalty Programs
817,Kyle Carlson,pearsonjonathan@bird.com,Waterproof Shoes,2,4262,8524,2024-08-28,Monsoon,4,221,4262.0,1,High-Value Loyal Customers,Exclusive Membership & VIP Rewards
818,Anthony Mccoy,zamorajorge@grant.info,Raincoat,1,4918,4918,2023-09-28,Monsoon,4,556,4918.0,3,Seasonal Buyers,Seasonal Promotions & Personalized Offers
819,Amy Bennett,acannon@chen.biz,Jacket,5,4221,21105,2023-12-09,Winter,1,484,4221.0,3,Seasonal Buyers,Seasonal Promotions & Personalized Offers
820,Devin Sanchez,kmitchell@holden-ayers.biz,Blazer,1,4360,4360,2024-09-18,Autumn,3,200,4360.0,1,High-Value Loyal Customers,Exclusive Membership & VIP Rewards
821,Frank Chambers,awalters@turner.biz,Jeans,3,1105,3315,2023-04-26,Spring,2,711,1105.0,2,Lost Customers,Re-engagement Emails & Offers
822,Ashley Ramirez,munozmichael@yahoo.com,Sweater,1,3279,3279,2025-12-09,Winter,1,-247,3279.0,1,High-Value Loyal Customers,Exclusive Membership & VIP Rewards
823,Gary Greene,kgoodwin@gmail.com,Umbrella,2,3438,6876,2024-07-21,Monsoon,4,259,3438.0,1,High-Value Loyal Customers,Exclusive Membership & VIP Rewards
824,Anthony Robinson,sandraforbes@gmail.com,Cardigan,3,3072,9216,2023-10-01,Autumn,3,553,3072.0,3,Seasonal Buyers,Seasonal Promotions & Personalized Offers
825,Nathaniel Snyder,ralph09@garrett-garcia.info,Blazer,1,2342,2342,2025-11-11,Autumn,3,-219,2342.0,0,Low-Value Frequent Buyers,Discount Coupons & Loyalty Programs
826,William Hall,marcia61@williams-russo.com,Light Jacket,4,3546,14184,2023-03-25,Spring,2,743,3546.0,3,Seasonal Buyers,Seasonal Promotions & Personalized Offers
827,Alicia Garcia,jacqueline63@reynolds.info,Shorts,3,3022,9066,2024-07-17,Summer,0,263,3022.0,1,High-Value Loyal Customers,Exclusive Membership & VIP Rewards
828,Raymond Schultz,murphynicole@yahoo.com,Sweater,4,2670,10680,2024-01-06,Winter,1,456,2670.0,2,Lost Customers,Re-engagement Emails & Offers
829,Albert Kim,sarah10@gay.com,Blazer,3,4465,13395,2024-10-28,Autumn,3,160,4465.0,1,High-Value Loyal Customers,Exclusive Membership & VIP Rewards
830,Adrienne Everett MD,reginaldfleming@allen.com,Loafers,4,1863,7452,2024-10-20,Autumn,3,168,1863.0,0,Low-Value Frequent Buyers,Discount Coupons & Loyalty Programs
831,Julie Thomas,phyllissmith@hotmail.com,Full-Sleeve Shirt,4,2007,8028,2023-09-23,Autumn,3,561,2007.0,2,Lost Customers,Re-engagement Emails & Offers
832,Brittany Rasmussen,belljames@hotmail.com,Sandals,3,1214,3642,2023-08-18,Summer,0,597,1214.0,2,Lost Customers,Re-engagement Emails & Offers
833,Mrs. Danielle Smith,saranorton@gmail.com,Sandals,3,917,2751,2024-06-21,Summer,0,289,917.0,0,Low-Value Frequent Buyers,Discount Coupons & Loyalty Programs
834,Theresa Galvan,philip61@hotmail.com,Blazer,1,2708,2708,2024-10-02,Autumn,3,186,2708.0,0,Low-Value Frequent Buyers,Discount Coupons & Loyalty Programs
835,Sara Guzman,michelewarner@hotmail.com,Jeans,5,4715,23575,2023-05-19,Spring,2,688,4715.0,3,Seasonal Buyers,Seasonal Promotions & Personalized Offers
836,Teresa Kaufman,qpruitt@kemp.com,Cardigan,5,3164,15820,2024-10-24,Autumn,3,164,3164.0,1,High-Value Loyal Customers,Exclusive Membership & VIP Rewards
837,Steven Bell,smithryan@hotmail.com,Tank Top,3,1663,4989,2024-07-13,Summer,0,267,1663.0,0,Low-Value Frequent Buyers,Discount Coupons & Loyalty Programs
838,Brian Valenzuela,freemanmichael@gmail.com,Sweater,4,2030,8120,2023-01-28,Winter,1,799,2030.0,2,Lost Customers,Re-engagement Emails & Offers
839,Willie Bennett,christine81@li.info,Full-Sleeve Shirt,3,4776,14328,2023-11-01,Autumn,3,522,4776.0,3,Seasonal Buyers,Seasonal Promotions & Personalized Offers
840,Dylan Martinez,deborahduke@gmail.com,Sandals,3,3604,10812,2023-07-13,Summer,0,633,3604.0,3,Seasonal Buyers,Seasonal Promotions & Personalized Offers
841,Mr. Timothy Rodriguez,stephaniedavis@hotmail.com,Raincoat,5,3639,18195,2023-07-04,Monsoon,4,642,3639.0,3,Seasonal Buyers,Seasonal Promotions & Personalized Offers
842,Jim Weber,franciscojones@sanchez.com,Jeans,1,1942,1942,2023-04-14,Spring,2,723,1942.0,2,Lost Customers,Re-engagement Emails & Offers
843,Kimberly Cain,gbenitez@reeves-mcdonald.info,Loafers,5,1752,8760,2023-10-22,Autumn,3,532,1752.0,2,Lost Customers,Re-engagement Emails & Offers
844,Leslie Alexander,tgordon@thomas.org,Sandals,4,1384,5536,2023-08-09,Summer,0,606,1384.0,2,Lost Customers,Re-engagement Emails & Offers
845,Kenneth Mejia,justin08@frederick.com,T-Shirt,2,3222,6444,2024-03-22,Spring,2,380,3222.0,1,High-Value Loyal Customers,Exclusive Membership & VIP Rewards
846,Cynthia Powers,michael34@moore-buchanan.org,Sandals,2,2692,5384,2024-07-06,Summer,0,274,2692.0,0,Low-Value Frequent Buyers,Discount Coupons & Loyalty Programs
847,Anthony Roberts,yharrison@yahoo.com,Waterproof Shoes,2,3019,6038,2023-06-16,Monsoon,4,660,3019.0,3,Seasonal Buyers,Seasonal Promotions & Personalized Offers
848,Peter Vasquez,qbrown@gay-adams.com,Loafers,2,3972,7944,2023-11-25,Autumn,3,498,3972.0,3,Seasonal Buyers,Seasonal Promotions & Personalized Offers
849,Dalton Patel,qtaylor@hotmail.com,Sandals,2,4056,8112,2024-08-27,Summer,0,222,4056.0,1,High-Value Loyal Customers,Exclusive Membership & VIP Rewards
850,Brandi Porter,devin28@gmail.com,Sandals,3,863,2589,2023-07-28,Summer,0,618,863.0,2,Lost Customers,Re-engagement Emails & Offers
851,Michael Hooper,catherine39@davis.info,Tank Top,4,3735,14940,2024-08-28,Summer,0,221,3735.0,1,High-Value Loyal Customers,Exclusive Membership & VIP Rewards
852,Bill Rivera,briannawhite@yahoo.com,Sunglasses,3,2773,8319,2023-06-03,Summer,0,673,2773.0,2,Lost Customers,Re-engagement Emails & Offers
853,Lisa Perez,hernandezsarah@castillo.com,Loafers,4,4833,19332,2023-11-05,Autumn,3,518,4833.0,3,Seasonal Buyers,Seasonal Promotions & Personalized Offers
854,Meagan Vaughn,jennapotter@gmail.com,Loafers,2,3717,7434,2024-09-06,Autumn,3,212,3717.0,1,High-Value Loyal Customers,Exclusive Membership & VIP Rewards
855,Ashley Miller,gamblescott@yahoo.com,Sweater,5,1915,9575,2023-02-23,Winter,1,773,1915.0,2,Lost Customers,Re-engagement Emails & Offers
856,William Sullivan,alexanderpamela@cummings.info,Waterproof Shoes,4,4971,19884,2024-06-13,Monsoon,4,297,4971.0,1,High-Value Loyal Customers,Exclusive Membership & VIP Rewards
857,Elizabeth Mcguire,smithwilliam@yahoo.com,Jeans,5,4342,21710,2023-03-08,Spring,2,760,4342.0,3,Seasonal Buyers,Seasonal Promotions & Personalized Offers
858,Nicholas Kim,joseph18@hotmail.com,Full-Sleeve Shirt,3,955,2865,2024-10-20,Autumn,3,168,955.0,0,Low-Value Frequent Buyers,Discount Coupons & Loyalty Programs
859,Jennifer Elliott,perezfrances@gmail.com,Loafers,2,4157,8314,2023-10-28,Autumn,3,526,4157.0,3,Seasonal Buyers,Seasonal Promotions & Personalized Offers
860,Joanne Harper,daniel80@yahoo.com,Umbrella,2,3350,6700,2024-07-03,Monsoon,4,277,3350.0,1,High-Value Loyal Customers,Exclusive Membership & VIP Rewards
861,Jennifer Thompson,bestangel@gmail.com,Umbrella,3,1677,5031,2024-07-28,Monsoon,4,252,1677.0,0,Low-Value Frequent Buyers,Discount Coupons & Loyalty Programs
862,Joshua George MD,cindywilson@hotmail.com,Cardigan,1,1652,1652,2024-10-14,Autumn,3,174,1652.0,0,Low-Value Frequent Buyers,Discount Coupons & Loyalty Programs
863,Kevin Montes,jbradford@daniels.net,Loafers,5,4454,22270,2024-09-10,Autumn,3,208,4454.0,1,High-Value Loyal Customers,Exclusive Membership & VIP Rewards
864,Shawna Walker,xcollier@hotmail.com,Blazer,3,3380,10140,2023-09-16,Autumn,3,568,3380.0,3,Seasonal Buyers,Seasonal Promotions & Personalized Offers
865,Dana Rogers,kevinkelley@leonard.com,Blazer,3,3554,10662,2024-09-17,Autumn,3,201,3554.0,1,High-Value Loyal Customers,Exclusive Membership & VIP Rewards
866,Kelly Caldwell,atorres@garza.com,Sunglasses,3,1338,4014,2024-08-04,Summer,0,245,1338.0,0,Low-Value Frequent Buyers,Discount Coupons & Loyalty Programs
867,Susan Jackson,sandrapearson@lutz-stark.com,Blazer,2,3787,7574,2024-11-23,Autumn,3,134,3787.0,1,High-Value Loyal Customers,Exclusive Membership & VIP Rewards
868,Shannon Anderson,donnabaker@henderson-meyer.com,Umbrella,5,4274,21370,2023-08-17,Monsoon,4,598,4274.0,3,Seasonal Buyers,Seasonal Promotions & Personalized Offers
869,Shannon Morgan,emarshall@martinez-le.com,Scarf,2,1857,3714,2023-02-15,Winter,1,781,1857.0,2,Lost Customers,Re-engagement Emails & Offers
870,George White,walterlewis@gmail.com,Tank Top,5,3518,17590,2024-06-09,Summer,0,301,3518.0,1,High-Value Loyal Customers,Exclusive Membership & VIP Rewards
871,Matthew Hill,christopheranderson@cain.biz,Umbrella,2,1072,2144,2023-09-24,Monsoon,4,560,1072.0,2,Lost Customers,Re-engagement Emails & Offers
872,Jermaine Hall,tanner30@yahoo.com,Sandals,3,4273,12819,2024-08-05,Summer,0,244,4273.0,1,High-Value Loyal Customers,Exclusive Membership & VIP Rewards
873,Crystal Parker,tobrien@fleming.com,Tank Top,2,3425,6850,2024-07-23,Summer,0,257,3425.0,1,High-Value Loyal Customers,Exclusive Membership & VIP Rewards
874,Brittany Delacruz,qgonzalez@walker-serrano.info,Tank Top,3,3062,9186,2024-06-17,Summer,0,293,3062.0,1,High-Value Loyal Customers,Exclusive Membership & VIP Rewards
875,Katrina Jones,owhitehead@yahoo.com,Tank Top,1,1401,1401,2024-08-28,Summer,0,221,1401.0,0,Low-Value Frequent Buyers,Discount Coupons & Loyalty Programs
876,Dr. William Lin,jenniferhernandez@chavez.info,Waterproof Shoes,1,3236,3236,2024-08-16,Monsoon,4,233,3236.0,1,High-Value Loyal Customers,Exclusive Membership & VIP Rewards
877,Laura Griffin,vswanson@hernandez.com,Sandals,5,686,3430,2024-08-01,Summer,0,248,686.0,0,Low-Value Frequent Buyers,Discount Coupons & Loyalty Programs
878,Michele Clark,hgeorge@park.info,Umbrella,1,2200,2200,2025-06-02,Monsoon,4,-57,2200.0,0,Low-Value Frequent Buyers,Discount Coupons & Loyalty Programs
879,Mark Gomez,jenningstracey@garcia.com,Shorts,2,1808,3616,2024-07-10,Summer,0,270,1808.0,0,Low-Value Frequent Buyers,Discount Coupons & Loyalty Programs
880,Ryan Allen,michelle11@webb-washington.com,T-Shirt,4,1107,4428,2024-05-28,Spring,2,313,1107.0,0,Low-Value Frequent Buyers,Discount Coupons & Loyalty Programs
881,Eric Green,rebecca70@yahoo.com,Sandals,4,3259,13036,2024-07-23,Summer,0,257,3259.0,1,High-Value Loyal Customers,Exclusive Membership & VIP Rewards
882,Teresa Peters,brownleslie@brooks.com,Jeans,1,4560,4560,2024-03-15,Spring,2,387,4560.0,1,High-Value Loyal Customers,Exclusive Membership & VIP Rewards
883,James Nelson,blackalex@rice-velez.biz,Shorts,4,4934,19736,2023-08-23,Summer,0,592,4934.0,3,Seasonal Buyers,Seasonal Promotions & Personalized Offers
884,David Oconnor,hamiltonamanda@hotmail.com,Scarf,2,1435,2870,2024-12-28,Winter,1,99,1435.0,0,Low-Value Frequent Buyers,Discount Coupons & Loyalty Programs
885,April Smith,scottbill@williams-pratt.com,Jeans,1,3920,3920,2024-03-13,Spring,2,389,3920.0,1,High-Value Loyal Customers,Exclusive Membership & VIP Rewards
886,William Hess,mary94@hotmail.com,Shorts,5,1297,6485,2024-07-25,Summer,0,255,1297.0,0,Low-Value Frequent Buyers,Discount Coupons & Loyalty Programs
887,Roger George,icordova@yahoo.com,Umbrella,4,1032,4128,2023-07-04,Monsoon,4,642,1032.0,2,Lost Customers,Re-engagement Emails & Offers
888,Gregory Larsen,willischarles@shah-howell.com,Sweater,4,3889,15556,2023-01-27,Winter,1,800,3889.0,3,Seasonal Buyers,Seasonal Promotions & Personalized Offers
889,Heather Floyd,blackallen@hotmail.com,Tank Top,2,3822,7644,2025-08-13,Summer,0,-129,3822.0,1,High-Value Loyal Customers,Exclusive Membership & VIP Rewards
890,Joel White,codyjackson@yahoo.com,Waterproof Shoes,3,4627,13881,2024-08-22,Monsoon,4,227,4627.0,1,High-Value Loyal Customers,Exclusive Membership & VIP Rewards
891,George Case,ecarr@mckay.com,Scarf,2,517,1034,2024-02-19,Winter,1,412,517.0,0,Low-Value Frequent Buyers,Discount Coupons & Loyalty Programs
892,April Patel MD,villanuevabeverly@smith-washington.info,Blazer,1,735,735,2023-09-26,Autumn,3,558,735.0,2,Lost Customers,Re-engagement Emails & Offers
893,Jerry Bell,cmorales@yahoo.com,Raincoat,2,549,1098,2024-07-01,Monsoon,4,279,549.0,0,Low-Value Frequent Buyers,Discount Coupons & Loyalty Programs
894,Stephen Rose,anthonygarcia@hotmail.com,Loafers,2,3666,7332,2023-10-28,Autumn,3,526,3666.0,3,Seasonal Buyers,Seasonal Promotions & Personalized Offers
895,Garrett Hernandez,bnorton@yahoo.com,Cardigan,1,2317,2317,2023-11-22,Autumn,3,501,2317.0,2,Lost Customers,Re-engagement Emails & Offers
896,Brandi Richards,aburch@wood-mathis.com,Jacket,5,2136,10680,2023-02-28,Winter,1,768,2136.0,2,Lost Customers,Re-engagement Emails & Offers
897,Mary Anderson,erikabutler@hotmail.com,Scarf,3,2384,7152,2024-01-22,Winter,1,440,2384.0,2,Lost Customers,Re-engagement Emails & Offers
898,Sarah Massey,jason95@davis.info,Jacket,2,1120,2240,2024-12-05,Winter,1,122,1120.0,0,Low-Value Frequent Buyers,Discount Coupons & Loyalty Programs
899,Michael Roberts,lisadelacruz@watkins.com,Raincoat,5,3878,19390,2025-07-15,Monsoon,4,-100,3878.0,1,High-Value Loyal Customers,Exclusive Membership & VIP Rewards
900,Tonya Andrews,ndiaz@santos.com,Jacket,5,3492,17460,2023-01-03,Winter,1,824,3492.0,3,Seasonal Buyers,Seasonal Promotions & Personalized Offers
901,Jessica Frye,eugene10@rodriguez.com,Sweater,2,1821,3642,2024-02-28,Winter,1,403,1821.0,0,Low-Value Frequent Buyers,Discount Coupons & Loyalty Programs
902,Nicholas Barrett,dana76@smith-williamson.com,Scarf,1,1035,1035,2023-12-13,Winter,1,480,1035.0,2,Lost Customers,Re-engagement Emails & Offers
903,Carolyn Smith,cbecker@murphy-bruce.com,Waterproof Shoes,5,711,3555,2023-06-15,Monsoon,4,661,711.0,2,Lost Customers,Re-engagement Emails & Offers
904,Mary Mendoza,daniel58@evans-parrish.com,Raincoat,4,2777,11108,2024-08-19,Monsoon,4,230,2777.0,1,High-Value Loyal Customers,Exclusive Membership & VIP Rewards
905,Kimberly Sandoval,owensraymond@gmail.com,Boots,2,4141,8282,2024-02-28,Winter,1,403,4141.0,1,High-Value Loyal Customers,Exclusive Membership & VIP Rewards
906,Rachel Cohen,dmooney@yahoo.com,Jacket,2,615,1230,2023-01-28,Winter,1,799,615.0,2,Lost Customers,Re-engagement Emails & Offers
907,Amanda Stone,rebeccaflores@hotmail.com,Sunglasses,5,4229,21145,2023-06-01,Summer,0,675,4229.0,3,Seasonal Buyers,Seasonal Promotions & Personalized Offers
908,Diane Green,lewiswendy@harding.com,Scarf,5,4677,23385,2024-12-06,Winter,1,121,4677.0,1,High-Value Loyal Customers,Exclusive Membership & VIP Rewards
909,Roberto Green,millerjenna@calhoun.com,Sweater,3,3542,10626,2023-12-15,Winter,1,478,3542.0,3,Seasonal Buyers,Seasonal Promotions & Personalized Offers
910,Mary Snyder,karenesparza@hotmail.com,Scarf,2,1490,2980,2024-02-15,Winter,1,416,1490.0,0,Low-Value Frequent Buyers,Discount Coupons & Loyalty Programs
911,Alejandro Buchanan,tamara11@watts-mcdonald.net,Umbrella,4,1599,6396,2023-09-02,Monsoon,4,582,1599.0,2,Lost Customers,Re-engagement Emails & Offers
912,Danielle Mcgee,jenningskevin@turner.org,Light Jacket,1,4025,4025,2024-03-26,Spring,2,376,4025.0,1,High-Value Loyal Customers,Exclusive Membership & VIP Rewards
913,Katherine Gray,charlessmith@hotmail.com,Blazer,1,729,729,2023-11-18,Autumn,3,505,729.0,2,Lost Customers,Re-engagement Emails & Offers
914,Mary Boyd,bsellers@yahoo.com,Blazer,4,4340,17360,2024-10-06,Autumn,3,182,4340.0,1,High-Value Loyal Customers,Exclusive Membership & VIP Rewards
915,Christopher Vasquez,patricia60@peck.com,Scarf,4,1146,4584,2023-12-12,Winter,1,481,1146.0,2,Lost Customers,Re-engagement Emails & Offers
916,Monique Richards,cdunn@johnson.com,Raincoat,1,2266,2266,2024-09-05,Monsoon,4,213,2266.0,0,Low-Value Frequent Buyers,Discount Coupons & Loyalty Programs
917,Jonathan Cox,anna17@garcia-velasquez.com,Raincoat,5,4077,20385,2024-09-28,Monsoon,4,190,4077.0,1,High-Value Loyal Customers,Exclusive Membership & VIP Rewards
918,Michael Bird,wrightmelissa@gmail.com,Raincoat,3,3772,11316,2023-06-22,Monsoon,4,654,3772.0,3,Seasonal Buyers,Seasonal Promotions & Personalized Offers
919,Sonia Hensley MD,kennethharris@hotmail.com,Boots,4,4596,18384,2023-12-28,Winter,1,465,4596.0,3,Seasonal Buyers,Seasonal Promotions & Personalized Offers
920,Lisa Richards,fhughes@hotmail.com,Cardigan,1,4630,4630,2024-11-27,Autumn,3,130,4630.0,1,High-Value Loyal Customers,Exclusive Membership & VIP Rewards
921,Renee Mccarty,beltranalicia@gmail.com,Shorts,1,4020,4020,2023-08-20,Summer,0,595,4020.0,3,Seasonal Buyers,Seasonal Promotions & Personalized Offers
922,Sarah Roberts,cjordan@york.net,Scarf,1,2346,2346,2023-12-14,Winter,1,479,2346.0,2,Lost Customers,Re-engagement Emails & Offers
923,Joshua Franco,mooreanthony@king.com,Sweater,1,4742,4742,2024-02-16,Winter,1,415,4742.0,3,Seasonal Buyers,Seasonal Promotions & Personalized Offers
924,Daniel Baker,braydavid@yahoo.com,Full-Sleeve Shirt,1,3415,3415,2023-09-28,Autumn,3,556,3415.0,3,Seasonal Buyers,Seasonal Promotions & Personalized Offers
925,Victoria Morales,autumn28@yahoo.com,Blazer,5,4930,24650,2023-10-21,Autumn,3,533,4930.0,3,Seasonal Buyers,Seasonal Promotions & Personalized Offers
926,Jeff Rodriguez,duransarah@love.biz,Full-Sleeve Shirt,1,1771,1771,2024-10-04,Autumn,3,184,1771.0,0,Low-Value Frequent Buyers,Discount Coupons & Loyalty Programs
927,Rodney Carpenter,yrodriguez@yahoo.com,Loafers,1,3396,3396,2024-10-28,Autumn,3,160,3396.0,1,High-Value Loyal Customers,Exclusive Membership & VIP Rewards
928,Kristopher Logan,marie76@yahoo.com,Jacket,5,614,3070,2024-01-28,Winter,1,434,614.0,0,Low-Value Frequent Buyers,Discount Coupons & Loyalty Programs
929,James Romero,stewarttracy@hotmail.com,Umbrella,5,1328,6640,2024-07-02,Monsoon,4,278,1328.0,0,Low-Value Frequent Buyers,Discount Coupons & Loyalty Programs
930,Anthony Morris,rpatton@gmail.com,Blazer,5,2809,14045,2024-10-19,Autumn,3,169,2809.0,1,High-Value Loyal Customers,Exclusive Membership & VIP Rewards
931,Samantha Neal,hayesscott@yahoo.com,Cardigan,3,3395,10185,2023-11-05,Autumn,3,518,3395.0,3,Seasonal Buyers,Seasonal Promotions & Personalized Offers
932,Terri Griffin,fmoore@ellison-pollard.biz,Sneakers,5,1859,9295,2024-05-19,Spring,2,322,1859.0,0,Low-Value Frequent Buyers,Discount Coupons & Loyalty Programs
933,Antonio Cameron,bennetthenry@hawkins-colon.org,Waterproof Shoes,2,2298,4596,2024-06-04,Monsoon,4,306,2298.0,0,Low-Value Frequent Buyers,Discount Coupons & Loyalty Programs
934,Jonathan Gonzalez,kelsey04@hotmail.com,Sweater,5,4712,23560,2023-12-03,Winter,1,490,4712.0,3,Seasonal Buyers,Seasonal Promotions & Personalized Offers
935,Daniel Garcia,laura08@martinez-wolfe.org,Jacket,5,1491,7455,2023-12-17,Winter,1,476,1491.0,2,Lost Customers,Re-engagement Emails & Offers
936,Lisa Phillips,nharrison@campbell-snyder.com,Sneakers,4,4731,18924,2024-04-21,Spring,2,350,4731.0,1,High-Value Loyal Customers,Exclusive Membership & VIP Rewards
937,Megan Scott,ramirezconnie@hamilton-foster.net,Tank Top,3,4905,14715,2024-08-05,Summer,0,244,4905.0,1,High-Value Loyal Customers,Exclusive Membership & VIP Rewards
938,Richard Dawson,thomasperez@garner-stevens.org,Scarf,1,2078,2078,2024-02-13,Winter,1,418,2078.0,0,Low-Value Frequent Buyers,Discount Coupons & Loyalty Programs
939,Adam Boyer,gonzalezdebra@yahoo.com,Loafers,3,2418,7254,2024-09-17,Autumn,3,201,2418.0,0,Low-Value Frequent Buyers,Discount Coupons & Loyalty Programs
940,Benjamin Freeman,xmcdonald@thompson.org,Shorts,2,1692,3384,2023-08-26,Summer,0,589,1692.0,2,Lost Customers,Re-engagement Emails & Offers
941,Jennifer Graham,robert88@hotmail.com,Raincoat,4,2477,9908,2024-08-28,Monsoon,4,221,2477.0,0,Low-Value Frequent Buyers,Discount Coupons & Loyalty Programs
942,Sharon Williams,sabrina33@williams.com,Sunglasses,4,4841,19364,2024-07-02,Summer,0,278,4841.0,1,High-Value Loyal Customers,Exclusive Membership & VIP Rewards
943,Christopher Cruz,peter15@yahoo.com,Tank Top,4,2020,8080,2023-07-20,Summer,0,626,2020.0,2,Lost Customers,Re-engagement Emails & Offers
944,Morgan Bailey,hernandezmichelle@reynolds.com,Sneakers,3,2512,7536,2024-05-11,Spring,2,330,2512.0,0,Low-Value Frequent Buyers,Discount Coupons & Loyalty Programs
945,Jackie Gray,halltimothy@donovan.com,Jacket,1,2078,2078,2023-02-28,Winter,1,768,2078.0,2,Lost Customers,Re-engagement Emails & Offers
946,Jose Love,anna01@hotmail.com,Shorts,4,4384,17536,2023-07-09,Summer,0,637,4384.0,3,Seasonal Buyers,Seasonal Promotions & Personalized Offers
947,Stephanie Nielsen,vazquezvictor@hotmail.com,Sweater,2,4480,8960,2023-12-19,Winter,1,474,4480.0,3,Seasonal Buyers,Seasonal Promotions & Personalized Offers
948,Donna Mitchell,laura97@hotmail.com,Scarf,3,1153,3459,2023-02-21,Winter,1,775,1153.0,2,Lost Customers,Re-engagement Emails & Offers
949,Gabriel Guzman,knappjoshua@gmail.com,Shorts,3,4067,12201,2024-06-19,Summer,0,291,4067.0,1,High-Value Loyal Customers,Exclusive Membership & VIP Rewards
950,Sarah Acosta,mmiller@armstrong.com,Umbrella,5,2146,10730,2024-07-12,Monsoon,4,268,2146.0,0,Low-Value Frequent Buyers,Discount Coupons & Loyalty Programs
951,Samantha Rodriguez,kennethwilliams@gmail.com,Tank Top,1,668,668,2024-06-16,Summer,0,294,668.0,0,Low-Value Frequent Buyers,Discount Coupons & Loyalty Programs
952,Steven Hall,daviddavis@gmail.com,Cardigan,4,3770,15080,2024-09-08,Autumn,3,210,3770.0,1,High-Value Loyal Customers,Exclusive Membership & VIP Rewards
953,Kathy Shelton,emily53@cantrell-walton.org,Light Jacket,5,3686,18430,2024-04-14,Spring,2,357,3686.0,1,High-Value Loyal Customers,Exclusive Membership & VIP Rewards
954,Stephen Johnson,rachelhenderson@lewis-carter.com,Cardigan,2,3065,6130,2023-10-28,Autumn,3,526,3065.0,3,Seasonal Buyers,Seasonal Promotions & Personalized Offers
955,Edgar Jennings,bethroberts@hotmail.com,Umbrella,5,4254,21270,2023-08-21,Monsoon,4,594,4254.0,3,Seasonal Buyers,Seasonal Promotions & Personalized Offers
956,Raymond Hill,brentknight@wall.com,Sneakers,4,2833,11332,2023-05-21,Spring,2,686,2833.0,3,Seasonal Buyers,Seasonal Promotions & Personalized Offers
957,Lori Salazar,rhodesjean@hotmail.com,Sweater,4,4977,19908,2024-02-22,Winter,1,409,4977.0,3,Seasonal Buyers,Seasonal Promotions & Personalized Offers
958,Brandon Torres,marie18@williams.com,Blazer,3,2553,7659,2024-11-28,Autumn,3,129,2553.0,0,Low-Value Frequent Buyers,Discount Coupons & Loyalty Programs
959,Michelle Houston,anthony46@higgins-andersen.com,Boots,4,1615,6460,2023-02-03,Winter,1,793,1615.0,2,Lost Customers,Re-engagement Emails & Offers
960,Cynthia Lewis,batesdeanna@gmail.com,Blazer,5,1809,9045,2024-09-13,Autumn,3,205,1809.0,0,Low-Value Frequent Buyers,Discount Coupons & Loyalty Programs
961,Jenna Harrell,monica15@hotmail.com,Loafers,5,1734,8670,2024-09-15,Autumn,3,203,1734.0,0,Low-Value Frequent Buyers,Discount Coupons & Loyalty Programs
962,Pamela White,wilsonhannah@todd.org,Jeans,2,3641,7282,2024-04-12,Spring,2,359,3641.0,1,High-Value Loyal Customers,Exclusive Membership & VIP Rewards
963,Allison Jones,woodwardstephanie@yahoo.com,Light Jacket,5,1989,9945,2023-04-14,Spring,2,723,1989.0,2,Lost Customers,Re-engagement Emails & Offers
964,Veronica Gonzalez,stephanie30@preston.com,Full-Sleeve Shirt,4,1912,7648,2024-10-17,Autumn,3,171,1912.0,0,Low-Value Frequent Buyers,Discount Coupons & Loyalty Programs
965,Marc Allen,brian83@williams-olson.com,Sandals,5,4024,20120,2023-06-02,Summer,0,674,4024.0,3,Seasonal Buyers,Seasonal Promotions & Personalized Offers
966,Jennifer Adams,jhooper@yahoo.com,Light Jacket,4,1714,6856,2024-05-21,Spring,2,320,1714.0,0,Low-Value Frequent Buyers,Discount Coupons & Loyalty Programs
967,Lucas Gonzales,tamara75@cline.net,Tank Top,2,3683,7366,2024-08-28,Summer,0,221,3683.0,1,High-Value Loyal Customers,Exclusive Membership & VIP Rewards
968,Lawrence Day,chavezwilliam@brown.net,Jeans,1,4390,4390,2024-03-07,Spring,2,395,4390.0,1,High-Value Loyal Customers,Exclusive Membership & VIP Rewards
969,Sheryl Casey,kevin18@clark.com,Umbrella,1,2284,2284,2023-07-09,Monsoon,4,637,2284.0,2,Lost Customers,Re-engagement Emails & Offers
970,Theresa Mays,webbjeremy@hotmail.com,Sneakers,5,4948,24740,2024-04-10,Spring,2,361,4948.0,1,High-Value Loyal Customers,Exclusive Membership & VIP Rewards
971,Gerald Fox,flane@hughes.org,Sweater,3,4066,12198,2024-02-20,Winter,1,411,4066.0,3,Seasonal Buyers,Seasonal Promotions & Personalized Offers
972,Ann Hall,sarah99@yahoo.com,Waterproof Shoes,3,1097,3291,2023-07-15,Monsoon,4,631,1097.0,2,Lost Customers,Re-engagement Emails & Offers
973,Joshua Wallace,nathaniel21@hotmail.com,T-Shirt,1,2752,2752,2024-05-10,Spring,2,331,2752.0,1,High-Value Loyal Customers,Exclusive Membership & VIP Rewards
974,Jacob Gonzales,norrisvictor@hotmail.com,Umbrella,2,1913,3826,2023-08-12,Monsoon,4,603,1913.0,2,Lost Customers,Re-engagement Emails & Offers
975,David Walker,maurice01@hotmail.com,Scarf,3,2773,8319,2024-12-04,Winter,1,123,2773.0,1,High-Value Loyal Customers,Exclusive Membership & VIP Rewards
976,Anthony Macdonald,danielanderson@gmail.com,Raincoat,5,2084,10420,2023-07-02,Monsoon,4,644,2084.0,2,Lost Customers,Re-engagement Emails & Offers
977,Mark Hartman,bmiller@hotmail.com,Scarf,3,3814,11442,2024-02-02,Winter,1,429,3814.0,3,Seasonal Buyers,Seasonal Promotions & Personalized Offers
978,Samantha Jones,lroman@yahoo.com,Sneakers,3,1700,5100,2024-05-23,Spring,2,318,1700.0,0,Low-Value Frequent Buyers,Discount Coupons & Loyalty Programs
979,Barbara Wilson,ericawheeler@gmail.com,T-Shirt,3,4011,12033,2024-05-15,Spring,2,326,4011.0,1,High-Value Loyal Customers,Exclusive Membership & VIP Rewards
980,Pamela Thompson,colemanjoy@maldonado.com,Boots,1,3808,3808,2024-01-10,Winter,1,452,3808.0,3,Seasonal Buyers,Seasonal Promotions & Personalized Offers
981,Chase Drake,donna42@gmail.com,Tank Top,3,3682,11046,2023-06-17,Summer,0,659,3682.0,3,Seasonal Buyers,Seasonal Promotions & Personalized Offers
982,Savannah Webb,christinarivera@knapp-harris.com,Waterproof Shoes,4,4104,16416,2023-06-24,Monsoon,4,652,4104.0,3,Seasonal Buyers,Seasonal Promotions & Personalized Offers
983,Katrina Gilbert,jonathonmccarthy@jackson.com,Light Jacket,5,3426,17130,2024-03-22,Spring,2,380,3426.0,1,High-Value Loyal Customers,Exclusive Membership & VIP Rewards
984,Rebecca Hill,adam38@evans.com,Sweater,5,2522,12610,2023-12-03,Winter,1,490,2522.0,2,Lost Customers,Re-engagement Emails & Offers
985,Matthew Larson,cunninghamsean@yahoo.com,T-Shirt,4,1763,7052,2024-05-01,Spring,2,340,1763.0,0,Low-Value Frequent Buyers,Discount Coupons & Loyalty Programs
986,Jeffery Ballard,steven06@boyd.com,Sweater,1,3889,3889,2023-01-21,Winter,1,806,3889.0,3,Seasonal Buyers,Seasonal Promotions & Personalized Offers
987,Erika Mcgee,webbmaria@hotmail.com,T-Shirt,2,4380,8760,2024-04-11,Spring,2,360,4380.0,1,High-Value Loyal Customers,Exclusive Membership & VIP Rewards
988,Courtney Gilbert,tyler88@hotmail.com,Waterproof Shoes,1,4571,4571,2024-09-15,Monsoon,4,203,4571.0,1,High-Value Loyal Customers,Exclusive Membership & VIP Rewards
989,Jessica Palmer,milleradam@hotmail.com,Sneakers,2,654,1308,2024-03-25,Spring,2,377,654.0,0,Low-Value Frequent Buyers,Discount Coupons & Loyalty Programs
990,Peter Turner,joshua65@rowland.com,Blazer,3,859,2577,2023-10-03,Autumn,3,551,859.0,2,Lost Customers,Re-engagement Emails & Offers
991,Susan Hernandez DDS,kmyers@hotmail.com,T-Shirt,3,796,2388,2024-03-14,Spring,2,388,796.0,0,Low-Value Frequent Buyers,Discount Coupons & Loyalty Programs
992,Kristin Harris,charles49@yahoo.com,Umbrella,5,4257,21285,2024-09-12,Monsoon,4,206,4257.0,1,High-Value Loyal Customers,Exclusive Membership & VIP Rewards
993,Christina Fields,patricia21@gmail.com,Sweater,4,839,3356,2024-02-17,Winter,1,414,839.0,0,Low-Value Frequent Buyers,Discount Coupons & Loyalty Programs
994,Willie Reid,tonya71@yahoo.com,Raincoat,4,3502,14008,2023-08-03,Monsoon,4,612,3502.0,3,Seasonal Buyers,Seasonal Promotions & Personalized Offers
995,Susan Li,jilljohnson@yahoo.com,Jeans,3,3377,10131,2024-05-04,Spring,2,337,3377.0,1,High-Value Loyal Customers,Exclusive Membership & VIP Rewards
996,Kevin Martinez,dpeterson@green-snyder.com,Cardigan,4,2372,9488,2024-10-25,Autumn,3,163,2372.0,0,Low-Value Frequent Buyers,Discount Coupons & Loyalty Programs
997,Ann Taylor,johnny49@klein.com,Loafers,5,3845,19225,2023-09-13,Autumn,3,571,3845.0,3,Seasonal Buyers,Seasonal Promotions & Personalized Offers
998,Phyllis Malone,saraortiz@hotmail.com,Blazer,3,2478,7434,2023-10-28,Autumn,3,526,2478.0,2,Lost Customers,Re-engagement Emails & Offers
999,Brandy Sandoval,wmorris@yahoo.com,Sweater,3,1270,3810,2024-01-25,Winter,1,437,1270.0,2,Lost Customers,Re-engagement Emails & Offers
1000,Stacy Nelson,dennisjohnston@yahoo.com,Tank Top,4,2762,11048,2024-08-14,Summer,0,235,2762.0,1,High-Value Loyal Customers,Exclusive Membership & VIP Rewards
1001,Shawn Howard,brogers@gmail.com,Waterproof Shoes,4,4913,19652,2024-06-10,Monsoon,4,300,4913.0,1,High-Value Loyal Customers,Exclusive Membership & VIP Rewards
1002,Kathryn Huang,robert38@yahoo.com,Sunglasses,5,2322,11610,2023-06-22,Summer,0,654,2322.0,2,Lost Customers,Re-engagement Emails & Offers
1003,Regina Turner,nicole01@velazquez-campos.com,Raincoat,2,4771,9542,2024-08-12,Monsoon,4,237,4771.0,1,High-Value Loyal Customers,Exclusive Membership & VIP Rewards
1004,Jordan Bright,wallsnicole@rios.com,Sunglasses,3,2875,8625,2023-07-15,Summer,0,631,2875.0,3,Seasonal Buyers,Seasonal Promotions & Personalized Offers
1005,Mark Avila,hickscraig@jefferson-perkins.com,Tank Top,1,3329,3329,2023-07-28,Summer,0,618,3329.0,3,Seasonal Buyers,Seasonal Promotions & Personalized Offers
1006,Shannon Banks,emilybush@patterson-shannon.biz,Jeans,1,2925,2925,2024-03-12,Spring,2,390,2925.0,1,High-Value Loyal Customers,Exclusive Membership & VIP Rewards
1007,Gary Mills,adamsrhonda@gmail.com,Loafers,3,2789,8367,2024-10-25,Autumn,3,163,2789.0,1,High-Value Loyal Customers,Exclusive Membership & VIP Rewards
1008,Annette Payne,awood@welch.biz,Boots,3,2308,6924,2025-12-12,Winter,1,-250,2308.0,0,Low-Value Frequent Buyers,Discount Coupons & Loyalty Programs
1009,Crystal Hill,bellsandra@yahoo.com,Jeans,5,1270,6350,2024-03-28,Spring,2,374,1270.0,0,Low-Value Frequent Buyers,Discount Coupons & Loyalty Programs
1010,Jerome Smith,lucas72@andrade.com,Sunglasses,2,3792,7584,2023-08-15,Summer,0,600,3792.0,3,Seasonal Buyers,Seasonal Promotions & Personalized Offers
1011,Linda Parker,rwhite@wilson-krause.net,Sunglasses,5,3106,15530,2024-07-19,Summer,0,261,3106.0,1,High-Value Loyal Customers,Exclusive Membership & VIP Rewards
1012,Brianna Wood,erica95@thomas.com,Cardigan,3,3928,11784,2023-11-21,Autumn,3,502,3928.0,3,Seasonal Buyers,Seasonal Promotions & Personalized Offers
1013,Amanda Pena,robin78@gmail.com,Shorts,2,2904,5808,2024-06-08,Summer,0,302,2904.0,1,High-Value Loyal Customers,Exclusive Membership & VIP Rewards
1014,John Webster,vwilliams@robinson.com,Shorts,5,1973,9865,2023-08-22,Summer,0,593,1973.0,2,Lost Customers,Re-engagement Emails & Offers
1015,Jessica Holmes,david33@gilmore-boyd.net,Loafers,2,1311,2622,2024-09-01,Autumn,3,217,1311.0,0,Low-Value Frequent Buyers,Discount Coupons & Loyalty Programs
1016,Curtis Fernandez,dreyes@gmail.com,Full-Sleeve Shirt,3,1505,4515,2024-09-21,Autumn,3,197,1505.0,0,Low-Value Frequent Buyers,Discount Coupons & Loyalty Programs
1017,Kathryn Franklin,haleyjose@sanders.com,Full-Sleeve Shirt,2,4246,8492,2024-10-15,Autumn,3,173,4246.0,1,High-Value Loyal Customers,Exclusive Membership & VIP Rewards
1018,Anthony Carr,stephaniejohnson@woods.com,Tank Top,4,4804,19216,2024-08-03,Summer,0,246,4804.0,1,High-Value Loyal Customers,Exclusive Membership & VIP Rewards
1019,Mark Reyes,wilsonpaul@yahoo.com,T-Shirt,3,4660,13980,2025-04-18,Spring,2,-12,4660.0,1,High-Value Loyal Customers,Exclusive Membership & VIP Rewards
1020,John Woodward,greenmonica@hutchinson.com,Jacket,4,2578,10312,2024-02-02,Winter,1,429,2578.0,2,Lost Customers,Re-engagement Emails & Offers
1021,Brittany Johnson,williamsbenjamin@gmail.com,Cardigan,5,2397,11985,2024-10-28,Autumn,3,160,2397.0,0,Low-Value Frequent Buyers,Discount Coupons & Loyalty Programs
1022,Garrett King,tyler87@parker.biz,Raincoat,4,3836,15344,2024-09-21,Monsoon,4,197,3836.0,1,High-Value Loyal Customers,Exclusive Membership & VIP Rewards
1023,Joshua Cole,johnvasquez@tucker-rojas.com,Sneakers,5,2067,10335,2023-03-10,Spring,2,758,2067.0,2,Lost Customers,Re-engagement Emails & Offers
1024,Laura Wyatt,leonardmorales@hudson.com,Jeans,1,948,948,2024-03-10,Spring,2,392,948.0,0,Low-Value Frequent Buyers,Discount Coupons & Loyalty Programs
1025,Martin Anderson,barronamy@yahoo.com,Light Jacket,2,696,1392,2024-04-15,Spring,2,356,696.0,0,Low-Value Frequent Buyers,Discount Coupons & Loyalty Programs
1026,Tara Scott,ryanking@yahoo.com,Light Jacket,1,4916,4916,2024-05-28,Spring,2,313,4916.0,1,High-Value Loyal Customers,Exclusive Membership & VIP Rewards
1027,Mark Hill,hartjulie@valencia.info,Scarf,4,1340,5360,2024-01-26,Winter,1,436,1340.0,2,Lost Customers,Re-engagement Emails & Offers
1028,Heather Arnold,tracyfuller@hotmail.com,Sunglasses,1,2283,2283,2024-07-28,Summer,0,252,2283.0,0,Low-Value Frequent Buyers,Discount Coupons & Loyalty Programs
1029,Phillip Cole,amyers@hotmail.com,Tank Top,1,2751,2751,2023-07-15,Summer,0,631,2751.0,2,Lost Customers,Re-engagement Emails & Offers
1030,Jennifer Morgan,james12@lynch.com,Sunglasses,3,4039,12117,2025-07-28,Summer,0,-113,4039.0,1,High-Value Loyal Customers,Exclusive Membership & VIP Rewards
1031,Gerald Cole,charles11@johnson-whitaker.com,Blazer,5,3817,19085,2023-11-19,Autumn,3,504,3817.0,3,Seasonal Buyers,Seasonal Promotions & Personalized Offers
1032,Jose Smith,rmullins@hotmail.com,Waterproof Shoes,1,4818,4818,2024-06-20,Monsoon,4,290,4818.0,1,High-Value Loyal Customers,Exclusive Membership & VIP Rewards
1033,Wendy Harris,davidcole@vaughn-mccann.com,Umbrella,2,3082,6164,2024-09-12,Monsoon,4,206,3082.0,1,High-Value Loyal Customers,Exclusive Membership & VIP Rewards
1034,Shane Davis,shirley13@harris.org,Scarf,1,4019,4019,2025-01-13,Winter,1,83,4019.0,1,High-Value Loyal Customers,Exclusive Membership & VIP Rewards
1035,Brian York,david87@yahoo.com,Raincoat,4,1326,5304,2024-09-16,Monsoon,4,202,1326.0,0,Low-Value Frequent Buyers,Discount Coupons & Loyalty Programs
1036,Mr. Andrew Martin,janegarcia@moreno-myers.org,Sunglasses,2,978,1956,2024-08-28,Summer,0,221,978.0,0,Low-Value Frequent Buyers,Discount Coupons & Loyalty Programs
1037,Mr. Daniel Stewart,grahamcarrie@davis.info,Jacket,1,1084,1084,2023-12-28,Winter,1,465,1084.0,2,Lost Customers,Re-engagement Emails & Offers
1038,Eric Lee,dillonbrandi@hunt-sutton.org,Tank Top,1,1274,1274,2024-06-21,Summer,0,289,1274.0,0,Low-Value Frequent Buyers,Discount Coupons & Loyalty Programs
1039,Daniel Holland PhD,brownkelsey@taylor.com,Sunglasses,4,651,2604,2023-06-12,Summer,0,664,651.0,2,Lost Customers,Re-engagement Emails & Offers
1040,Robert Ferguson,kathleen59@yahoo.com,Jacket,1,2285,2285,2023-12-04,Winter,1,489,2285.0,2,Lost Customers,Re-engagement Emails & Offers
1041,Janet Davis,ymcneil@phillips.com,Scarf,3,3969,11907,2024-01-05,Winter,1,457,3969.0,3,Seasonal Buyers,Seasonal Promotions & Personalized Offers
1042,Eric Chen,amandaroman@hotmail.com,Sneakers,2,3965,7930,2024-04-15,Spring,2,356,3965.0,1,High-Value Loyal Customers,Exclusive Membership & VIP Rewards
1043,William Reid,trevormacdonald@yahoo.com,Full-Sleeve Shirt,2,3623,7246,2024-11-12,Autumn,3,145,3623.0,1,High-Value Loyal Customers,Exclusive Membership & VIP Rewards
1044,Ashley King,erin25@yahoo.com,Sandals,4,3720,14880,2023-07-02,Summer,0,644,3720.0,3,Seasonal Buyers,Seasonal Promotions & Personalized Offers
1045,Wendy Barry,debbiethompson@schmidt.com,Sandals,1,2319,2319,2024-06-18,Summer,0,292,2319.0,0,Low-Value Frequent Buyers,Discount Coupons & Loyalty Programs
1046,Jonathan Mccarthy,ufleming@hotmail.com,Jacket,5,3492,17460,2024-12-28,Winter,1,99,3492.0,1,High-Value Loyal Customers,Exclusive Membership & VIP Rewards
1047,Heather Jones,rhernandez@yahoo.com,Sneakers,5,1140,5700,2023-03-08,Spring,2,760,1140.0,2,Lost Customers,Re-engagement Emails & Offers
1048,Stacy Hammond,benjaminjones@hotmail.com,Blazer,1,955,955,2024-10-10,Autumn,3,178,955.0,0,Low-Value Frequent Buyers,Discount Coupons & Loyalty Programs
1049,Annette Rodriguez,istewart@yahoo.com,Sunglasses,4,2245,8980,2023-06-24,Summer,0,652,2245.0,2,Lost Customers,Re-engagement Emails & Offers
1050,Joseph Moore,csanchez@johnson-hernandez.com,Sneakers,2,904,1808,2024-03-24,Spring,2,378,904.0,0,Low-Value Frequent Buyers,Discount Coupons & Loyalty Programs
1051,Selena Hood,carteradam@arnold-wagner.com,Cardigan,3,4463,13389,2023-09-20,Autumn,3,564,4463.0,3,Seasonal Buyers,Seasonal Promotions & Personalized Offers
1052,Jade Carr,laceywilson@gmail.com,Sneakers,3,2157,6471,2023-05-04,Spring,2,703,2157.0,2,Lost Customers,Re-engagement Emails & Offers
1053,Jennifer Vang,pamelarice@myers.com,Light Jacket,5,2697,13485,2024-04-28,Spring,2,343,2697.0,0,Low-Value Frequent Buyers,Discount Coupons & Loyalty Programs
1054,Travis Hanson,mcclaincraig@hutchinson.biz,Sweater,3,1874,5622,2024-12-13,Winter,1,114,1874.0,0,Low-Value Frequent Buyers,Discount Coupons & Loyalty Programs
1055,Tanner Singleton,xstanton@hotmail.com,Umbrella,2,747,1494,2024-08-06,Monsoon,4,243,747.0,0,Low-Value Frequent Buyers,Discount Coupons & Loyalty Programs
1056,William Rogers,zgreen@yahoo.com,Light Jacket,2,3549,7098,2024-05-12,Spring,2,329,3549.0,1,High-Value Loyal Customers,Exclusive Membership & VIP Rewards
1057,Sandra Young,jeff97@yahoo.com,Umbrella,5,4670,23350,2025-07-20,Monsoon,4,-105,4670.0,1,High-Value Loyal Customers,Exclusive Membership & VIP Rewards
1058,Alan Hall,herbert66@martinez.com,T-Shirt,1,3506,3506,2023-03-10,Spring,2,758,3506.0,3,Seasonal Buyers,Seasonal Promotions & Personalized Offers
1059,Christopher Nichols,kelseybennett@gmail.com,Blazer,1,2379,2379,2025-09-12,Autumn,3,-159,2379.0,0,Low-Value Frequent Buyers,Discount Coupons & Loyalty Programs
1060,Andrew Thomas,gonzalezmarcus@short.net,Loafers,2,2122,4244,2024-11-05,Autumn,3,152,2122.0,0,Low-Value Frequent Buyers,Discount Coupons & Loyalty Programs
1061,Allison Chapman,jkirk@hotmail.com,Umbrella,3,1921,5763,2024-09-21,Monsoon,4,197,1921.0,0,Low-Value Frequent Buyers,Discount Coupons & Loyalty Programs
1062,Megan Burns,katie73@turner.com,Waterproof Shoes,5,3081,15405,2024-08-18,Monsoon,4,231,3081.0,1,High-Value Loyal Customers,Exclusive Membership & VIP Rewards
1063,Kevin Sheppard,rickpollard@brewer-stevens.com,Raincoat,1,4491,4491,2023-07-04,Monsoon,4,642,4491.0,3,Seasonal Buyers,Seasonal Promotions & Personalized Offers
1064,Leslie Stone,millerpatrick@gmail.com,Scarf,3,3499,10497,2025-01-16,Winter,1,80,3499.0,1,High-Value Loyal Customers,Exclusive Membership & VIP Rewards
1065,Carl Baker,ramirezsamantha@hotmail.com,Sweater,3,1543,4629,2024-01-20,Winter,1,442,1543.0,2,Lost Customers,Re-engagement Emails & Offers
1066,Todd Williams,kayla27@gmail.com,Shorts,5,2665,13325,2023-08-28,Summer,0,587,2665.0,2,Lost Customers,Re-engagement Emails & Offers
1067,Luis Arias,gcunningham@yahoo.com,Sweater,1,2342,2342,2024-01-04,Winter,1,458,2342.0,2,Lost Customers,Re-engagement Emails & Offers
1068,Christopher Thompson,mary06@kelly.net,Light Jacket,4,2406,9624,2023-05-20,Spring,2,687,2406.0,2,Lost Customers,Re-engagement Emails & Offers
1069,Eric Fox,harmonjennifer@boyer.com,Blazer,3,1122,3366,2023-11-07,Autumn,3,516,1122.0,2,Lost Customers,Re-engagement Emails & Offers
1070,Brandy Moody,johnsonrebecca@ware.com,Boots,2,4534,9068,2025-12-11,Winter,1,-249,4534.0,1,High-Value Loyal Customers,Exclusive Membership & VIP Rewards
1071,Jennifer Moss,quinnjay@galloway-myers.info,Light Jacket,2,2767,5534,2024-05-23,Spring,2,318,2767.0,1,High-Value Loyal Customers,Exclusive Membership & VIP Rewards
1072,Jessica Johnson,monica71@sanchez-coleman.net,Sunglasses,5,3038,15190,2024-07-16,Summer,0,264,3038.0,1,High-Value Loyal Customers,Exclusive Membership & VIP Rewards
1073,Monica Henry,brianpierce@smith-downs.org,Jacket,3,797,2391,2023-01-13,Winter,1,814,797.0,2,Lost Customers,Re-engagement Emails & Offers
1074,Diana Harris,troy10@hotmail.com,Umbrella,4,3321,13284,2023-06-11,Monsoon,4,665,3321.0,3,Seasonal Buyers,Seasonal Promotions & Personalized Offers
1075,Christine Wu,thomas89@gmail.com,Light Jacket,5,4442,22210,2024-05-03,Spring,2,338,4442.0,1,High-Value Loyal Customers,Exclusive Membership & VIP Rewards
1076,John Mack,corylam@fernandez.com,Shorts,4,638,2552,2024-07-06,Summer,0,274,638.0,0,Low-Value Frequent Buyers,Discount Coupons & Loyalty Programs
1077,Rebecca Lester,rramirez@gmail.com,Umbrella,5,4169,20845,2024-06-22,Monsoon,4,288,4169.0,1,High-Value Loyal Customers,Exclusive Membership & VIP Rewards
1078,Mary Smith,tinastevens@smith-singleton.org,Sunglasses,5,4616,23080,2024-07-28,Summer,0,252,4616.0,1,High-Value Loyal Customers,Exclusive Membership & VIP Rewards
1079,Ashley Sanchez,johnstonjamie@guerrero-thomas.com,Sneakers,2,2320,4640,2024-04-16,Spring,2,355,2320.0,0,Low-Value Frequent Buyers,Discount Coupons & Loyalty Programs
1080,Dr. Brian Williams,emontgomery@johnson.com,Shorts,5,3017,15085,2024-06-25,Summer,0,285,3017.0,1,High-Value Loyal Customers,Exclusive Membership & VIP Rewards
1081,Todd Gonzales,brandy09@gmail.com,Light Jacket,2,1529,3058,2024-04-25,Spring,2,346,1529.0,0,Low-Value Frequent Buyers,Discount Coupons & Loyalty Programs
1082,Angelica Marquez,zdowns@blake-rodriguez.biz,Loafers,1,3758,3758,2025-11-12,Autumn,3,-220,3758.0,1,High-Value Loyal Customers,Exclusive Membership & VIP Rewards
1083,Ashley Schneider,susanyoung@gmail.com,Blazer,5,2755,13775,2024-09-06,Autumn,3,212,2755.0,1,High-Value Loyal Customers,Exclusive Membership & VIP Rewards
1084,Dennis Martinez,stephen64@yahoo.com,Waterproof Shoes,5,1963,9815,2023-08-05,Monsoon,4,610,1963.0,2,Lost Customers,Re-engagement Emails & Offers
1085,Jon Williams,hking@gmail.com,Umbrella,5,4223,21115,2023-09-08,Monsoon,4,576,4223.0,3,Seasonal Buyers,Seasonal Promotions & Personalized Offers
1086,David Gilbert,pmiller@baker.com,Sunglasses,2,956,1912,2024-06-08,Summer,0,302,956.0,0,Low-Value Frequent Buyers,Discount Coupons & Loyalty Programs
1087,Adam Garcia,vvaughn@yahoo.com,Sneakers,3,2650,7950,2023-05-10,Spring,2,697,2650.0,2,Lost Customers,Re-engagement Emails & Offers
1088,Susan Bonilla,paigealvarez@gmail.com,Jeans,2,4061,8122,2023-04-14,Spring,2,723,4061.0,3,Seasonal Buyers,Seasonal Promotions & Personalized Offers
1089,Rebecca Wilson,mdavis@schwartz.com,Loafers,2,4892,9784,2023-11-26,Autumn,3,497,4892.0,3,Seasonal Buyers,Seasonal Promotions & Personalized Offers
1090,Natalie Smith,kimberlyolson@stewart.com,Sweater,5,2404,12020,2023-02-05,Winter,1,791,2404.0,2,Lost Customers,Re-engagement Emails & Offers
1091,Joe Perez,wmelendez@yahoo.com,Sweater,3,4758,14274,2023-01-23,Winter,1,804,4758.0,3,Seasonal Buyers,Seasonal Promotions & Personalized Offers
1092,Robert Smith,zbray@wilson.biz,Jeans,4,3437,13748,2025-05-28,Spring,2,-52,3437.0,1,High-Value Loyal Customers,Exclusive Membership & VIP Rewards
1093,Valerie Johnson,gwatkins@thompson.com,Waterproof Shoes,2,4982,9964,2023-08-09,Monsoon,4,606,4982.0,3,Seasonal Buyers,Seasonal Promotions & Personalized Offers
1094,Yvonne Nixon,andrearichards@yahoo.com,Scarf,5,1848,9240,2023-01-06,Winter,1,821,1848.0,2,Lost Customers,Re-engagement Emails & Offers
1095,Stacie Cox,james44@reed.com,Loafers,2,4438,8876,2023-10-28,Autumn,3,526,4438.0,3,Seasonal Buyers,Seasonal Promotions & Personalized Offers
1096,Cassandra Nguyen,ryanteresa@gmail.com,Umbrella,2,3425,6850,2024-06-13,Monsoon,4,297,3425.0,1,High-Value Loyal Customers,Exclusive Membership & VIP Rewards
1097,Joseph Castillo,gregorymary@taylor-manning.com,T-Shirt,2,1400,2800,2024-03-08,Spring,2,394,1400.0,0,Low-Value Frequent Buyers,Discount Coupons & Loyalty Programs
1098,Sarah Griffin,scott52@garcia-wilson.org,Waterproof Shoes,2,4430,8860,2023-08-12,Monsoon,4,603,4430.0,3,Seasonal Buyers,Seasonal Promotions & Personalized Offers
1099,Christina Johnson,hlowery@garcia.info,Umbrella,4,4799,19196,2023-08-07,Monsoon,4,608,4799.0,3,Seasonal Buyers,Seasonal Promotions & Personalized Offers
1100,Misty Bruce,michaeljohnson@yahoo.com,Boots,5,3001,15005,2023-01-09,Winter,1,818,3001.0,3,Seasonal Buyers,Seasonal Promotions & Personalized Offers
1101,Brian Lopez,mayojulie@perez.com,Waterproof Shoes,2,3442,6884,2023-09-19,Monsoon,4,565,3442.0,3,Seasonal Buyers,Seasonal Promotions & Personalized Offers
1102,Ryan Williamson,madelinemorris@frost-lopez.biz,Light Jacket,2,2597,5194,2024-04-28,Spring,2,343,2597.0,0,Low-Value Frequent Buyers,Discount Coupons & Loyalty Programs
1103,Laura Webb,mcdowellkristi@jackson.com,Cardigan,5,1146,5730,2024-09-09,Autumn,3,209,1146.0,0,Low-Value Frequent Buyers,Discount Coupons & Loyalty Programs
1104,Lori Harmon,baileymichael@hotmail.com,Sandals,5,1936,9680,2024-08-04,Summer,0,245,1936.0,0,Low-Value Frequent Buyers,Discount Coupons & Loyalty Programs
1105,Timothy Armstrong,katherine57@kerr-walter.com,Loafers,3,3520,10560,2024-11-20,Autumn,3,137,3520.0,1,High-Value Loyal Customers,Exclusive Membership & VIP Rewards
1106,David Hurst,dicksonrodney@richards.biz,Scarf,5,845,4225,2023-01-08,Winter,1,819,845.0,2,Lost Customers,Re-engagement Emails & Offers
1107,Christopher Carroll,amandasmith@williams.net,Tank Top,5,4551,22755,2023-06-10,Summer,0,666,4551.0,3,Seasonal Buyers,Seasonal Promotions & Personalized Offers
1108,Tracy Sullivan,brandonbenitez@franklin.info,Loafers,1,1728,1728,2023-11-21,Autumn,3,502,1728.0,2,Lost Customers,Re-engagement Emails & Offers
1109,Craig Cunningham,hansensteven@carlson.com,Sneakers,4,2781,11124,2024-05-09,Spring,2,332,2781.0,1,High-Value Loyal Customers,Exclusive Membership & VIP Rewards
1110,Erin Robles,rmarks@harrison.com,Jacket,4,4659,18636,2023-02-20,Winter,1,776,4659.0,3,Seasonal Buyers,Seasonal Promotions & Personalized Offers
1111,Kayla Kelley,joseph67@farrell-robertson.com,Sneakers,2,657,1314,2024-04-12,Spring,2,359,657.0,0,Low-Value Frequent Buyers,Discount Coupons & Loyalty Programs
1112,Marcia Sanchez,warnerangela@rodriguez-benson.info,Umbrella,2,3454,6908,2024-09-01,Monsoon,4,217,3454.0,1,High-Value Loyal Customers,Exclusive Membership & VIP Rewards
1113,Jaime Garcia,hryan@arnold.com,Boots,1,3229,3229,2023-12-05,Winter,1,488,3229.0,3,Seasonal Buyers,Seasonal Promotions & Personalized Offers
1114,Paul Rogers,kimberlysullivan@perry-donovan.biz,Jacket,4,1134,4536,2023-01-04,Winter,1,823,1134.0,2,Lost Customers,Re-engagement Emails & Offers
1115,Michael Ramirez,youngbenjamin@hotmail.com,Jacket,3,1427,4281,2024-01-08,Winter,1,454,1427.0,2,Lost Customers,Re-engagement Emails & Offers
1116,Angel Marshall,russellronnie@gmail.com,Blazer,4,4503,18012,2023-11-20,Autumn,3,503,4503.0,3,Seasonal Buyers,Seasonal Promotions & Personalized Offers
1117,Aaron Moore,ekennedy@cross.biz,Waterproof Shoes,1,3381,3381,2024-08-02,Monsoon,4,247,3381.0,1,High-Value Loyal Customers,Exclusive Membership & VIP Rewards
1118,Catherine Pierce,marcus03@hotmail.com,Umbrella,3,3912,11736,2023-07-09,Monsoon,4,637,3912.0,3,Seasonal Buyers,Seasonal Promotions & Personalized Offers
1119,Melissa Werner,kimberlypatel@green.com,Umbrella,3,2379,7137,2023-07-16,Monsoon,4,630,2379.0,2,Lost Customers,Re-engagement Emails & Offers
1120,Tammy Reed,robert95@middleton.com,Umbrella,2,4061,8122,2024-09-28,Monsoon,4,190,4061.0,1,High-Value Loyal Customers,Exclusive Membership & VIP Rewards
1121,David Martinez,allison63@hotmail.com,Shorts,2,3492,6984,2023-06-13,Summer,0,663,3492.0,3,Seasonal Buyers,Seasonal Promotions & Personalized Offers
1122,Mary Taylor,nhardy@hotmail.com,Umbrella,2,2924,5848,2024-09-28,Monsoon,4,190,2924.0,1,High-Value Loyal Customers,Exclusive Membership & VIP Rewards
1123,Mary Munoz,wrightrhonda@hotmail.com,Light Jacket,3,633,1899,2024-04-01,Spring,2,370,633.0,0,Low-Value Frequent Buyers,Discount Coupons & Loyalty Programs
1124,Kristina Lee,carol81@parrish.net,Jacket,2,2368,4736,2024-02-22,Winter,1,409,2368.0,0,Low-Value Frequent Buyers,Discount Coupons & Loyalty Programs
1125,Rebekah Jones,sanchezleslie@cantu.com,Scarf,5,3299,16495,2023-12-25,Winter,1,468,3299.0,3,Seasonal Buyers,Seasonal Promotions & Personalized Offers
1126,John Miller,rodriguezdavid@salinas-jordan.com,Umbrella,5,2339,11695,2023-07-22,Monsoon,4,624,2339.0,2,Lost Customers,Re-engagement Emails & Offers
1127,Keith Clark,alisonstone@atkins.biz,Shorts,1,4835,4835,2025-06-10,Summer,0,-65,4835.0,1,High-Value Loyal Customers,Exclusive Membership & VIP Rewards
1128,Patrick White,lphillips@hotmail.com,Sunglasses,5,4769,23845,2024-06-13,Summer,0,297,4769.0,1,High-Value Loyal Customers,Exclusive Membership & VIP Rewards
1129,Matthew Scott,matthewlester@wood.com,Umbrella,4,2786,11144,2024-08-19,Monsoon,4,230,2786.0,1,High-Value Loyal Customers,Exclusive Membership & VIP Rewards
1130,Robert Bailey,douglas61@yahoo.com,Waterproof Shoes,3,2436,7308,2023-06-24,Monsoon,4,652,2436.0,2,Lost Customers,Re-engagement Emails & Offers
1131,Joseph Sanchez,angelica31@stewart.com,Tank Top,1,1635,1635,2024-07-16,Summer,0,264,1635.0,0,Low-Value Frequent Buyers,Discount Coupons & Loyalty Programs
1132,Ronald Butler,brian97@gmail.com,Full-Sleeve Shirt,5,2287,11435,2023-10-28,Autumn,3,526,2287.0,2,Lost Customers,Re-engagement Emails & Offers
1133,Mrs. Casey Fletcher,juliekline@wiggins.com,Waterproof Shoes,3,4329,12987,2023-07-14,Monsoon,4,632,4329.0,3,Seasonal Buyers,Seasonal Promotions & Personalized Offers
1134,Nancy Lutz,carmendickson@hotmail.com,Umbrella,2,3614,7228,2024-09-07,Monsoon,4,211,3614.0,1,High-Value Loyal Customers,Exclusive Membership & VIP Rewards
1135,Adam Guerrero,amandalin@hotmail.com,Loafers,5,4917,24585,2024-11-07,Autumn,3,150,4917.0,1,High-Value Loyal Customers,Exclusive Membership & VIP Rewards
1136,Michael Oconnor,ewallace@parrish-smith.com,Light Jacket,3,1773,5319,2024-04-06,Spring,2,365,1773.0,0,Low-Value Frequent Buyers,Discount Coupons & Loyalty Programs
1137,Christina Graham,jane53@white.org,Jeans,3,3111,9333,2023-05-08,Spring,2,699,3111.0,3,Seasonal Buyers,Seasonal Promotions & Personalized Offers
1138,Sarah Lee,michealkramer@hotmail.com,Full-Sleeve Shirt,5,3312,16560,2025-09-22,Autumn,3,-169,3312.0,1,High-Value Loyal Customers,Exclusive Membership & VIP Rewards
1139,Amanda Johnson,walkercarla@gmail.com,Waterproof Shoes,3,2459,7377,2025-09-05,Monsoon,4,-152,2459.0,0,Low-Value Frequent Buyers,Discount Coupons & Loyalty Programs
1140,Heather Johnson,daystephen@calderon-richardson.org,Cardigan,5,1024,5120,2024-09-28,Autumn,3,190,1024.0,0,Low-Value Frequent Buyers,Discount Coupons & Loyalty Programs
1141,Andrew Cochran,saralucas@baxter-moody.net,Full-Sleeve Shirt,2,4243,8486,2024-10-28,Autumn,3,160,4243.0,1,High-Value Loyal Customers,Exclusive Membership & VIP Rewards
1142,James Brown,zbooth@wood.org,Jeans,5,951,4755,2024-04-01,Spring,2,370,951.0,0,Low-Value Frequent Buyers,Discount Coupons & Loyalty Programs
1143,Angelica Myers,hwolf@harris.net,Tank Top,5,4656,23280,2023-07-23,Summer,0,623,4656.0,3,Seasonal Buyers,Seasonal Promotions & Personalized Offers
1144,Vanessa Robbins,patrickjohnston@hotmail.com,Waterproof Shoes,5,3938,19690,2024-06-28,Monsoon,4,282,3938.0,1,High-Value Loyal Customers,Exclusive Membership & VIP Rewards
1145,Megan Wells,yglenn@hotmail.com,Waterproof Shoes,2,4555,9110,2025-08-10,Monsoon,4,-126,4555.0,1,High-Value Loyal Customers,Exclusive Membership & VIP Rewards
1146,Whitney Hardin,annagriffin@kelly.net,Sunglasses,5,3663,18315,2023-06-19,Summer,0,657,3663.0,3,Seasonal Buyers,Seasonal Promotions & Personalized Offers
1147,Scott Evans,janet91@schmidt-garza.org,Sandals,2,2766,5532,2023-07-22,Summer,0,624,2766.0,2,Lost Customers,Re-engagement Emails & Offers
1148,John Williams,cynthia86@hotmail.com,Sandals,1,4152,4152,2024-06-10,Summer,0,300,4152.0,1,High-Value Loyal Customers,Exclusive Membership & VIP Rewards
1149,Jennifer Kirk,dmason@hotmail.com,Blazer,5,4927,24635,2025-09-28,Autumn,3,-175,4927.0,1,High-Value Loyal Customers,Exclusive Membership & VIP Rewards
1150,Vincent Wise,tranchristopher@yahoo.com,Light Jacket,1,1038,1038,2024-04-06,Spring,2,365,1038.0,0,Low-Value Frequent Buyers,Discount Coupons & Loyalty Programs
1151,Jaclyn Harvey,colonscott@hotmail.com,Raincoat,3,2145,6435,2024-07-16,Monsoon,4,264,2145.0,0,Low-Value Frequent Buyers,Discount Coupons & Loyalty Programs
1152,Shelby Cox,tgarrett@gmail.com,Full-Sleeve Shirt,3,1402,4206,2024-09-21,Autumn,3,197,1402.0,0,Low-Value Frequent Buyers,Discount Coupons & Loyalty Programs
1153,Cindy Kirk,kimberlygriffin@gmail.com,Raincoat,5,4234,21170,2025-08-01,Monsoon,4,-117,4234.0,1,High-Value Loyal Customers,Exclusive Membership & VIP Rewards
1154,Eric Edwards,grantmeredith@horton-cohen.com,Sunglasses,3,1200,3600,2023-06-26,Summer,0,650,1200.0,2,Lost Customers,Re-engagement Emails & Offers
1155,Jillian Patton,armstrongjeffrey@bennett.org,Sneakers,3,934,2802,2025-03-28,Spring,2,9,934.0,0,Low-Value Frequent Buyers,Discount Coupons & Loyalty Programs
1156,Jerry Nguyen,faithharris@mcclure-lane.com,Jacket,4,808,3232,2023-02-10,Winter,1,786,808.0,2,Lost Customers,Re-engagement Emails & Offers
1157,Christina Martin,kaylaperez@yahoo.com,Umbrella,4,2462,9848,2024-06-27,Monsoon,4,283,2462.0,0,Low-Value Frequent Buyers,Discount Coupons & Loyalty Programs
1158,Jonathan Williams,xkelly@hotmail.com,Scarf,4,3391,13564,2025-02-11,Winter,1,54,3391.0,1,High-Value Loyal Customers,Exclusive Membership & VIP Rewards
1159,Jonathan Stanton,allison17@yahoo.com,Sneakers,5,2632,13160,2023-03-23,Spring,2,745,2632.0,2,Lost Customers,Re-engagement Emails & Offers
1160,Michelle Martin,brandon93@cooke-gonzalez.org,T-Shirt,4,3093,12372,2023-05-23,Spring,2,684,3093.0,3,Seasonal Buyers,Seasonal Promotions & Personalized Offers
1161,David Peterson,barbarajackson@allen-lowe.com,T-Shirt,2,1133,2266,2024-05-27,Spring,2,314,1133.0,0,Low-Value Frequent Buyers,Discount Coupons & Loyalty Programs
1162,Allison Anderson,david90@silva-reese.com,Blazer,1,1932,1932,2023-11-10,Autumn,3,513,1932.0,2,Lost Customers,Re-engagement Emails & Offers
1163,Rebecca Beasley,patriciamathews@hill-willis.org,Sandals,2,2470,4940,2023-08-21,Summer,0,594,2470.0,2,Lost Customers,Re-engagement Emails & Offers
1164,Carolyn Bell,robertsbrandon@hotmail.com,Sandals,3,1786,5358,2023-07-19,Summer,0,627,1786.0,2,Lost Customers,Re-engagement Emails & Offers
1165,Lisa Ramos,joseph94@yahoo.com,Sneakers,5,3185,15925,2023-03-02,Spring,2,766,3185.0,3,Seasonal Buyers,Seasonal Promotions & Personalized Offers
1166,Daniel Evans,kyleedwards@yahoo.com,T-Shirt,2,868,1736,2023-05-11,Spring,2,696,868.0,2,Lost Customers,Re-engagement Emails & Offers
1167,Tina Baird,andrew26@howe.org,Tank Top,5,3849,19245,2024-07-17,Summer,0,263,3849.0,1,High-Value Loyal Customers,Exclusive Membership & VIP Rewards
1168,Jeffrey Ray,bking@hall.biz,T-Shirt,2,3294,6588,2024-05-28,Spring,2,313,3294.0,1,High-Value Loyal Customers,Exclusive Membership & VIP Rewards
1169,Mary Porter,paulporter@gentry-anderson.info,Blazer,2,4896,9792,2023-11-09,Autumn,3,514,4896.0,3,Seasonal Buyers,Seasonal Promotions & Personalized Offers
1170,Shawn Bartlett,jessicahiggins@ford.com,Waterproof Shoes,5,2764,13820,2023-06-01,Monsoon,4,675,2764.0,2,Lost Customers,Re-engagement Emails & Offers
1171,Jordan Bentley,feliciareese@hotmail.com,Waterproof Shoes,1,4371,4371,2024-07-21,Monsoon,4,259,4371.0,1,High-Value Loyal Customers,Exclusive Membership & VIP Rewards
1172,Marcia Herrera,xberger@gmail.com,Umbrella,3,4365,13095,2024-08-03,Monsoon,4,246,4365.0,1,High-Value Loyal Customers,Exclusive Membership & VIP Rewards
1173,John Aguilar,williamsjennifer@anderson.com,Boots,4,1494,5976,2024-02-28,Winter,1,403,1494.0,0,Low-Value Frequent Buyers,Discount Coupons & Loyalty Programs
1174,Desiree Smith,abrown@ward.com,Cardigan,3,2342,7026,2023-11-19,Autumn,3,504,2342.0,2,Lost Customers,Re-engagement Emails & Offers
1175,Christina Thompson,mitchelljoseph@landry-wong.com,T-Shirt,1,3318,3318,2023-04-02,Spring,2,735,3318.0,3,Seasonal Buyers,Seasonal Promotions & Personalized Offers
1176,Aaron Wright,galexander@gmail.com,Full-Sleeve Shirt,2,609,1218,2023-09-06,Autumn,3,578,609.0,2,Lost Customers,Re-engagement Emails & Offers
1177,Thomas Reed,browntina@hotmail.com,Sandals,4,1902,7608,2023-06-14,Summer,0,662,1902.0,2,Lost Customers,Re-engagement Emails & Offers
1178,Amy Sanchez,millerchristopher@gmail.com,Tank Top,4,4846,19384,2024-06-23,Summer,0,287,4846.0,1,High-Value Loyal Customers,Exclusive Membership & VIP Rewards
1179,Gregory White,leahjoyce@blair.com,Shorts,2,3006,6012,2024-06-11,Summer,0,299,3006.0,1,High-Value Loyal Customers,Exclusive Membership & VIP Rewards
1180,Michael Atkinson,markthornton@hotmail.com,Sneakers,5,2991,14955,2023-05-10,Spring,2,697,2991.0,3,Seasonal Buyers,Seasonal Promotions & Personalized Offers
1181,Theresa Sanders,andrewchristensen@sullivan.com,Loafers,2,3856,7712,2024-11-25,Autumn,3,132,3856.0,1,High-Value Loyal Customers,Exclusive Membership & VIP Rewards
1182,Tammy Saunders,twatson@peck.com,Jeans,1,862,862,2023-05-28,Spring,2,679,862.0,2,Lost Customers,Re-engagement Emails & Offers
1183,Jason Anderson,tammy47@hotmail.com,Umbrella,4,4962,19848,2023-08-28,Monsoon,4,587,4962.0,3,Seasonal Buyers,Seasonal Promotions & Personalized Offers
1184,Anita Wilson,nicholascook@hotmail.com,Jacket,5,2162,10810,2024-01-07,Winter,1,455,2162.0,2,Lost Customers,Re-engagement Emails & Offers
1185,Jessica Meza,michellegarcia@garcia.org,Cardigan,3,4406,13218,2024-10-28,Autumn,3,160,4406.0,1,High-Value Loyal Customers,Exclusive Membership & VIP Rewards
1186,Karen Ellis,melissamccoy@gmail.com,Jacket,3,3681,11043,2023-12-21,Winter,1,472,3681.0,3,Seasonal Buyers,Seasonal Promotions & Personalized Offers
1187,John Braun,allencorey@gmail.com,Jeans,1,3438,3438,2023-05-15,Spring,2,692,3438.0,3,Seasonal Buyers,Seasonal Promotions & Personalized Offers
1188,Yolanda Campbell,lpruitt@hotmail.com,Umbrella,3,1028,3084,2024-08-01,Monsoon,4,248,1028.0,0,Low-Value Frequent Buyers,Discount Coupons & Loyalty Programs
1189,Jim Hurley,michellechoi@gmail.com,Full-Sleeve Shirt,5,4481,22405,2024-11-21,Autumn,3,136,4481.0,1,High-Value Loyal Customers,Exclusive Membership & VIP Rewards
1190,Diana Harris,athompson@crosby-randall.com,Waterproof Shoes,3,3816,11448,2024-06-03,Monsoon,4,307,3816.0,1,High-Value Loyal Customers,Exclusive Membership & VIP Rewards
1191,Emily Miller,kathryn52@clark-mann.biz,Jeans,5,3771,18855,2024-03-24,Spring,2,378,3771.0,1,High-Value Loyal Customers,Exclusive Membership & VIP Rewards
1192,Tammy Burns,fuentessharon@mendoza-castillo.info,Umbrella,4,2358,9432,2024-06-06,Monsoon,4,304,2358.0,0,Low-Value Frequent Buyers,Discount Coupons & Loyalty Programs
1193,Michael Williams,kelli33@johnson.com,Jacket,4,2051,8204,2023-01-17,Winter,1,810,2051.0,2,Lost Customers,Re-engagement Emails & Offers
1194,Danielle Castro,daypeter@hotmail.com,Loafers,4,1103,4412,2023-09-16,Autumn,3,568,1103.0,2,Lost Customers,Re-engagement Emails & Offers
1195,Chad Rogers,jasonflynn@yahoo.com,Sweater,2,1777,3554,2024-12-25,Winter,1,102,1777.0,0,Low-Value Frequent Buyers,Discount Coupons & Loyalty Programs
1196,Michael Robertson,melodywright@lawson.com,Tank Top,5,4779,23895,2024-07-11,Summer,0,269,4779.0,1,High-Value Loyal Customers,Exclusive Membership & VIP Rewards
1197,Michael Rodriguez,qhunt@yahoo.com,Tank Top,1,3738,3738,2023-08-05,Summer,0,610,3738.0,3,Seasonal Buyers,Seasonal Promotions & Personalized Offers
1198,Tanner Moody,uballard@hotmail.com,Umbrella,1,3047,3047,2024-07-10,Monsoon,4,270,3047.0,1,High-Value Loyal Customers,Exclusive Membership & VIP Rewards
1199,Mary Sandoval,santosbrent@nichols.biz,Sunglasses,2,924,1848,2023-07-19,Summer,0,627,924.0,2,Lost Customers,Re-engagement Emails & Offers
1200,James Mitchell,milesangela@long-rivera.com,Jacket,1,1563,1563,2023-02-24,Winter,1,772,1563.0,2,Lost Customers,Re-engagement Emails & Offers
1201,Rebecca Cook,davidthompson@smith.com,Sweater,3,3009,9027,2023-12-02,Winter,1,491,3009.0,3,Seasonal Buyers,Seasonal Promotions & Personalized Offers
1202,Laura Ali,riverarebecca@ingram.com,Raincoat,1,3166,3166,2024-06-20,Monsoon,4,290,3166.0,1,High-Value Loyal Customers,Exclusive Membership & VIP Rewards
1203,Michael Gonzales,tommyjohnson@hotmail.com,Umbrella,4,2198,8792,2024-07-13,Monsoon,4,267,2198.0,0,Low-Value Frequent Buyers,Discount Coupons & Loyalty Programs
1204,Ruth Bates,macdonaldjessica@hotmail.com,Sweater,3,4217,12651,2024-12-24,Winter,1,103,4217.0,1,High-Value Loyal Customers,Exclusive Membership & VIP Rewards
1205,Jill Bullock,bradley59@holmes-williams.com,Sunglasses,1,621,621,2023-08-01,Summer,0,614,621.0,2,Lost Customers,Re-engagement Emails & Offers
1206,Kenneth Torres,alexanderwilliamson@estrada.com,Scarf,3,1989,5967,2024-12-12,Winter,1,115,1989.0,0,Low-Value Frequent Buyers,Discount Coupons & Loyalty Programs
1207,Anna Walsh,obrienalbert@hotmail.com,Tank Top,3,4735,14205,2024-06-02,Summer,0,308,4735.0,1,High-Value Loyal Customers,Exclusive Membership & VIP Rewards
1208,Alexander Medina,cindy53@yahoo.com,Jacket,1,3030,3030,2025-02-07,Winter,1,58,3030.0,1,High-Value Loyal Customers,Exclusive Membership & VIP Rewards
1209,Adam Blair DVM,heatherday@yahoo.com,Tank Top,3,2136,6408,2023-06-18,Summer,0,658,2136.0,2,Lost Customers,Re-engagement Emails & Offers
1210,Michael Allen,jessica68@hotmail.com,Scarf,4,3749,14996,2024-12-19,Winter,1,108,3749.0,1,High-Value Loyal Customers,Exclusive Membership & VIP Rewards
1211,Candice Gordon,ericwright@orozco.com,Blazer,5,4711,23555,2024-10-23,Autumn,3,165,4711.0,1,High-Value Loyal Customers,Exclusive Membership & VIP Rewards
1212,Donald Clark,michaelbrown@gmail.com,T-Shirt,4,4435,17740,2023-05-08,Spring,2,699,4435.0,3,Seasonal Buyers,Seasonal Promotions & Personalized Offers
1213,Omar Lyons,tylerhodge@gmail.com,Full-Sleeve Shirt,4,4883,19532,2023-11-21,Autumn,3,502,4883.0,3,Seasonal Buyers,Seasonal Promotions & Personalized Offers
1214,Joshua Mcdonald,guerreromario@davis.com,Raincoat,5,4284,21420,2023-09-03,Monsoon,4,581,4284.0,3,Seasonal Buyers,Seasonal Promotions & Personalized Offers
1215,Anthony Lewis,heathermiller@clark.biz,T-Shirt,5,2610,13050,2024-04-12,Spring,2,359,2610.0,0,Low-Value Frequent Buyers,Discount Coupons & Loyalty Programs
1216,Toni Burns,huntermichael@mccall-alexander.com,Sunglasses,2,1882,3764,2024-07-18,Summer,0,262,1882.0,0,Low-Value Frequent Buyers,Discount Coupons & Loyalty Programs
1217,Clarence Frost,cstanton@hotmail.com,Light Jacket,3,4871,14613,2023-04-04,Spring,2,733,4871.0,3,Seasonal Buyers,Seasonal Promotions & Personalized Offers
1218,Patricia Ruiz,kmoses@gmail.com,Jeans,1,2068,2068,2023-05-14,Spring,2,693,2068.0,2,Lost Customers,Re-engagement Emails & Offers
1219,Sarah Hicks,christina20@wade-ramos.com,Raincoat,1,660,660,2024-08-17,Monsoon,4,232,660.0,0,Low-Value Frequent Buyers,Discount Coupons & Loyalty Programs
1220,Vincent Gonzalez,mphillips@yahoo.com,Blazer,5,4023,20115,2024-10-28,Autumn,3,160,4023.0,1,High-Value Loyal Customers,Exclusive Membership & VIP Rewards
1221,Katie Burgess,parksjeffrey@garcia.org,Raincoat,3,2132,6396,2023-06-15,Monsoon,4,661,2132.0,2,Lost Customers,Re-engagement Emails & Offers
1222,Christine Valdez,kevinhumphrey@gmail.com,Scarf,3,578,1734,2023-12-17,Winter,1,476,578.0,2,Lost Customers,Re-engagement Emails & Offers
1223,Ryan Sanford,marissa84@gmail.com,Light Jacket,5,1151,5755,2023-03-23,Spring,2,745,1151.0,2,Lost Customers,Re-engagement Emails & Offers
1224,Stephanie Andrews,pwalker@yahoo.com,Tank Top,5,573,2865,2023-08-26,Summer,0,589,573.0,2,Lost Customers,Re-engagement Emails & Offers
1225,James Cameron,julie23@yahoo.com,Sunglasses,5,4066,20330,2024-07-28,Summer,0,252,4066.0,1,High-Value Loyal Customers,Exclusive Membership & VIP Rewards
1226,Juan Griffin,wbrowning@ross.com,Raincoat,3,3244,9732,2024-09-11,Monsoon,4,207,3244.0,1,High-Value Loyal Customers,Exclusive Membership & VIP Rewards
1227,Joshua Rice,brooketran@oneal.com,Sweater,3,2660,7980,2023-01-10,Winter,1,817,2660.0,2,Lost Customers,Re-engagement Emails & Offers
1228,Brooke Benson,montgomerynicholas@vaughan.biz,Shorts,4,791,3164,2024-06-03,Summer,0,307,791.0,0,Low-Value Frequent Buyers,Discount Coupons & Loyalty Programs
1229,Anthony Patton,spencerstephanie@gmail.com,Raincoat,4,2142,8568,2025-09-03,Monsoon,4,-150,2142.0,0,Low-Value Frequent Buyers,Discount Coupons & Loyalty Programs
1230,Caitlin Evans,lisajohnson@hotmail.com,Umbrella,5,1962,9810,2023-09-01,Monsoon,4,583,1962.0,2,Lost Customers,Re-engagement Emails & Offers
1231,Lauren Young,joyce20@gmail.com,Jacket,4,3263,13052,2023-02-07,Winter,1,789,3263.0,3,Seasonal Buyers,Seasonal Promotions & Personalized Offers
1232,Elizabeth Smith,parias@white-washington.com,Boots,4,3480,13920,2023-02-05,Winter,1,791,3480.0,3,Seasonal Buyers,Seasonal Promotions & Personalized Offers
1233,Jeremy Stewart,tara24@hotmail.com,Scarf,5,2323,11615,2024-12-15,Winter,1,112,2323.0,0,Low-Value Frequent Buyers,Discount Coupons & Loyalty Programs
1234,Paula Garcia,hurleytonya@hotmail.com,Cardigan,1,2870,2870,2024-09-04,Autumn,3,214,2870.0,1,High-Value Loyal Customers,Exclusive Membership & VIP Rewards
1235,Erica Nguyen,lorifoster@yahoo.com,Cardigan,5,4160,20800,2023-09-08,Autumn,3,576,4160.0,3,Seasonal Buyers,Seasonal Promotions & Personalized Offers
1236,Charles Browning,psmith@beasley.com,Tank Top,5,3220,16100,2023-06-26,Summer,0,650,3220.0,3,Seasonal Buyers,Seasonal Promotions & Personalized Offers
1237,Robert Perkins,johnsonrobert@yahoo.com,Sneakers,2,4027,8054,2023-05-07,Spring,2,700,4027.0,3,Seasonal Buyers,Seasonal Promotions & Personalized Offers
1238,Mark Coleman,andrew48@yahoo.com,Light Jacket,4,4964,19856,2023-04-25,Spring,2,712,4964.0,3,Seasonal Buyers,Seasonal Promotions & Personalized Offers
1239,Edwin Potter,carlos62@yahoo.com,Waterproof Shoes,3,4074,12222,2023-08-19,Monsoon,4,596,4074.0,3,Seasonal Buyers,Seasonal Promotions & Personalized Offers
1240,Maria Green,pcastillo@hotmail.com,T-Shirt,2,1419,2838,2023-03-10,Spring,2,758,1419.0,2,Lost Customers,Re-engagement Emails & Offers
1241,Ross Gonzalez,kdavis@blevins.com,T-Shirt,2,4707,9414,2023-05-26,Spring,2,681,4707.0,3,Seasonal Buyers,Seasonal Promotions & Personalized Offers
1242,Donald Foster,bensonkirsten@hotmail.com,Sandals,3,4426,13278,2024-07-23,Summer,0,257,4426.0,1,High-Value Loyal Customers,Exclusive Membership & VIP Rewards
1243,Gary Hicks,sevans@everett-estrada.com,Sneakers,4,928,3712,2024-03-15,Spring,2,387,928.0,0,Low-Value Frequent Buyers,Discount Coupons & Loyalty Programs
1244,Leonard Garcia,karenfarmer@smith-cross.com,Raincoat,5,3303,16515,2023-08-27,Monsoon,4,588,3303.0,3,Seasonal Buyers,Seasonal Promotions & Personalized Offers
1245,Maria Wagner,jlewis@padilla.biz,Blazer,4,4763,19052,2024-09-14,Autumn,3,204,4763.0,1,High-Value Loyal Customers,Exclusive Membership & VIP Rewards
1246,Alexis Miller,qpowell@gmail.com,Loafers,2,3253,6506,2025-09-06,Autumn,3,-153,3253.0,1,High-Value Loyal Customers,Exclusive Membership & VIP Rewards
1247,Brian Terrell,richardjohnson@hotmail.com,Umbrella,3,2745,8235,2023-08-15,Monsoon,4,600,2745.0,2,Lost Customers,Re-engagement Emails & Offers
1248,Karen Thompson,juliasmith@durham-brown.org,Sandals,1,2741,2741,2023-06-27,Summer,0,649,2741.0,2,Lost Customers,Re-engagement Emails & Offers
1249,Molly Howell,jgibson@gmail.com,Sneakers,5,902,4510,2024-05-28,Spring,2,313,902.0,0,Low-Value Frequent Buyers,Discount Coupons & Loyalty Programs
1250,Scott Schwartz,luismiller@gmail.com,Jeans,4,1076,4304,2024-04-02,Spring,2,369,1076.0,0,Low-Value Frequent Buyers,Discount Coupons & Loyalty Programs
1251,Crystal Young,cparker@parsons-lyons.org,Cardigan,4,3512,14048,2024-10-05,Autumn,3,183,3512.0,1,High-Value Loyal Customers,Exclusive Membership & VIP Rewards
1252,Kyle Morales,martinstephanie@gmail.com,Sunglasses,5,3649,18245,2023-08-04,Summer,0,611,3649.0,3,Seasonal Buyers,Seasonal Promotions & Personalized Offers
1253,Kelly Miles,hollycombs@gmail.com,Jeans,3,4035,12105,2024-05-02,Spring,2,339,4035.0,1,High-Value Loyal Customers,Exclusive Membership & VIP Rewards
1254,Sarah Odonnell,wigginsjill@smith.net,Cardigan,4,2748,10992,2024-10-20,Autumn,3,168,2748.0,1,High-Value Loyal Customers,Exclusive Membership & VIP Rewards
1255,April Duffy,garciagerald@gmail.com,Tank Top,4,2125,8500,2024-07-07,Summer,0,273,2125.0,0,Low-Value Frequent Buyers,Discount Coupons & Loyalty Programs
1256,Erica Williams,perezmatthew@gmail.com,Sweater,1,1796,1796,2024-02-07,Winter,1,424,1796.0,0,Low-Value Frequent Buyers,Discount Coupons & Loyalty Programs
1257,Nicholas Jackson,dana62@soto-hall.net,Waterproof Shoes,3,925,2775,2023-09-12,Monsoon,4,572,925.0,2,Lost Customers,Re-engagement Emails & Offers
1258,Michael Howard,gjenkins@williams.com,Scarf,4,2687,10748,2023-02-08,Winter,1,788,2687.0,2,Lost Customers,Re-engagement Emails & Offers
1259,Ashley Jackson,wheelerpaul@gmail.com,Sweater,2,3156,6312,2024-02-05,Winter,1,426,3156.0,3,Seasonal Buyers,Seasonal Promotions & Personalized Offers
1260,Kelli Johnson,bill92@mosley-cox.com,Sunglasses,4,2013,8052,2024-08-22,Summer,0,227,2013.0,0,Low-Value Frequent Buyers,Discount Coupons & Loyalty Programs
1261,Melissa Gilbert,pallen@hotmail.com,Umbrella,1,2081,2081,2023-09-11,Monsoon,4,573,2081.0,2,Lost Customers,Re-engagement Emails & Offers
1262,Scott Hernandez,hrhodes@carr.com,Sweater,3,3612,10836,2024-01-12,Winter,1,450,3612.0,3,Seasonal Buyers,Seasonal Promotions & Personalized Offers
1263,Stacie Meyer,hilljames@burke.biz,Tank Top,2,1472,2944,2023-07-18,Summer,0,628,1472.0,2,Lost Customers,Re-engagement Emails & Offers
1264,Michael Vance,jennifer87@chapman-wilkins.com,Tank Top,5,1848,9240,2024-07-25,Summer,0,255,1848.0,0,Low-Value Frequent Buyers,Discount Coupons & Loyalty Programs
1265,James King,james02@chen-davis.com,Sweater,4,2327,9308,2023-01-08,Winter,1,819,2327.0,2,Lost Customers,Re-engagement Emails & Offers
1266,Cole Rodriguez,anthonyfinley@brown.com,Jeans,2,913,1826,2023-04-06,Spring,2,731,913.0,2,Lost Customers,Re-engagement Emails & Offers
1267,Mr. Eric Snyder DVM,fwalls@gmail.com,Umbrella,5,1988,9940,2024-06-10,Monsoon,4,300,1988.0,0,Low-Value Frequent Buyers,Discount Coupons & Loyalty Programs
1268,Christopher Martinez,lstein@yahoo.com,Sneakers,4,2180,8720,2024-04-10,Spring,2,361,2180.0,0,Low-Value Frequent Buyers,Discount Coupons & Loyalty Programs
1269,Melissa Patrick,uwilliams@hodge.org,Full-Sleeve Shirt,4,1944,7776,2025-11-12,Autumn,3,-220,1944.0,0,Low-Value Frequent Buyers,Discount Coupons & Loyalty Programs
1270,Timothy Taylor,andre32@gmail.com,Sneakers,3,2052,6156,2023-05-02,Spring,2,705,2052.0,2,Lost Customers,Re-engagement Emails & Offers
1271,Scott Ward,petersonderrick@roberson-stewart.com,Cardigan,3,921,2763,2023-11-28,Autumn,3,495,921.0,2,Lost Customers,Re-engagement Emails & Offers
1272,Sandra Williams,matthew80@smith-brown.biz,Raincoat,5,4534,22670,2024-07-21,Monsoon,4,259,4534.0,1,High-Value Loyal Customers,Exclusive Membership & VIP Rewards
1273,Brandon Sawyer,williamsemily@gmail.com,Sweater,4,3779,15116,2023-02-07,Winter,1,789,3779.0,3,Seasonal Buyers,Seasonal Promotions & Personalized Offers
1274,Robert Brown,perezaaron@gmail.com,Blazer,2,3311,6622,2024-09-28,Autumn,3,190,3311.0,1,High-Value Loyal Customers,Exclusive Membership & VIP Rewards
1275,John Ferguson,victoriacruz@hotmail.com,Shorts,2,4613,9226,2023-06-03,Summer,0,673,4613.0,3,Seasonal Buyers,Seasonal Promotions & Personalized Offers
1276,Russell Pena,jgriffith@hotmail.com,Umbrella,5,4522,22610,2024-08-19,Monsoon,4,230,4522.0,1,High-Value Loyal Customers,Exclusive Membership & VIP Rewards
1277,James Ellison,david41@hotmail.com,Loafers,2,3166,6332,2023-10-08,Autumn,3,546,3166.0,3,Seasonal Buyers,Seasonal Promotions & Personalized Offers
1278,Catherine Horton,lyonsrhonda@mendez.com,Shorts,5,1373,6865,2023-08-16,Summer,0,599,1373.0,2,Lost Customers,Re-engagement Emails & Offers
1279,Billy Horne,markspencer@acevedo.org,Waterproof Shoes,2,3408,6816,2024-09-05,Monsoon,4,213,3408.0,1,High-Value Loyal Customers,Exclusive Membership & VIP Rewards
1280,Misty Aguilar,rachelmalone@gmail.com,Light Jacket,1,736,736,2024-03-09,Spring,2,393,736.0,0,Low-Value Frequent Buyers,Discount Coupons & Loyalty Programs
1281,Jessica Cherry,rhumphrey@mejia-peterson.org,Shorts,2,550,1100,2023-08-17,Summer,0,598,550.0,2,Lost Customers,Re-engagement Emails & Offers
1282,Andrew Rojas,trankimberly@yahoo.com,Scarf,1,3683,3683,2023-12-17,Winter,1,476,3683.0,3,Seasonal Buyers,Seasonal Promotions & Personalized Offers
1283,John Long Jr.,baxtercorey@yahoo.com,Raincoat,1,4663,4663,2024-08-08,Monsoon,4,241,4663.0,1,High-Value Loyal Customers,Exclusive Membership & VIP Rewards
1284,Victoria Warren,gutierrezcathy@yahoo.com,Tank Top,4,4762,19048,2024-07-13,Summer,0,267,4762.0,1,High-Value Loyal Customers,Exclusive Membership & VIP Rewards
1285,Mr. Christopher Collins,linda66@huff.net,Scarf,3,4659,13977,2023-12-17,Winter,1,476,4659.0,3,Seasonal Buyers,Seasonal Promotions & Personalized Offers
1286,Dr. Ricardo Miller,eric13@hotmail.com,Full-Sleeve Shirt,3,568,1704,2024-10-08,Autumn,3,180,568.0,0,Low-Value Frequent Buyers,Discount Coupons & Loyalty Programs
1287,Allison Hendricks,smithlisa@lewis.com,Loafers,1,2584,2584,2023-11-15,Autumn,3,508,2584.0,2,Lost Customers,Re-engagement Emails & Offers
1288,Alan Navarro,yjohnston@gmail.com,Shorts,5,4259,21295,2024-08-28,Summer,0,221,4259.0,1,High-Value Loyal Customers,Exclusive Membership & VIP Rewards
1289,Sonya Keith,beckeileen@barnes-fox.com,Cardigan,1,4274,4274,2023-11-20,Autumn,3,503,4274.0,3,Seasonal Buyers,Seasonal Promotions & Personalized Offers
1290,Kevin Martin,kgonzalez@sanchez.com,Sneakers,3,1392,4176,2023-05-28,Spring,2,679,1392.0,2,Lost Customers,Re-engagement Emails & Offers
1291,Jason Preston,timothy58@yahoo.com,Sneakers,3,4794,14382,2023-05-27,Spring,2,680,4794.0,3,Seasonal Buyers,Seasonal Promotions & Personalized Offers
1292,Sandra Smith,andrewcalhoun@yahoo.com,Tank Top,4,2189,8756,2024-06-21,Summer,0,289,2189.0,0,Low-Value Frequent Buyers,Discount Coupons & Loyalty Programs
1293,Luis Kent,morriskarla@quinn.net,Cardigan,2,812,1624,2023-10-23,Autumn,3,531,812.0,2,Lost Customers,Re-engagement Emails & Offers
1294,Geoffrey Rivera,julieguzman@miller.com,Blazer,1,1818,1818,2023-11-20,Autumn,3,503,1818.0,2,Lost Customers,Re-engagement Emails & Offers
1295,Deborah Jones,harryjones@gmail.com,Waterproof Shoes,3,4236,12708,2024-09-11,Monsoon,4,207,4236.0,1,High-Value Loyal Customers,Exclusive Membership & VIP Rewards
1296,David Barnett,cdaniel@gmail.com,Boots,4,789,3156,2024-02-21,Winter,1,410,789.0,0,Low-Value Frequent Buyers,Discount Coupons & Loyalty Programs
1297,Stefanie Coleman,shill@gmail.com,Boots,1,522,522,2023-01-22,Winter,1,805,522.0,2,Lost Customers,Re-engagement Emails & Offers
1298,Kristin Mcdonald,john67@nelson.com,Shorts,5,4805,24025,2024-08-16,Summer,0,233,4805.0,1,High-Value Loyal Customers,Exclusive Membership & VIP Rewards
1299,Jill Logan,michelebeard@gmail.com,Full-Sleeve Shirt,3,4849,14547,2024-11-23,Autumn,3,134,4849.0,1,High-Value Loyal Customers,Exclusive Membership & VIP Rewards
1300,Erica Adams,teresa48@hotmail.com,Jacket,2,605,1210,2023-01-08,Winter,1,819,605.0,2,Lost Customers,Re-engagement Emails & Offers
1301,Paul Rodriguez,wilsonmelissa@summers.biz,Jeans,3,668,2004,2024-03-03,Spring,2,399,668.0,0,Low-Value Frequent Buyers,Discount Coupons & Loyalty Programs
1302,Alexander Anderson,emily67@gmail.com,Light Jacket,1,4950,4950,2023-05-25,Spring,2,682,4950.0,3,Seasonal Buyers,Seasonal Promotions & Personalized Offers
1303,Robert Johnson,margaretwilliams@hill-frazier.org,Jacket,3,3941,11823,2023-02-19,Winter,1,777,3941.0,3,Seasonal Buyers,Seasonal Promotions & Personalized Offers
1304,Michael Garcia,michaelgreen@yahoo.com,Cardigan,2,800,1600,2023-09-04,Autumn,3,580,800.0,2,Lost Customers,Re-engagement Emails & Offers
1305,Jacob Henry,charlesgomez@gmail.com,Full-Sleeve Shirt,5,3794,18970,2024-09-28,Autumn,3,190,3794.0,1,High-Value Loyal Customers,Exclusive Membership & VIP Rewards
1306,Danielle Huffman,xchase@bowers-ross.com,Boots,5,1644,8220,2023-02-25,Winter,1,771,1644.0,2,Lost Customers,Re-engagement Emails & Offers
1307,Steven Robinson,michaelbutler@wall-li.com,Sneakers,3,1115,3345,2024-03-20,Spring,2,382,1115.0,0,Low-Value Frequent Buyers,Discount Coupons & Loyalty Programs
1308,Marie Johnson,freddixon@ayers.biz,Umbrella,5,4486,22430,2023-06-16,Monsoon,4,660,4486.0,3,Seasonal Buyers,Seasonal Promotions & Personalized Offers
1309,Jennifer Carson,zachary73@johnson.com,Waterproof Shoes,5,758,3790,2023-06-10,Monsoon,4,666,758.0,2,Lost Customers,Re-engagement Emails & Offers
1310,Nicole Sellers,christinaford@buckley.com,Jeans,5,1210,6050,2025-05-06,Spring,2,-30,1210.0,0,Low-Value Frequent Buyers,Discount Coupons & Loyalty Programs
1311,John Martin,williamsscott@hotmail.com,T-Shirt,4,4893,19572,2024-04-08,Spring,2,363,4893.0,1,High-Value Loyal Customers,Exclusive Membership & VIP Rewards
1312,Sharon Holloway,debbie46@hotmail.com,Full-Sleeve Shirt,5,1035,5175,2024-10-26,Autumn,3,162,1035.0,0,Low-Value Frequent Buyers,Discount Coupons & Loyalty Programs
1313,Joanne Pittman,larrymcguire@yahoo.com,Cardigan,3,3682,11046,2024-11-04,Autumn,3,153,3682.0,1,High-Value Loyal Customers,Exclusive Membership & VIP Rewards
1314,Douglas Reed,jacksonisaac@chapman.com,Sneakers,2,3049,6098,2023-05-19,Spring,2,688,3049.0,3,Seasonal Buyers,Seasonal Promotions & Personalized Offers
1315,Sheila Brown,wpatel@gmail.com,T-Shirt,1,4566,4566,2023-03-18,Spring,2,750,4566.0,3,Seasonal Buyers,Seasonal Promotions & Personalized Offers
1316,Alan Palmer,jacobcollins@dixon.com,Boots,3,2972,8916,2025-02-11,Winter,1,54,2972.0,1,High-Value Loyal Customers,Exclusive Membership & VIP Rewards
1317,Brandon Johnson,vanessasellers@cook.com,Sunglasses,2,1206,2412,2023-08-25,Summer,0,590,1206.0,2,Lost Customers,Re-engagement Emails & Offers
1318,Shawn Flores,mayeramber@ortiz.org,Shorts,3,3775,11325,2024-08-13,Summer,0,236,3775.0,1,High-Value Loyal Customers,Exclusive Membership & VIP Rewards
1319,Michael Richardson,cartertiffany@aguilar.com,Waterproof Shoes,2,2699,5398,2023-08-23,Monsoon,4,592,2699.0,2,Lost Customers,Re-engagement Emails & Offers
1320,James Cohen,ahenry@carney-randall.com,Light Jacket,4,2322,9288,2023-05-12,Spring,2,695,2322.0,2,Lost Customers,Re-engagement Emails & Offers
1321,Mrs. Kelly Jones,ecruz@yahoo.com,Sneakers,2,4173,8346,2024-04-28,Spring,2,343,4173.0,1,High-Value Loyal Customers,Exclusive Membership & VIP Rewards
1322,Anthony Gibbs,sbranch@hotmail.com,Jacket,1,2241,2241,2024-02-08,Winter,1,423,2241.0,2,Lost Customers,Re-engagement Emails & Offers
1323,Erin James,frankdavis@ortega.biz,Scarf,2,1638,3276,2024-01-21,Winter,1,441,1638.0,2,Lost Customers,Re-engagement Emails & Offers
1324,Jordan Robbins,carrrenee@hotmail.com,Tank Top,3,2721,8163,2024-06-23,Summer,0,287,2721.0,0,Low-Value Frequent Buyers,Discount Coupons & Loyalty Programs
1325,Michael Martin,brownashley@schultz.com,Blazer,3,2776,8328,2024-09-24,Autumn,3,194,2776.0,1,High-Value Loyal Customers,Exclusive Membership & VIP Rewards
1326,Aaron Woodward,arthur37@harris-porter.org,Waterproof Shoes,1,3232,3232,2023-07-05,Monsoon,4,641,3232.0,3,Seasonal Buyers,Seasonal Promotions & Personalized Offers
1327,Chelsea Zamora,ujohnson@pope.com,Scarf,1,2492,2492,2025-02-28,Winter,1,37,2492.0,0,Low-Value Frequent Buyers,Discount Coupons & Loyalty Programs
1328,Kaitlin Smith,daltontony@wagner.org,Sunglasses,3,2635,7905,2024-07-13,Summer,0,267,2635.0,0,Low-Value Frequent Buyers,Discount Coupons & Loyalty Programs
1329,Gregory Reeves,dorisacosta@johnson.com,T-Shirt,2,676,1352,2024-04-24,Spring,2,347,676.0,0,Low-Value Frequent Buyers,Discount Coupons & Loyalty Programs
1330,Brittney Key,kim28@hotmail.com,Sandals,5,3197,15985,2024-08-03,Summer,0,246,3197.0,1,High-Value Loyal Customers,Exclusive Membership & VIP Rewards
1331,Mr. Brian Allen,palmercarl@gill-richard.com,Blazer,4,4980,19920,2024-10-16,Autumn,3,172,4980.0,1,High-Value Loyal Customers,Exclusive Membership & VIP Rewards
1332,Pamela Pope,graymatthew@church.org,Shorts,2,3949,7898,2024-07-23,Summer,0,257,3949.0,1,High-Value Loyal Customers,Exclusive Membership & VIP Rewards
1333,Karen Hudson,ashleyanderson@yahoo.com,Umbrella,5,3783,18915,2024-08-14,Monsoon,4,235,3783.0,1,High-Value Loyal Customers,Exclusive Membership & VIP Rewards
1334,James Castro,kathryn45@rivers.com,Loafers,1,722,722,2023-09-05,Autumn,3,579,722.0,2,Lost Customers,Re-engagement Emails & Offers
1335,Stephanie Kent,christopherpeters@yahoo.com,Light Jacket,1,2638,2638,2023-04-02,Spring,2,735,2638.0,2,Lost Customers,Re-engagement Emails & Offers
1336,Tammy Moss,sawyerteresa@duarte-lloyd.com,Sneakers,5,561,2805,2025-03-23,Spring,2,14,561.0,0,Low-Value Frequent Buyers,Discount Coupons & Loyalty Programs
1337,Wyatt Acosta,vmoore@huang-sexton.com,Cardigan,1,809,809,2024-09-24,Autumn,3,194,809.0,0,Low-Value Frequent Buyers,Discount Coupons & Loyalty Programs
1338,Joshua Carey,jbrown@yahoo.com,Sunglasses,3,1186,3558,2025-06-28,Summer,0,-83,1186.0,0,Low-Value Frequent Buyers,Discount Coupons & Loyalty Programs
1339,Crystal Ortiz,cynthiashaw@cunningham.net,Cardigan,2,2234,4468,2024-10-22,Autumn,3,166,2234.0,0,Low-Value Frequent Buyers,Discount Coupons & Loyalty Programs
1340,Jeffrey Crawford,edwardwilliams@henry.com,Tank Top,1,4175,4175,2024-07-04,Summer,0,276,4175.0,1,High-Value Loyal Customers,Exclusive Membership & VIP Rewards
1341,David Smith,christopher66@gmail.com,Sweater,4,4337,17348,2024-12-14,Winter,1,113,4337.0,1,High-Value Loyal Customers,Exclusive Membership & VIP Rewards
1342,Erica Stanley,halegrace@gmail.com,Light Jacket,2,1717,3434,2023-05-11,Spring,2,696,1717.0,2,Lost Customers,Re-engagement Emails & Offers
1343,Kevin Sheppard,larrygutierrez@medina.com,Loafers,4,1286,5144,2024-09-22,Autumn,3,196,1286.0,0,Low-Value Frequent Buyers,Discount Coupons & Loyalty Programs
1344,Alicia Rivera,randall75@hotmail.com,Sunglasses,1,3405,3405,2024-06-05,Summer,0,305,3405.0,1,High-Value Loyal Customers,Exclusive Membership & VIP Rewards
1345,Nicholas Black,woodtiffany@adams-williams.org,Scarf,2,4530,9060,2023-01-22,Winter,1,805,4530.0,3,Seasonal Buyers,Seasonal Promotions & Personalized Offers
1346,Terry Curry,schmidtsandra@yahoo.com,Umbrella,2,942,1884,2024-09-17,Monsoon,4,201,942.0,0,Low-Value Frequent Buyers,Discount Coupons & Loyalty Programs
1347,Bruce Gonzalez,tim40@gmail.com,Raincoat,1,2234,2234,2023-09-09,Monsoon,4,575,2234.0,2,Lost Customers,Re-engagement Emails & Offers
1348,Michael Dougherty,sullivanbrad@hotmail.com,T-Shirt,5,3789,18945,2024-03-22,Spring,2,380,3789.0,1,High-Value Loyal Customers,Exclusive Membership & VIP Rewards
1349,Samantha Lloyd,joneselizabeth@gmail.com,T-Shirt,4,4262,17048,2023-04-10,Spring,2,727,4262.0,3,Seasonal Buyers,Seasonal Promotions & Personalized Offers
1350,Ebony Taylor,bradley23@gmail.com,Shorts,1,2859,2859,2024-07-18,Summer,0,262,2859.0,1,High-Value Loyal Customers,Exclusive Membership & VIP Rewards
1351,Erik Robertson,gregory79@moreno.com,Umbrella,1,2069,2069,2024-08-10,Monsoon,4,239,2069.0,0,Low-Value Frequent Buyers,Discount Coupons & Loyalty Programs
1352,Terry Joseph,rodriguezduane@moreno.info,Boots,5,1565,7825,2024-02-18,Winter,1,413,1565.0,0,Low-Value Frequent Buyers,Discount Coupons & Loyalty Programs
1353,Peggy Haney,stevencook@hotmail.com,Boots,1,4489,4489,2024-01-23,Winter,1,439,4489.0,3,Seasonal Buyers,Seasonal Promotions & Personalized Offers
1354,Rhonda Bailey,jhart@newman.com,Loafers,4,2953,11812,2024-10-28,Autumn,3,160,2953.0,1,High-Value Loyal Customers,Exclusive Membership & VIP Rewards
1355,Debra Gutierrez,nhammond@brown-brown.com,Cardigan,3,2536,7608,2024-11-11,Autumn,3,146,2536.0,0,Low-Value Frequent Buyers,Discount Coupons & Loyalty Programs
1356,Jared Lang,sandra20@yahoo.com,Boots,5,876,4380,2023-02-01,Winter,1,795,876.0,2,Lost Customers,Re-engagement Emails & Offers
1357,Charles Hall,adamrodriguez@hotmail.com,Sneakers,1,514,514,2024-03-28,Spring,2,374,514.0,0,Low-Value Frequent Buyers,Discount Coupons & Loyalty Programs
1358,Brian Smith,lucasdavid@simpson.info,Loafers,1,4386,4386,2024-10-21,Autumn,3,167,4386.0,1,High-Value Loyal Customers,Exclusive Membership & VIP Rewards
1359,Lisa Hood,lawrence09@mckay.org,Shorts,3,4807,14421,2024-06-21,Summer,0,289,4807.0,1,High-Value Loyal Customers,Exclusive Membership & VIP Rewards
1360,Eddie Davis,bakerjoseph@hotmail.com,Light Jacket,2,1240,2480,2024-04-11,Spring,2,360,1240.0,0,Low-Value Frequent Buyers,Discount Coupons & Loyalty Programs
1361,Katelyn Juarez,debra16@yahoo.com,Tank Top,1,4295,4295,2024-08-17,Summer,0,232,4295.0,1,High-Value Loyal Customers,Exclusive Membership & VIP Rewards
1362,Destiny Mckay,ywilliams@moran.com,T-Shirt,1,1140,1140,2024-04-08,Spring,2,363,1140.0,0,Low-Value Frequent Buyers,Discount Coupons & Loyalty Programs
1363,James Cobb Jr.,ian05@hotmail.com,Waterproof Shoes,1,4052,4052,2023-08-15,Monsoon,4,600,4052.0,3,Seasonal Buyers,Seasonal Promotions & Personalized Offers
1364,Matthew Sexton,xcole@riddle.com,Sneakers,2,2250,4500,2023-04-19,Spring,2,718,2250.0,2,Lost Customers,Re-engagement Emails & Offers
1365,Sarah Moreno,denniswallace@knight.info,Umbrella,2,4316,8632,2023-06-15,Monsoon,4,661,4316.0,3,Seasonal Buyers,Seasonal Promotions & Personalized Offers
1366,Megan Levy,jodyromero@gmail.com,Sneakers,1,3283,3283,2024-05-15,Spring,2,326,3283.0,1,High-Value Loyal Customers,Exclusive Membership & VIP Rewards
1367,Deanna Baker,ijohnston@yahoo.com,Full-Sleeve Shirt,2,2340,4680,2023-10-02,Autumn,3,552,2340.0,2,Lost Customers,Re-engagement Emails & Offers
1368,Amanda Davis,jamesesparza@gmail.com,Sneakers,5,3208,16040,2024-04-10,Spring,2,361,3208.0,1,High-Value Loyal Customers,Exclusive Membership & VIP Rewards
1369,Justin Humphrey,michael79@jones.com,Blazer,4,4162,16648,2023-11-28,Autumn,3,495,4162.0,3,Seasonal Buyers,Seasonal Promotions & Personalized Offers
1370,Charlene Schroeder,david06@anderson.org,T-Shirt,5,1979,9895,2023-05-28,Spring,2,679,1979.0,2,Lost Customers,Re-engagement Emails & Offers
1371,Carmen Patterson,tanner55@gmail.com,Jeans,3,1550,4650,2024-05-07,Spring,2,334,1550.0,0,Low-Value Frequent Buyers,Discount Coupons & Loyalty Programs
1372,Nicholas Davis,maria92@hotmail.com,Tank Top,3,1731,5193,2023-08-22,Summer,0,593,1731.0,2,Lost Customers,Re-engagement Emails & Offers
1373,Marcus Wright,kendrachristian@hotmail.com,Sunglasses,3,3189,9567,2023-06-11,Summer,0,665,3189.0,3,Seasonal Buyers,Seasonal Promotions & Personalized Offers
1374,John Williams,bjackson@gmail.com,Sneakers,1,2329,2329,2023-04-17,Spring,2,720,2329.0,2,Lost Customers,Re-engagement Emails & Offers
1375,Amy Anderson,kbrown@gmail.com,Jeans,2,4253,8506,2024-04-05,Spring,2,366,4253.0,1,High-Value Loyal Customers,Exclusive Membership & VIP Rewards
1376,Carrie Cantu,reyesjames@hotmail.com,Loafers,4,1349,5396,2023-10-01,Autumn,3,553,1349.0,2,Lost Customers,Re-engagement Emails & Offers
1377,Lindsey Ramirez,ibarradavid@pruitt-brown.com,Full-Sleeve Shirt,2,2001,4002,2024-11-05,Autumn,3,152,2001.0,0,Low-Value Frequent Buyers,Discount Coupons & Loyalty Programs
1378,Kyle Jenkins,courtney52@hotmail.com,Shorts,3,609,1827,2024-06-16,Summer,0,294,609.0,0,Low-Value Frequent Buyers,Discount Coupons & Loyalty Programs
1379,James Chen DVM,sandovalashley@franklin-martin.biz,Sneakers,4,2147,8588,2024-05-06,Spring,2,335,2147.0,0,Low-Value Frequent Buyers,Discount Coupons & Loyalty Programs
1380,Kristen Miller,bnovak@hansen.com,Sneakers,3,1840,5520,2024-04-10,Spring,2,361,1840.0,0,Low-Value Frequent Buyers,Discount Coupons & Loyalty Programs
1381,Kenneth Jones,nicholsveronica@gmail.com,Waterproof Shoes,3,2031,6093,2023-09-22,Monsoon,4,562,2031.0,2,Lost Customers,Re-engagement Emails & Offers
1382,Lisa Warren,laurabell@hotmail.com,Raincoat,5,3465,17325,2023-07-13,Monsoon,4,633,3465.0,3,Seasonal Buyers,Seasonal Promotions & Personalized Offers
1383,Stephen Gutierrez,vkeller@yahoo.com,Jacket,1,1928,1928,2024-01-08,Winter,1,454,1928.0,2,Lost Customers,Re-engagement Emails & Offers
1384,Lisa Black,aalexander@gmail.com,Loafers,2,4781,9562,2023-11-28,Autumn,3,495,4781.0,3,Seasonal Buyers,Seasonal Promotions & Personalized Offers
1385,Amber Anderson,tony11@cunningham.net,T-Shirt,3,1977,5931,2023-05-24,Spring,2,683,1977.0,2,Lost Customers,Re-engagement Emails & Offers
1386,Ricky Sutton,chad79@hotmail.com,T-Shirt,4,1191,4764,2024-03-23,Spring,2,379,1191.0,0,Low-Value Frequent Buyers,Discount Coupons & Loyalty Programs
1387,Julia Terry,bryanpowell@yahoo.com,Umbrella,5,3125,15625,2024-09-20,Monsoon,4,198,3125.0,1,High-Value Loyal Customers,Exclusive Membership & VIP Rewards
1388,Hannah Hoffman,jessica54@hotmail.com,Boots,1,2430,2430,2024-02-06,Winter,1,425,2430.0,2,Lost Customers,Re-engagement Emails & Offers
1389,Robert Welch,james35@yahoo.com,Shorts,3,1736,5208,2023-08-08,Summer,0,607,1736.0,2,Lost Customers,Re-engagement Emails & Offers
1390,Sarah Martin,nathanhunt@gmail.com,Jeans,3,4697,14091,2024-05-15,Spring,2,326,4697.0,1,High-Value Loyal Customers,Exclusive Membership & VIP Rewards
1391,Scott Copeland MD,wrightmichael@hall.org,Sneakers,3,947,2841,2024-03-20,Spring,2,382,947.0,0,Low-Value Frequent Buyers,Discount Coupons & Loyalty Programs
1392,Jacob Davis,dyermelissa@peters-ingram.biz,Raincoat,4,4996,19984,2025-06-22,Monsoon,4,-77,4996.0,1,High-Value Loyal Customers,Exclusive Membership & VIP Rewards
1393,Destiny Smith,chandlerroger@gmail.com,Jacket,4,3046,12184,2023-02-23,Winter,1,773,3046.0,3,Seasonal Buyers,Seasonal Promotions & Personalized Offers
1394,Jennifer Meyer,pamela78@poole.com,Jacket,2,4273,8546,2024-12-24,Winter,1,103,4273.0,1,High-Value Loyal Customers,Exclusive Membership & VIP Rewards
1395,Bryan Rivas,rdavenport@gmail.com,Loafers,2,2536,5072,2024-11-10,Autumn,3,147,2536.0,0,Low-Value Frequent Buyers,Discount Coupons & Loyalty Programs
1396,Ryan Evans,millerthomas@yahoo.com,Blazer,4,507,2028,2024-11-21,Autumn,3,136,507.0,0,Low-Value Frequent Buyers,Discount Coupons & Loyalty Programs
1397,Taylor Peters,tcameron@gmail.com,Sunglasses,5,1310,6550,2023-07-17,Summer,0,629,1310.0,2,Lost Customers,Re-engagement Emails & Offers
1398,Laura Dawson,michaelbryant@hotmail.com,Sunglasses,5,3840,19200,2024-06-28,Summer,0,282,3840.0,1,High-Value Loyal Customers,Exclusive Membership & VIP Rewards
1399,Jacob Mayer,flynn@yahoo.com,Waterproof Shoes,5,4084,20420,2024-06-10,Monsoon,4,300,4084.0,1,High-Value Loyal Customers,Exclusive Membership & VIP Rewards
1400,Russell Delgado,jonathanmiller@keller-cook.com,Sweater,5,4643,23215,2023-02-20,Winter,1,776,4643.0,3,Seasonal Buyers,Seasonal Promotions & Personalized Offers
1401,Ann James,linda14@gordon-duran.org,Sneakers,3,693,2079,2024-04-24,Spring,2,347,693.0,0,Low-Value Frequent Buyers,Discount Coupons & Loyalty Programs
1402,Scott Armstrong,mariahrodriguez@warren.info,Tank Top,2,2155,4310,2024-08-23,Summer,0,226,2155.0,0,Low-Value Frequent Buyers,Discount Coupons & Loyalty Programs
1403,John Hanson,rroy@gmail.com,Blazer,3,4126,12378,2023-11-19,Autumn,3,504,4126.0,3,Seasonal Buyers,Seasonal Promotions & Personalized Offers
1404,Erin Diaz,davidanderson@yahoo.com,Umbrella,4,510,2040,2024-06-15,Monsoon,4,295,510.0,0,Low-Value Frequent Buyers,Discount Coupons & Loyalty Programs
1405,Jeffrey Costa,beanlauren@gmail.com,Full-Sleeve Shirt,3,4572,13716,2024-09-27,Autumn,3,191,4572.0,1,High-Value Loyal Customers,Exclusive Membership & VIP Rewards
1406,Tammy Vazquez,nancy64@duarte-howard.com,Light Jacket,2,3022,6044,2023-05-15,Spring,2,692,3022.0,3,Seasonal Buyers,Seasonal Promotions & Personalized Offers
1407,Morgan Bowen,william70@yahoo.com,Loafers,2,1969,3938,2024-11-13,Autumn,3,144,1969.0,0,Low-Value Frequent Buyers,Discount Coupons & Loyalty Programs
1408,Patrick Nunez,michael23@hotmail.com,T-Shirt,5,2748,13740,2024-03-04,Spring,2,398,2748.0,0,Low-Value Frequent Buyers,Discount Coupons & Loyalty Programs
1409,Mariah Hernandez,lydia40@greene.info,Loafers,3,3941,11823,2024-09-17,Autumn,3,201,3941.0,1,High-Value Loyal Customers,Exclusive Membership & VIP Rewards
1410,Andrew Prince,fernando44@hotmail.com,Umbrella,1,1114,1114,2023-07-01,Monsoon,4,645,1114.0,2,Lost Customers,Re-engagement Emails & Offers
1411,Rhonda White,lmichael@gmail.com,Sneakers,5,1304,6520,2023-03-23,Spring,2,745,1304.0,2,Lost Customers,Re-engagement Emails & Offers
1412,Shelby Rogers,wonggregory@jones-hayes.com,Raincoat,2,4735,9470,2024-06-21,Monsoon,4,289,4735.0,1,High-Value Loyal Customers,Exclusive Membership & VIP Rewards
1413,Donna Holden,millerdaniel@russo.com,Full-Sleeve Shirt,2,4923,9846,2023-09-14,Autumn,3,570,4923.0,3,Seasonal Buyers,Seasonal Promotions & Personalized Offers
1414,Curtis Johnson,franklincindy@dunn.com,Boots,5,3110,15550,2024-01-04,Winter,1,458,3110.0,3,Seasonal Buyers,Seasonal Promotions & Personalized Offers
1415,Christopher Burton,brianhanna@yahoo.com,Loafers,3,3460,10380,2024-10-24,Autumn,3,164,3460.0,1,High-Value Loyal Customers,Exclusive Membership & VIP Rewards
1416,Jason Mcdonald,jacobsmargaret@hotmail.com,Sandals,2,1211,2422,2024-06-26,Summer,0,284,1211.0,0,Low-Value Frequent Buyers,Discount Coupons & Loyalty Programs
1417,Elizabeth Choi,anthonygarcia@madden-nichols.biz,Boots,3,978,2934,2025-12-09,Winter,1,-247,978.0,0,Low-Value Frequent Buyers,Discount Coupons & Loyalty Programs
1418,Roberta Pratt,parkseric@cochran-pierce.com,Full-Sleeve Shirt,5,3327,16635,2023-11-28,Autumn,3,495,3327.0,3,Seasonal Buyers,Seasonal Promotions & Personalized Offers
1419,Jay Johnson,bonnieaguilar@hotmail.com,T-Shirt,4,3459,13836,2024-04-09,Spring,2,362,3459.0,1,High-Value Loyal Customers,Exclusive Membership & VIP Rewards
1420,James Irwin,anthonyhall@yahoo.com,Shorts,5,2643,13215,2023-06-28,Summer,0,648,2643.0,2,Lost Customers,Re-engagement Emails & Offers
1421,Cheryl King,douglas00@carter.com,Jacket,4,3058,12232,2025-02-11,Winter,1,54,3058.0,1,High-Value Loyal Customers,Exclusive Membership & VIP Rewards
1422,Kelly Khan,tiffany88@hotmail.com,Jeans,5,3364,16820,2023-03-04,Spring,2,764,3364.0,3,Seasonal Buyers,Seasonal Promotions & Personalized Offers
1423,Cynthia Swanson,josephsullivan@escobar-meyer.com,Boots,1,3408,3408,2023-12-28,Winter,1,465,3408.0,3,Seasonal Buyers,Seasonal Promotions & Personalized Offers
1424,Amy Hall,wareleslie@hotmail.com,Sweater,3,2410,7230,2024-02-14,Winter,1,417,2410.0,0,Low-Value Frequent Buyers,Discount Coupons & Loyalty Programs
1425,Kayla Barton,ykeller@mccullough.biz,Raincoat,3,532,1596,2024-08-08,Monsoon,4,241,532.0,0,Low-Value Frequent Buyers,Discount Coupons & Loyalty Programs
1426,Eric Hatfield,arthurbrown@gomez.com,Jacket,2,1120,2240,2024-02-16,Winter,1,415,1120.0,0,Low-Value Frequent Buyers,Discount Coupons & Loyalty Programs
1427,Benjamin Wright,youngdylan@castro.com,Umbrella,5,3357,16785,2024-09-10,Monsoon,4,208,3357.0,1,High-Value Loyal Customers,Exclusive Membership & VIP Rewards
1428,Jacqueline Morales,oscarjohnston@pacheco.com,Jeans,5,2857,14285,2024-04-13,Spring,2,358,2857.0,1,High-Value Loyal Customers,Exclusive Membership & VIP Rewards
1429,Michelle Murphy,tjohnson@gilbert.com,Light Jacket,4,891,3564,2024-03-28,Spring,2,374,891.0,0,Low-Value Frequent Buyers,Discount Coupons & Loyalty Programs
1430,Michelle Williams,alejandrazamora@stewart-vasquez.net,Boots,1,3669,3669,2023-12-28,Winter,1,465,3669.0,3,Seasonal Buyers,Seasonal Promotions & Personalized Offers
1431,Travis Martin,perrymegan@lewis.biz,Full-Sleeve Shirt,5,2233,11165,2024-10-24,Autumn,3,164,2233.0,0,Low-Value Frequent Buyers,Discount Coupons & Loyalty Programs
1432,John Morrow,michaelsmith@hotmail.com,Jeans,5,1737,8685,2023-05-19,Spring,2,688,1737.0,2,Lost Customers,Re-engagement Emails & Offers
1433,Danny Miller,michaeldean@gmail.com,Boots,5,1977,9885,2024-01-22,Winter,1,440,1977.0,2,Lost Customers,Re-engagement Emails & Offers
1434,Travis Garza,matthewthomas@gmail.com,Boots,4,2029,8116,2024-01-17,Winter,1,445,2029.0,2,Lost Customers,Re-engagement Emails & Offers
1435,Dana Jones,rhodesrobert@avila.com,Sandals,5,1082,5410,2024-08-18,Summer,0,231,1082.0,0,Low-Value Frequent Buyers,Discount Coupons & Loyalty Programs
1436,Luke Price,dominic24@hotmail.com,Full-Sleeve Shirt,4,3757,15028,2023-10-10,Autumn,3,544,3757.0,3,Seasonal Buyers,Seasonal Promotions & Personalized Offers
1437,Kevin Bell,francisaustin@hotmail.com,Shorts,3,2957,8871,2024-08-25,Summer,0,224,2957.0,1,High-Value Loyal Customers,Exclusive Membership & VIP Rewards
1438,Jeffery Chavez,kelly73@lopez-jenkins.net,Shorts,2,865,1730,2024-06-25,Summer,0,285,865.0,0,Low-Value Frequent Buyers,Discount Coupons & Loyalty Programs
1439,Denise Smith,greendon@yahoo.com,T-Shirt,5,2221,11105,2023-04-07,Spring,2,730,2221.0,2,Lost Customers,Re-engagement Emails & Offers
1440,Maria Kelly,brittanyheath@rodgers.biz,Sweater,4,4174,16696,2024-02-01,Winter,1,430,4174.0,3,Seasonal Buyers,Seasonal Promotions & Personalized Offers
1441,Joseph Sullivan,jesse36@duncan.biz,Waterproof Shoes,2,4691,9382,2023-09-22,Monsoon,4,562,4691.0,3,Seasonal Buyers,Seasonal Promotions & Personalized Offers
1442,Edward Martin,edwardsjohn@baker.com,Cardigan,5,4738,23690,2024-09-23,Autumn,3,195,4738.0,1,High-Value Loyal Customers,Exclusive Membership & VIP Rewards
1443,Jessica Burton,emily31@rogers-shelton.net,Jeans,1,828,828,2024-05-28,Spring,2,313,828.0,0,Low-Value Frequent Buyers,Discount Coupons & Loyalty Programs
1444,Kathryn Williams,franceswolf@gmail.com,Sunglasses,5,1791,8955,2023-08-04,Summer,0,611,1791.0,2,Lost Customers,Re-engagement Emails & Offers
1445,David Snyder,kimberlysmith@franco-bruce.org,Blazer,3,1798,5394,2023-10-18,Autumn,3,536,1798.0,2,Lost Customers,Re-engagement Emails & Offers
1446,Donald Clark,robinsonchloe@hotmail.com,Full-Sleeve Shirt,4,3350,13400,2024-10-26,Autumn,3,162,3350.0,1,High-Value Loyal Customers,Exclusive Membership & VIP Rewards
1447,Randy Liu,johnsonmarcus@perez.com,Sweater,2,3680,7360,2024-12-06,Winter,1,121,3680.0,1,High-Value Loyal Customers,Exclusive Membership & VIP Rewards
1448,John Douglas,nicholsanne@hotmail.com,Cardigan,3,3093,9279,2023-11-24,Autumn,3,499,3093.0,3,Seasonal Buyers,Seasonal Promotions & Personalized Offers
1449,James Lopez,laurenrandall@wilson.com,Scarf,5,2370,11850,2023-02-18,Winter,1,778,2370.0,2,Lost Customers,Re-engagement Emails & Offers
1450,Nancy Brown,sarahdickerson@gmail.com,Raincoat,4,574,2296,2023-06-02,Monsoon,4,674,574.0,2,Lost Customers,Re-engagement Emails & Offers
1451,Carla Gibson,dmata@bass.com,Raincoat,4,1263,5052,2023-09-28,Monsoon,4,556,1263.0,2,Lost Customers,Re-engagement Emails & Offers
1452,Cheryl Smith,gibsonbrenda@yahoo.com,Shorts,1,3369,3369,2023-08-27,Summer,0,588,3369.0,3,Seasonal Buyers,Seasonal Promotions & Personalized Offers
1453,Amanda Price,victor29@yahoo.com,Sneakers,4,2078,8312,2023-05-06,Spring,2,701,2078.0,2,Lost Customers,Re-engagement Emails & Offers
1454,Joshua Wise,frederickrichardson@west.com,Light Jacket,3,1726,5178,2023-04-20,Spring,2,717,1726.0,2,Lost Customers,Re-engagement Emails & Offers
1455,Raymond Ortega,david70@powell-harris.info,Cardigan,3,3642,10926,2024-10-22,Autumn,3,166,3642.0,1,High-Value Loyal Customers,Exclusive Membership & VIP Rewards
1456,Scott Smith,scott54@yahoo.com,Sunglasses,2,697,1394,2025-06-28,Summer,0,-83,697.0,0,Low-Value Frequent Buyers,Discount Coupons & Loyalty Programs
1457,Rebekah Bowman,katrina46@willis-obrien.com,Blazer,5,2628,13140,2024-11-24,Autumn,3,133,2628.0,0,Low-Value Frequent Buyers,Discount Coupons & Loyalty Programs
1458,Marvin Huynh,julia78@hotmail.com,Jeans,4,4564,18256,2023-05-12,Spring,2,695,4564.0,3,Seasonal Buyers,Seasonal Promotions & Personalized Offers
1459,Loretta Thomas,ayalasherri@yahoo.com,Tank Top,4,2343,9372,2023-08-20,Summer,0,595,2343.0,2,Lost Customers,Re-engagement Emails & Offers
1460,Brandon Smith,ryanrobertson@hotmail.com,Raincoat,5,1186,5930,2024-06-06,Monsoon,4,304,1186.0,0,Low-Value Frequent Buyers,Discount Coupons & Loyalty Programs
1461,Maria Moon,pageleslie@thomas.info,Cardigan,3,4433,13299,2023-10-05,Autumn,3,549,4433.0,3,Seasonal Buyers,Seasonal Promotions & Personalized Offers
1462,Jennifer Kaufman,vincentwilliams@gmail.com,Shorts,5,1324,6620,2023-06-19,Summer,0,657,1324.0,2,Lost Customers,Re-engagement Emails & Offers
1463,Alison Edwards,hamiltonkaren@yahoo.com,Sweater,2,1950,3900,2023-01-17,Winter,1,810,1950.0,2,Lost Customers,Re-engagement Emails & Offers
1464,Christina Parker,joseph22@yahoo.com,Jeans,5,4234,21170,2024-04-22,Spring,2,349,4234.0,1,High-Value Loyal Customers,Exclusive Membership & VIP Rewards
1465,Mark Morris,henry32@yahoo.com,Waterproof Shoes,5,1408,7040,2023-07-28,Monsoon,4,618,1408.0,2,Lost Customers,Re-engagement Emails & Offers
1466,Ronnie Jordan,michael61@garcia-reynolds.biz,Jacket,4,4242,16968,2024-01-23,Winter,1,439,4242.0,3,Seasonal Buyers,Seasonal Promotions & Personalized Offers
1467,Luke Montoya,adambrown@yahoo.com,Waterproof Shoes,5,3592,17960,2023-08-12,Monsoon,4,603,3592.0,3,Seasonal Buyers,Seasonal Promotions & Personalized Offers
1468,Lisa Myers,anthony77@carpenter.com,Sneakers,3,626,1878,2025-03-01,Spring,2,36,626.0,0,Low-Value Frequent Buyers,Discount Coupons & Loyalty Programs
1469,Tyler Dunn,michellepalmer@hotmail.com,Umbrella,5,915,4575,2023-07-12,Monsoon,4,634,915.0,2,Lost Customers,Re-engagement Emails & Offers
1470,Sara Sanchez,gregory56@banks.biz,T-Shirt,2,3669,7338,2024-03-23,Spring,2,379,3669.0,1,High-Value Loyal Customers,Exclusive Membership & VIP Rewards
1471,Kimberly Bright,colinrogers@harris-bentley.net,Sneakers,2,3321,6642,2024-04-16,Spring,2,355,3321.0,1,High-Value Loyal Customers,Exclusive Membership & VIP Rewards
1472,John Brown,usmith@roberts-delgado.com,Loafers,3,3960,11880,2024-11-27,Autumn,3,130,3960.0,1,High-Value Loyal Customers,Exclusive Membership & VIP Rewards
1473,Cynthia Bass,cscott@steele-heath.com,Tank Top,4,1243,4972,2023-08-26,Summer,0,589,1243.0,2,Lost Customers,Re-engagement Emails & Offers
1474,Kaitlyn Scott,susansanders@brown.com,T-Shirt,2,1766,3532,2023-03-27,Spring,2,741,1766.0,2,Lost Customers,Re-engagement Emails & Offers
1475,Susan White,fdecker@gmail.com,Sweater,5,3017,15085,2024-02-22,Winter,1,409,3017.0,1,High-Value Loyal Customers,Exclusive Membership & VIP Rewards
1476,Jonathan Ruiz,bennettallison@gmail.com,Sweater,4,4694,18776,2024-12-28,Winter,1,99,4694.0,1,High-Value Loyal Customers,Exclusive Membership & VIP Rewards
1477,Anthony Garcia,hpoole@hardy-potts.org,Boots,4,1446,5784,2023-01-22,Winter,1,805,1446.0,2,Lost Customers,Re-engagement Emails & Offers
1478,Katrina Franklin,melissamyers@martin.com,Jacket,5,2129,10645,2023-12-07,Winter,1,486,2129.0,2,Lost Customers,Re-engagement Emails & Offers
1479,Anthony Livingston,craigtiffany@grant.com,Shorts,1,1564,1564,2023-08-01,Summer,0,614,1564.0,2,Lost Customers,Re-engagement Emails & Offers
1480,Sean Black,millerwilliam@moody-macdonald.com,Sneakers,5,4525,22625,2023-04-28,Spring,2,709,4525.0,3,Seasonal Buyers,Seasonal Promotions & Personalized Offers
1481,David Schmidt,jhunt@flynn.com,Sunglasses,3,2666,7998,2023-08-12,Summer,0,603,2666.0,2,Lost Customers,Re-engagement Emails & Offers
1482,Anthony Contreras,ggilbert@jackson.com,Umbrella,4,2003,8012,2023-08-03,Monsoon,4,612,2003.0,2,Lost Customers,Re-engagement Emails & Offers
1483,Corey Martin,austin39@adkins.org,Jacket,5,4679,23395,2023-01-04,Winter,1,823,4679.0,3,Seasonal Buyers,Seasonal Promotions & Personalized Offers
1484,Michael Mcbride,theresataylor@avery.com,Full-Sleeve Shirt,1,3047,3047,2023-09-23,Autumn,3,561,3047.0,3,Seasonal Buyers,Seasonal Promotions & Personalized Offers
1485,Wendy Ewing,sarah00@wilson.org,T-Shirt,1,3155,3155,2024-05-19,Spring,2,322,3155.0,1,High-Value Loyal Customers,Exclusive Membership & VIP Rewards
1486,Sean Ramirez,matthewstroy@robinson-bryant.com,Jacket,1,4756,4756,2024-02-03,Winter,1,428,4756.0,3,Seasonal Buyers,Seasonal Promotions & Personalized Offers
1487,Krystal Smith,martinezsara@gmail.com,T-Shirt,2,1407,2814,2024-05-28,Spring,2,313,1407.0,0,Low-Value Frequent Buyers,Discount Coupons & Loyalty Programs
1488,Michelle Santana,spatton@hotmail.com,Shorts,3,3850,11550,2024-07-11,Summer,0,269,3850.0,1,High-Value Loyal Customers,Exclusive Membership & VIP Rewards
1489,Margaret Davenport,pamelataylor@anderson.net,Sneakers,4,3603,14412,2024-05-28,Spring,2,313,3603.0,1,High-Value Loyal Customers,Exclusive Membership & VIP Rewards
1490,Jason Scott,rogersmelanie@yahoo.com,Sneakers,4,1110,4440,2024-04-21,Spring,2,350,1110.0,0,Low-Value Frequent Buyers,Discount Coupons & Loyalty Programs
1491,Alicia Parsons,adamsmichael@hotmail.com,Loafers,3,1673,5019,2023-10-24,Autumn,3,530,1673.0,2,Lost Customers,Re-engagement Emails & Offers
1492,Jill Hernandez,amandamiller@yahoo.com,T-Shirt,1,2755,2755,2023-05-03,Spring,2,704,2755.0,2,Lost Customers,Re-engagement Emails & Offers
1493,Rachel Schmidt,cruzstephanie@hotmail.com,Cardigan,3,2910,8730,2023-11-18,Autumn,3,505,2910.0,3,Seasonal Buyers,Seasonal Promotions & Personalized Offers
1494,Antonio Miller,greersteven@burch.com,Jacket,4,2330,9320,2024-01-25,Winter,1,437,2330.0,2,Lost Customers,Re-engagement Emails & Offers
1495,Jennifer Jones,alan66@moore.net,Shorts,2,3676,7352,2024-07-16,Summer,0,264,3676.0,1,High-Value Loyal Customers,Exclusive Membership & VIP Rewards
1496,James Trevino,hmoreno@barr.com,Tank Top,5,4230,21150,2023-07-25,Summer,0,621,4230.0,3,Seasonal Buyers,Seasonal Promotions & Personalized Offers
1497,Andrew Young,sandrawilson@molina-reed.com,Tank Top,4,1270,5080,2023-06-21,Summer,0,655,1270.0,2,Lost Customers,Re-engagement Emails & Offers
1498,Rhonda Bridges,zachary59@phelps.com,Scarf,5,3110,15550,2023-12-14,Winter,1,479,3110.0,3,Seasonal Buyers,Seasonal Promotions & Personalized Offers
1499,Jeremy Wiley,lawrence82@mclean.com,Shorts,2,1690,3380,2023-06-28,Summer,0,648,1690.0,2,Lost Customers,Re-engagement Emails & Offers
1500,Kathryn Chase,jenniferjackson@swanson-perez.org,Sweater,2,1323,2646,2024-02-28,Winter,1,403,1323.0,0,Low-Value Frequent Buyers,Discount Coupons & Loyalty Programs
1501,Patrick Sheppard,francisstephen@russell.com,Scarf,1,870,870,2025-01-09,Winter,1,87,870.0,0,Low-Value Frequent Buyers,Discount Coupons & Loyalty Programs
1502,Alexander Sullivan,katherine14@gmail.com,Sunglasses,2,3712,7424,2023-07-28,Summer,0,618,3712.0,3,Seasonal Buyers,Seasonal Promotions & Personalized Offers
1503,Tyler Carroll,fmann@johnson.com,Full-Sleeve Shirt,1,538,538,2024-09-15,Autumn,3,203,538.0,0,Low-Value Frequent Buyers,Discount Coupons & Loyalty Programs
1504,Danny Barnes,martindebra@hotmail.com,Blazer,3,2906,8718,2024-11-09,Autumn,3,148,2906.0,1,High-Value Loyal Customers,Exclusive Membership & VIP Rewards
1505,Rebecca Lowe,shannonbrooks@rogers.net,Jeans,3,4184,12552,2024-04-17,Spring,2,354,4184.0,1,High-Value Loyal Customers,Exclusive Membership & VIP Rewards
1506,Alex Wiggins,qspears@gmail.com,Boots,1,2985,2985,2024-12-28,Winter,1,99,2985.0,1,High-Value Loyal Customers,Exclusive Membership & VIP Rewards
1507,Michael Martinez,heatherstone@gmail.com,Sandals,3,4714,14142,2023-08-09,Summer,0,606,4714.0,3,Seasonal Buyers,Seasonal Promotions & Personalized Offers
1508,Danny Christian,bbaird@hernandez.org,T-Shirt,5,4459,22295,2023-04-24,Spring,2,713,4459.0,3,Seasonal Buyers,Seasonal Promotions & Personalized Offers
1509,Jason Cox,smartinez@pearson.com,Sweater,3,2049,6147,2024-02-27,Winter,1,404,2049.0,0,Low-Value Frequent Buyers,Discount Coupons & Loyalty Programs
1510,Joanna Kennedy,derek72@hotmail.com,Umbrella,5,1102,5510,2024-09-10,Monsoon,4,208,1102.0,0,Low-Value Frequent Buyers,Discount Coupons & Loyalty Programs
1511,Joseph Hernandez,amyrussell@swanson.com,Tank Top,2,1739,3478,2024-06-08,Summer,0,302,1739.0,0,Low-Value Frequent Buyers,Discount Coupons & Loyalty Programs
1512,Bradley Mann,jennajacobs@gmail.com,Sweater,1,2522,2522,2024-02-08,Winter,1,423,2522.0,2,Lost Customers,Re-engagement Emails & Offers
1513,Amanda Willis,cooperjoseph@ford-larson.com,Waterproof Shoes,2,1597,3194,2023-06-26,Monsoon,4,650,1597.0,2,Lost Customers,Re-engagement Emails & Offers
1514,Julie Barker,kimmary@hotmail.com,Loafers,5,3801,19005,2024-11-16,Autumn,3,141,3801.0,1,High-Value Loyal Customers,Exclusive Membership & VIP Rewards
1515,Emily Phillips,rachel09@hotmail.com,Scarf,3,2178,6534,2023-01-15,Winter,1,812,2178.0,2,Lost Customers,Re-engagement Emails & Offers
1516,Jennifer Blair,shieldscheryl@gmail.com,Raincoat,4,1011,4044,2024-08-07,Monsoon,4,242,1011.0,0,Low-Value Frequent Buyers,Discount Coupons & Loyalty Programs
1517,Michael Ferguson,egarcia@gmail.com,Jeans,4,2167,8668,2025-03-12,Spring,2,25,2167.0,0,Low-Value Frequent Buyers,Discount Coupons & Loyalty Programs
1518,Donald Boyd,griffinchris@chung-brown.net,Raincoat,5,2575,12875,2024-09-19,Monsoon,4,199,2575.0,0,Low-Value Frequent Buyers,Discount Coupons & Loyalty Programs
1519,Lisa Wilson,michaelglenn@doyle-campbell.com,Full-Sleeve Shirt,4,2772,11088,2023-10-18,Autumn,3,536,2772.0,2,Lost Customers,Re-engagement Emails & Offers
1520,Eric Wright,cruzmary@mcfarland.net,Shorts,1,4509,4509,2024-06-15,Summer,0,295,4509.0,1,High-Value Loyal Customers,Exclusive Membership & VIP Rewards
1521,Tara Martinez,carpenterkimberly@gmail.com,Sandals,5,975,4875,2024-07-19,Summer,0,261,975.0,0,Low-Value Frequent Buyers,Discount Coupons & Loyalty Programs
1522,Emily Davis,jacobjohnson@french.com,Jacket,2,1821,3642,2023-01-27,Winter,1,800,1821.0,2,Lost Customers,Re-engagement Emails & Offers
1523,Eric Reyes,ycordova@gmail.com,Cardigan,3,4338,13014,2024-11-03,Autumn,3,154,4338.0,1,High-Value Loyal Customers,Exclusive Membership & VIP Rewards
1524,Elaine Davis,sandersandrew@miller.com,Cardigan,4,2962,11848,2023-09-28,Autumn,3,556,2962.0,3,Seasonal Buyers,Seasonal Promotions & Personalized Offers
1525,Rachel Brown,cameron08@evans.com,Sandals,5,1021,5105,2024-07-18,Summer,0,262,1021.0,0,Low-Value Frequent Buyers,Discount Coupons & Loyalty Programs
1526,Kevin Mccarthy,lstewart@oconnor.com,T-Shirt,2,1030,2060,2025-05-11,Spring,2,-35,1030.0,0,Low-Value Frequent Buyers,Discount Coupons & Loyalty Programs
1527,Angela Cunningham,brian18@cruz.com,Umbrella,4,2210,8840,2024-06-19,Monsoon,4,291,2210.0,0,Low-Value Frequent Buyers,Discount Coupons & Loyalty Programs
1528,Corey Webb,cwong@khan.com,Sneakers,3,4911,14733,2023-03-27,Spring,2,741,4911.0,3,Seasonal Buyers,Seasonal Promotions & Personalized Offers
1529,Alexandria Miller,marknguyen@wilson.info,Sweater,4,2507,10028,2024-12-28,Winter,1,99,2507.0,0,Low-Value Frequent Buyers,Discount Coupons & Loyalty Programs
1530,David Collins,michaelisabel@yahoo.com,Sneakers,4,2120,8480,2023-05-03,Spring,2,704,2120.0,2,Lost Customers,Re-engagement Emails & Offers
1531,Tiffany Gomez,julie53@hotmail.com,Sweater,4,1942,7768,2023-02-10,Winter,1,786,1942.0,2,Lost Customers,Re-engagement Emails & Offers
1532,Ashley Harris,gerald58@gmail.com,Cardigan,1,1203,1203,2024-10-13,Autumn,3,175,1203.0,0,Low-Value Frequent Buyers,Discount Coupons & Loyalty Programs
1533,Joshua Miller,donaldstephens@hotmail.com,Waterproof Shoes,2,2464,4928,2024-07-16,Monsoon,4,264,2464.0,0,Low-Value Frequent Buyers,Discount Coupons & Loyalty Programs
1534,Elizabeth Cunningham MD,alecwheeler@yahoo.com,Sandals,4,3461,13844,2024-08-01,Summer,0,248,3461.0,1,High-Value Loyal Customers,Exclusive Membership & VIP Rewards
1535,Maurice Barnes,moodykenneth@gmail.com,Jacket,2,4011,8022,2023-01-22,Winter,1,805,4011.0,3,Seasonal Buyers,Seasonal Promotions & Personalized Offers
1536,Anthony Mejia,mark47@gmail.com,Sneakers,1,2889,2889,2023-04-23,Spring,2,714,2889.0,3,Seasonal Buyers,Seasonal Promotions & Personalized Offers
1537,Steve Smith,crystalbrown@gomez.com,Scarf,1,3401,3401,2024-02-12,Winter,1,419,3401.0,3,Seasonal Buyers,Seasonal Promotions & Personalized Offers
1538,David Orozco,nicholaswest@austin-castaneda.com,Raincoat,5,1939,9695,2023-08-04,Monsoon,4,611,1939.0,2,Lost Customers,Re-engagement Emails & Offers
1539,Victor Bauer,nicole41@yoder-glenn.com,Boots,1,1051,1051,2024-02-20,Winter,1,411,1051.0,0,Low-Value Frequent Buyers,Discount Coupons & Loyalty Programs
1540,John Garcia,kingpatrick@hotmail.com,Shorts,5,1394,6970,2024-06-12,Summer,0,298,1394.0,0,Low-Value Frequent Buyers,Discount Coupons & Loyalty Programs
1541,Joseph Brooks,masonkendra@sims.org,Jeans,4,809,3236,2024-03-20,Spring,2,382,809.0,0,Low-Value Frequent Buyers,Discount Coupons & Loyalty Programs
1542,Brenda Rios,courtney87@young-abbott.biz,Light Jacket,5,4128,20640,2023-05-18,Spring,2,689,4128.0,3,Seasonal Buyers,Seasonal Promotions & Personalized Offers
1543,Sandra Fernandez,tom87@yahoo.com,Full-Sleeve Shirt,5,4277,21385,2024-09-06,Autumn,3,212,4277.0,1,High-Value Loyal Customers,Exclusive Membership & VIP Rewards
1544,Teresa Phillips,bbeard@golden-matthews.com,Shorts,5,1763,8815,2023-06-27,Summer,0,649,1763.0,2,Lost Customers,Re-engagement Emails & Offers
1545,Raymond Hopkins,samuel57@morales.com,Scarf,1,1268,1268,2023-12-28,Winter,1,465,1268.0,2,Lost Customers,Re-engagement Emails & Offers
1546,Robert Norris,oconnorgregory@hotmail.com,Light Jacket,1,4659,4659,2023-03-23,Spring,2,745,4659.0,3,Seasonal Buyers,Seasonal Promotions & Personalized Offers
1547,Kathleen Morris,swalker@hotmail.com,Cardigan,2,3429,6858,2024-10-17,Autumn,3,171,3429.0,1,High-Value Loyal Customers,Exclusive Membership & VIP Rewards
1548,Rebecca Cox,ypowell@gmail.com,Shorts,3,3666,10998,2023-06-06,Summer,0,670,3666.0,3,Seasonal Buyers,Seasonal Promotions & Personalized Offers
1549,Laura Carpenter,eric67@burke-sampson.com,Jacket,4,3425,13700,2024-02-18,Winter,1,413,3425.0,3,Seasonal Buyers,Seasonal Promotions & Personalized Offers
1550,Melissa Hardy,williamclark@yahoo.com,Blazer,2,3956,7912,2025-09-13,Autumn,3,-160,3956.0,1,High-Value Loyal Customers,Exclusive Membership & VIP Rewards
1551,Travis Baker,samanthachristensen@jones.info,Cardigan,1,1554,1554,2024-09-05,Autumn,3,213,1554.0,0,Low-Value Frequent Buyers,Discount Coupons & Loyalty Programs
1552,Elizabeth Perez,andrew80@yahoo.com,Raincoat,3,1462,4386,2024-08-22,Monsoon,4,227,1462.0,0,Low-Value Frequent Buyers,Discount Coupons & Loyalty Programs
1553,Mark Johnson,flynnbernard@jones.net,Umbrella,5,1596,7980,2023-09-28,Monsoon,4,556,1596.0,2,Lost Customers,Re-engagement Emails & Offers
1554,Christopher Martinez,joshua23@yahoo.com,Full-Sleeve Shirt,5,1507,7535,2024-10-07,Autumn,3,181,1507.0,0,Low-Value Frequent Buyers,Discount Coupons & Loyalty Programs
1555,Michelle Snyder,jaclyndeleon@roy.com,Jacket,3,2848,8544,2024-12-06,Winter,1,121,2848.0,1,High-Value Loyal Customers,Exclusive Membership & VIP Rewards
1556,Denise Young,perrywilliam@kent.info,Umbrella,4,2048,8192,2023-08-19,Monsoon,4,596,2048.0,2,Lost Customers,Re-engagement Emails & Offers
1557,Thomas Vasquez,leah03@hotmail.com,Tank Top,3,1461,4383,2023-06-09,Summer,0,667,1461.0,2,Lost Customers,Re-engagement Emails & Offers
1558,Yvonne Cummings,ericaguzman@gmail.com,Full-Sleeve Shirt,1,3470,3470,2023-10-26,Autumn,3,528,3470.0,3,Seasonal Buyers,Seasonal Promotions & Personalized Offers
1559,Jessica Hart,michelle71@hotmail.com,Cardigan,5,2445,12225,2025-09-23,Autumn,3,-170,2445.0,0,Low-Value Frequent Buyers,Discount Coupons & Loyalty Programs
1560,Joel Williams,alexissmith@gmail.com,Sweater,2,4440,8880,2024-02-18,Winter,1,413,4440.0,3,Seasonal Buyers,Seasonal Promotions & Personalized Offers
1561,Deborah Grant,downsbeth@stephens.com,Umbrella,4,2400,9600,2025-08-22,Monsoon,4,-138,2400.0,0,Low-Value Frequent Buyers,Discount Coupons & Loyalty Programs
1562,Donald Richardson,ngutierrez@yahoo.com,Waterproof Shoes,4,3090,12360,2023-07-20,Monsoon,4,626,3090.0,3,Seasonal Buyers,Seasonal Promotions & Personalized Offers
1563,Aaron Wise,wilsonchristopher@hotmail.com,Cardigan,3,3126,9378,2023-10-07,Autumn,3,547,3126.0,3,Seasonal Buyers,Seasonal Promotions & Personalized Offers
1564,Phillip Murray,joshuagalvan@hotmail.com,Jeans,2,4203,8406,2025-04-13,Spring,2,-7,4203.0,1,High-Value Loyal Customers,Exclusive Membership & VIP Rewards
1565,Stacy Alvarez,jeffrey40@gmail.com,Waterproof Shoes,4,736,2944,2024-07-13,Monsoon,4,267,736.0,0,Low-Value Frequent Buyers,Discount Coupons & Loyalty Programs
1566,Mrs. Sarah Johnson,paulajoseph@nguyen.com,Sandals,5,879,4395,2023-08-25,Summer,0,590,879.0,2,Lost Customers,Re-engagement Emails & Offers
1567,Rhonda Brown DDS,kristijackson@allen-randolph.biz,Cardigan,1,3107,3107,2023-10-01,Autumn,3,553,3107.0,3,Seasonal Buyers,Seasonal Promotions & Personalized Offers
1568,Meredith Heath,michelle50@king.biz,Cardigan,2,2553,5106,2023-09-18,Autumn,3,566,2553.0,2,Lost Customers,Re-engagement Emails & Offers
1569,Dustin Alexander,cosborn@garcia.com,Light Jacket,1,4013,4013,2023-05-27,Spring,2,680,4013.0,3,Seasonal Buyers,Seasonal Promotions & Personalized Offers
1570,Roger Wood,joseschmidt@gmail.com,Sandals,4,3452,13808,2024-07-17,Summer,0,263,3452.0,1,High-Value Loyal Customers,Exclusive Membership & VIP Rewards
1571,Steven Hooper,iabbott@gmail.com,Sandals,5,2189,10945,2023-08-24,Summer,0,591,2189.0,2,Lost Customers,Re-engagement Emails & Offers
1572,Wanda Ray,englishdaniel@hotmail.com,Jeans,1,740,740,2023-04-09,Spring,2,728,740.0,2,Lost Customers,Re-engagement Emails & Offers
1573,Diane Miller,ryan38@richard.com,Umbrella,3,4577,13731,2024-08-25,Monsoon,4,224,4577.0,1,High-Value Loyal Customers,Exclusive Membership & VIP Rewards
1574,Melissa Macdonald,debra44@harris.com,Waterproof Shoes,1,3552,3552,2023-08-23,Monsoon,4,592,3552.0,3,Seasonal Buyers,Seasonal Promotions & Personalized Offers
1575,Michael Gordon,john01@wells.com,Umbrella,4,538,2152,2023-09-21,Monsoon,4,563,538.0,2,Lost Customers,Re-engagement Emails & Offers
1576,Christopher Lewis,stevenkim@gmail.com,Sandals,2,3403,6806,2024-06-03,Summer,0,307,3403.0,1,High-Value Loyal Customers,Exclusive Membership & VIP Rewards
1577,William Bennett,imurphy@wallace.com,Sunglasses,2,4128,8256,2023-06-12,Summer,0,664,4128.0,3,Seasonal Buyers,Seasonal Promotions & Personalized Offers
1578,Emily Price,jesse73@yahoo.com,Boots,1,4180,4180,2024-02-09,Winter,1,422,4180.0,3,Seasonal Buyers,Seasonal Promotions & Personalized Offers
1579,Karen Taylor,josephrollins@gmail.com,Umbrella,5,4177,20885,2025-08-10,Monsoon,4,-126,4177.0,1,High-Value Loyal Customers,Exclusive Membership & VIP Rewards
1580,Jeffery Smith,michaelholden@yahoo.com,Tank Top,3,4739,14217,2024-08-19,Summer,0,230,4739.0,1,High-Value Loyal Customers,Exclusive Membership & VIP Rewards
1581,Sandra Gonzales,ronald02@kelly.com,Light Jacket,4,3638,14552,2024-03-12,Spring,2,390,3638.0,1,High-Value Loyal Customers,Exclusive Membership & VIP Rewards
1582,Kenneth Wilcox,samuelmartin@jackson.com,Tank Top,5,4981,24905,2024-06-23,Summer,0,287,4981.0,1,High-Value Loyal Customers,Exclusive Membership & VIP Rewards
1583,Zachary Rowland,matthewbrady@hotmail.com,Sandals,4,1521,6084,2023-07-18,Summer,0,628,1521.0,2,Lost Customers,Re-engagement Emails & Offers
1584,Anthony Jordan,robertcampbell@hanson.com,Light Jacket,5,3426,17130,2024-04-21,Spring,2,350,3426.0,1,High-Value Loyal Customers,Exclusive Membership & VIP Rewards
1585,Donna Yates,richardsonmark@brown.com,Umbrella,5,1098,5490,2025-07-01,Monsoon,4,-86,1098.0,0,Low-Value Frequent Buyers,Discount Coupons & Loyalty Programs
1586,Stephen Moore,elizabeth62@yahoo.com,Shorts,4,3159,12636,2023-07-17,Summer,0,629,3159.0,3,Seasonal Buyers,Seasonal Promotions & Personalized Offers
1587,Donna Moore,tammy98@harper.org,Sneakers,5,4510,22550,2023-03-06,Spring,2,762,4510.0,3,Seasonal Buyers,Seasonal Promotions & Personalized Offers
1588,Melanie Jones,rebeccafields@yahoo.com,Loafers,2,2089,4178,2023-09-03,Autumn,3,581,2089.0,2,Lost Customers,Re-engagement Emails & Offers
1589,Jessica Kelly,jeanallen@hotmail.com,Full-Sleeve Shirt,4,1300,5200,2024-09-07,Autumn,3,211,1300.0,0,Low-Value Frequent Buyers,Discount Coupons & Loyalty Programs
1590,Nicholas Simpson,riggsalyssa@brown-douglas.com,Umbrella,4,815,3260,2024-09-02,Monsoon,4,216,815.0,0,Low-Value Frequent Buyers,Discount Coupons & Loyalty Programs
1591,Robert Clayton,hunter60@mendoza.info,Umbrella,5,4606,23030,2024-09-07,Monsoon,4,211,4606.0,1,High-Value Loyal Customers,Exclusive Membership & VIP Rewards
1592,Dustin Harrington,nicholasblair@davis.biz,Shorts,3,2611,7833,2023-06-19,Summer,0,657,2611.0,2,Lost Customers,Re-engagement Emails & Offers
1593,Kimberly Hughes,mcgeechristine@hotmail.com,Tank Top,5,3277,16385,2024-08-15,Summer,0,234,3277.0,1,High-Value Loyal Customers,Exclusive Membership & VIP Rewards
1594,Amy Walsh,zhernandez@yahoo.com,Cardigan,5,2892,14460,2023-10-09,Autumn,3,545,2892.0,3,Seasonal Buyers,Seasonal Promotions & Personalized Offers
1595,Shawn Juarez,bryan18@harmon.com,Light Jacket,1,709,709,2023-05-28,Spring,2,679,709.0,2,Lost Customers,Re-engagement Emails & Offers
1596,James Garcia,jennifergonzalez@wong.org,Tank Top,5,2288,11440,2023-08-08,Summer,0,607,2288.0,2,Lost Customers,Re-engagement Emails & Offers
1597,Brent Chavez,cookjames@bradley-hall.com,Sweater,4,1710,6840,2023-01-28,Winter,1,799,1710.0,2,Lost Customers,Re-engagement Emails & Offers
1598,Stephanie Ibarra,zrodriguez@gmail.com,Jacket,4,3482,13928,2024-12-28,Winter,1,99,3482.0,1,High-Value Loyal Customers,Exclusive Membership & VIP Rewards
1599,Keith Donovan,danielvelasquez@garcia.com,Raincoat,4,1488,5952,2024-06-03,Monsoon,4,307,1488.0,0,Low-Value Frequent Buyers,Discount Coupons & Loyalty Programs
1600,Joshua Vasquez,jensenkara@hall.org,Jacket,3,1407,4221,2023-01-11,Winter,1,816,1407.0,2,Lost Customers,Re-engagement Emails & Offers
1601,Casey Espinoza,sherri91@hotmail.com,Sweater,1,3098,3098,2024-12-03,Winter,1,124,3098.0,1,High-Value Loyal Customers,Exclusive Membership & VIP Rewards
1602,Ashley Wilson,hallen@wong.com,Cardigan,3,4286,12858,2024-10-26,Autumn,3,162,4286.0,1,High-Value Loyal Customers,Exclusive Membership & VIP Rewards
1603,Elizabeth Adams,mwest@gmail.com,Scarf,4,2749,10996,2024-01-28,Winter,1,434,2749.0,3,Seasonal Buyers,Seasonal Promotions & Personalized Offers
1604,Mrs. Rebecca Lawrence,lisa68@bradley.com,Loafers,4,4182,16728,2024-11-25,Autumn,3,132,4182.0,1,High-Value Loyal Customers,Exclusive Membership & VIP Rewards
1605,Kaylee Smith,kristinjohnson@miller.org,T-Shirt,3,2261,6783,2025-03-21,Spring,2,16,2261.0,0,Low-Value Frequent Buyers,Discount Coupons & Loyalty Programs
1606,Christopher Stewart,cruzedward@vasquez.com,Raincoat,2,2746,5492,2023-09-27,Monsoon,4,557,2746.0,2,Lost Customers,Re-engagement Emails & Offers
1607,Danny Martinez,rodriguezjeremy@yahoo.com,Sunglasses,4,4534,18136,2025-08-02,Summer,0,-118,4534.0,1,High-Value Loyal Customers,Exclusive Membership & VIP Rewards
1608,Earl Riley,calderonjose@johnson-sullivan.org,Sandals,4,4870,19480,2023-08-15,Summer,0,600,4870.0,3,Seasonal Buyers,Seasonal Promotions & Personalized Offers
1609,Kim Hurley,brownalice@gmail.com,Cardigan,5,4248,21240,2023-11-09,Autumn,3,514,4248.0,3,Seasonal Buyers,Seasonal Promotions & Personalized Offers
1610,James Thomas,fergusonmichelle@hotmail.com,Sandals,4,2638,10552,2023-07-15,Summer,0,631,2638.0,2,Lost Customers,Re-engagement Emails & Offers
1611,Daniel Moore,knichols@yahoo.com,T-Shirt,4,4794,19176,2025-03-01,Spring,2,36,4794.0,1,High-Value Loyal Customers,Exclusive Membership & VIP Rewards
1612,Chad Brooks,ambergeorge@brown.net,Shorts,5,3775,18875,2024-07-17,Summer,0,263,3775.0,1,High-Value Loyal Customers,Exclusive Membership & VIP Rewards
1613,Sarah Farmer,jramsey@gmail.com,T-Shirt,3,2613,7839,2023-05-28,Spring,2,679,2613.0,2,Lost Customers,Re-engagement Emails & Offers
1614,Carla Clark,troy80@hotmail.com,Shorts,4,1372,5488,2024-08-05,Summer,0,244,1372.0,0,Low-Value Frequent Buyers,Discount Coupons & Loyalty Programs
1615,Michelle White,rjones@young.org,Jacket,5,1092,5460,2023-12-19,Winter,1,474,1092.0,2,Lost Customers,Re-engagement Emails & Offers
1616,Joe Boyd,cooklarry@hale-smith.net,Waterproof Shoes,1,2107,2107,2023-09-11,Monsoon,4,573,2107.0,2,Lost Customers,Re-engagement Emails & Offers
1617,Jeremy Wagner,gmeza@yahoo.com,Umbrella,1,4961,4961,2024-09-10,Monsoon,4,208,4961.0,1,High-Value Loyal Customers,Exclusive Membership & VIP Rewards
1618,Victor Barnes,lewisjoel@willis.com,Scarf,5,2762,13810,2024-01-09,Winter,1,453,2762.0,3,Seasonal Buyers,Seasonal Promotions & Personalized Offers
1619,Stephen Thomas,williamsheather@daniels-williams.org,Jeans,3,3634,10902,2024-03-02,Spring,2,400,3634.0,1,High-Value Loyal Customers,Exclusive Membership & VIP Rewards
1620,Matthew Jones,alvarezjoseph@farmer.com,Sunglasses,3,4001,12003,2024-06-16,Summer,0,294,4001.0,1,High-Value Loyal Customers,Exclusive Membership & VIP Rewards
1621,Cindy Carr,tfields@gmail.com,Full-Sleeve Shirt,4,2449,9796,2023-10-05,Autumn,3,549,2449.0,2,Lost Customers,Re-engagement Emails & Offers
1622,Stephanie Murphy,george55@stewart.com,Jeans,5,4752,23760,2023-05-19,Spring,2,688,4752.0,3,Seasonal Buyers,Seasonal Promotions & Personalized Offers
1623,Holly Olsen,lisa01@suarez-mays.com,Sunglasses,3,2553,7659,2024-06-04,Summer,0,306,2553.0,0,Low-Value Frequent Buyers,Discount Coupons & Loyalty Programs
1624,Kendra Burton,dilloncharles@gmail.com,Raincoat,2,4839,9678,2024-08-28,Monsoon,4,221,4839.0,1,High-Value Loyal Customers,Exclusive Membership & VIP Rewards
1625,Kenneth Cline,ortiznancy@dawson-jordan.biz,Light Jacket,1,4490,4490,2024-05-23,Spring,2,318,4490.0,1,High-Value Loyal Customers,Exclusive Membership & VIP Rewards
1626,Kristina Olson,snguyen@miller-nguyen.com,Full-Sleeve Shirt,2,3677,7354,2023-11-28,Autumn,3,495,3677.0,3,Seasonal Buyers,Seasonal Promotions & Personalized Offers
1627,Christine Anderson,benjamin65@yahoo.com,Sandals,3,1846,5538,2024-06-21,Summer,0,289,1846.0,0,Low-Value Frequent Buyers,Discount Coupons & Loyalty Programs
1628,David Schaefer,ashley07@miller.biz,Shorts,5,4892,24460,2024-08-03,Summer,0,246,4892.0,1,High-Value Loyal Customers,Exclusive Membership & VIP Rewards
1629,Carolyn Arias,johnrobinson@coleman.info,Sneakers,4,4018,16072,2024-04-14,Spring,2,357,4018.0,1,High-Value Loyal Customers,Exclusive Membership & VIP Rewards
1630,Scott Chase,lukestout@hotmail.com,Sweater,1,1272,1272,2023-12-28,Winter,1,465,1272.0,2,Lost Customers,Re-engagement Emails & Offers
1631,Kayla Bird,vmoon@lucas-meyer.com,Umbrella,2,4774,9548,2024-06-05,Monsoon,4,305,4774.0,1,High-Value Loyal Customers,Exclusive Membership & VIP Rewards
1632,Scott Adams,josephjones@hotmail.com,Raincoat,3,4039,12117,2024-07-26,Monsoon,4,254,4039.0,1,High-Value Loyal Customers,Exclusive Membership & VIP Rewards
1633,John Obrien,paulburns@lewis.info,Scarf,3,3020,9060,2024-12-15,Winter,1,112,3020.0,1,High-Value Loyal Customers,Exclusive Membership & VIP Rewards
1634,Olivia Carroll,djackson@gmail.com,Raincoat,4,579,2316,2023-06-28,Monsoon,4,648,579.0,2,Lost Customers,Re-engagement Emails & Offers
1635,Connie Martinez,valeriereynolds@herman.biz,Scarf,3,1033,3099,2024-01-27,Winter,1,435,1033.0,2,Lost Customers,Re-engagement Emails & Offers
1636,Kyle Ward,roger39@hotmail.com,Scarf,2,4314,8628,2023-02-04,Winter,1,792,4314.0,3,Seasonal Buyers,Seasonal Promotions & Personalized Offers
1637,Nicole Cunningham,stephaniestewart@gmail.com,Sunglasses,3,2646,7938,2023-06-17,Summer,0,659,2646.0,2,Lost Customers,Re-engagement Emails & Offers
1638,Helen Snyder,charles95@yahoo.com,Waterproof Shoes,1,2792,2792,2024-07-15,Monsoon,4,265,2792.0,1,High-Value Loyal Customers,Exclusive Membership & VIP Rewards
1639,Kara Lewis,kaufmanmanuel@gmail.com,Umbrella,3,3968,11904,2024-09-28,Monsoon,4,190,3968.0,1,High-Value Loyal Customers,Exclusive Membership & VIP Rewards
1640,Theresa Stephens,leslie75@williams-finley.com,Full-Sleeve Shirt,3,2919,8757,2023-11-27,Autumn,3,496,2919.0,3,Seasonal Buyers,Seasonal Promotions & Personalized Offers
1641,Karen Perez,dennis52@yahoo.com,Blazer,4,603,2412,2024-10-01,Autumn,3,187,603.0,0,Low-Value Frequent Buyers,Discount Coupons & Loyalty Programs
1642,Holly Palmer,guerraalec@yahoo.com,Loafers,2,3265,6530,2023-11-05,Autumn,3,518,3265.0,3,Seasonal Buyers,Seasonal Promotions & Personalized Offers
1643,Cheryl Galvan,vmccarthy@yahoo.com,Umbrella,2,1685,3370,2024-09-06,Monsoon,4,212,1685.0,0,Low-Value Frequent Buyers,Discount Coupons & Loyalty Programs
1644,Leslie Beasley,vmoreno@yahoo.com,Loafers,3,3094,9282,2024-11-01,Autumn,3,156,3094.0,1,High-Value Loyal Customers,Exclusive Membership & VIP Rewards
1645,Tara Walters,abrown@gmail.com,Full-Sleeve Shirt,2,2088,4176,2023-09-09,Autumn,3,575,2088.0,2,Lost Customers,Re-engagement Emails & Offers
1646,Nicholas Lane,austinrichardson@jones-cole.com,Sunglasses,1,4049,4049,2024-07-16,Summer,0,264,4049.0,1,High-Value Loyal Customers,Exclusive Membership & VIP Rewards
1647,Karina Hodge,carlwright@marshall.biz,Scarf,4,2973,11892,2024-01-02,Winter,1,460,2973.0,3,Seasonal Buyers,Seasonal Promotions & Personalized Offers
1648,James Thomas,ricky86@reed.com,Jeans,4,3620,14480,2024-03-22,Spring,2,380,3620.0,1,High-Value Loyal Customers,Exclusive Membership & VIP Rewards
1649,Lisa Martin,timothyeaton@gmail.com,Light Jacket,2,2800,5600,2023-05-22,Spring,2,685,2800.0,2,Lost Customers,Re-engagement Emails & Offers
1650,Sean Underwood,michelledunn@yahoo.com,Sandals,4,2060,8240,2023-08-23,Summer,0,592,2060.0,2,Lost Customers,Re-engagement Emails & Offers
1651,Gabriel Harper,jonathanroberts@sanchez.com,Light Jacket,1,4762,4762,2024-03-27,Spring,2,375,4762.0,1,High-Value Loyal Customers,Exclusive Membership & VIP Rewards
1652,Carol Bentley,jordanlauren@yahoo.com,Jacket,4,1895,7580,2023-12-28,Winter,1,465,1895.0,2,Lost Customers,Re-engagement Emails & Offers
1653,Carl Stewart,carriewilson@gmail.com,Sandals,1,2744,2744,2023-07-03,Summer,0,643,2744.0,2,Lost Customers,Re-engagement Emails & Offers
1654,Pamela Myers,robertbutler@gmail.com,Waterproof Shoes,4,1094,4376,2023-06-01,Monsoon,4,675,1094.0,2,Lost Customers,Re-engagement Emails & Offers
1655,David Hall,zstafford@nguyen.net,Scarf,2,4757,9514,2024-12-19,Winter,1,108,4757.0,1,High-Value Loyal Customers,Exclusive Membership & VIP Rewards
1656,Curtis West,keykristen@underwood.biz,Light Jacket,3,3644,10932,2024-05-15,Spring,2,326,3644.0,1,High-Value Loyal Customers,Exclusive Membership & VIP Rewards
1657,Angela Villegas,mwhite@hunter.com,T-Shirt,1,4699,4699,2024-03-11,Spring,2,391,4699.0,1,High-Value Loyal Customers,Exclusive Membership & VIP Rewards
1658,Mandy Anderson,gomezstacey@norris.org,Jacket,5,1109,5545,2023-01-28,Winter,1,799,1109.0,2,Lost Customers,Re-engagement Emails & Offers
1659,Jodi Barnes,williamsmith@moore.com,Waterproof Shoes,2,2427,4854,2024-06-04,Monsoon,4,306,2427.0,0,Low-Value Frequent Buyers,Discount Coupons & Loyalty Programs
1660,Mark Schmidt,dudleyshawn@gmail.com,Waterproof Shoes,4,2013,8052,2024-06-08,Monsoon,4,302,2013.0,0,Low-Value Frequent Buyers,Discount Coupons & Loyalty Programs
1661,Taylor Flores,daniel90@meyer.com,Umbrella,5,2675,13375,2023-08-07,Monsoon,4,608,2675.0,2,Lost Customers,Re-engagement Emails & Offers
1662,Harry Harris,orrlevi@yahoo.com,Cardigan,5,4007,20035,2024-11-11,Autumn,3,146,4007.0,1,High-Value Loyal Customers,Exclusive Membership & VIP Rewards
1663,Michael Baxter,jacqueline98@miller.org,Boots,4,1423,5692,2024-02-15,Winter,1,416,1423.0,0,Low-Value Frequent Buyers,Discount Coupons & Loyalty Programs
1664,Gabrielle White,charles89@mason.com,Shorts,3,1472,4416,2024-07-17,Summer,0,263,1472.0,0,Low-Value Frequent Buyers,Discount Coupons & Loyalty Programs
1665,Eric Warren,harveyerin@townsend-morton.com,Full-Sleeve Shirt,4,4144,16576,2023-10-15,Autumn,3,539,4144.0,3,Seasonal Buyers,Seasonal Promotions & Personalized Offers
1666,Julie Olson,gruiz@yahoo.com,Scarf,3,3647,10941,2024-12-02,Winter,1,125,3647.0,1,High-Value Loyal Customers,Exclusive Membership & VIP Rewards
1667,Brian Luna,shawn12@mckay.com,Raincoat,1,1742,1742,2023-06-07,Monsoon,4,669,1742.0,2,Lost Customers,Re-engagement Emails & Offers
1668,Jimmy Schultz,marcusmiller@wallace.com,Blazer,2,1327,2654,2023-11-07,Autumn,3,516,1327.0,2,Lost Customers,Re-engagement Emails & Offers
1669,Lee Turner,lynchjames@gmail.com,Boots,1,870,870,2023-12-23,Winter,1,470,870.0,2,Lost Customers,Re-engagement Emails & Offers
1670,Stacie Hernandez,dickersonashley@yahoo.com,T-Shirt,3,2197,6591,2023-03-20,Spring,2,748,2197.0,2,Lost Customers,Re-engagement Emails & Offers
1671,Christina Carlson,maria03@pham-castaneda.net,T-Shirt,4,861,3444,2024-04-22,Spring,2,349,861.0,0,Low-Value Frequent Buyers,Discount Coupons & Loyalty Programs
1672,Timothy Lopez,aaron44@owen.com,Boots,2,891,1782,2024-12-13,Winter,1,114,891.0,0,Low-Value Frequent Buyers,Discount Coupons & Loyalty Programs
1673,Danielle Miller,acevedojessica@sims-brown.com,Light Jacket,3,2263,6789,2025-05-06,Spring,2,-30,2263.0,0,Low-Value Frequent Buyers,Discount Coupons & Loyalty Programs
1674,Jennifer Hoover,julieharris@yahoo.com,Sneakers,3,893,2679,2024-04-14,Spring,2,357,893.0,0,Low-Value Frequent Buyers,Discount Coupons & Loyalty Programs
1675,Dr. Tyler Diaz,walkertracy@bell-thompson.net,Raincoat,2,4834,9668,2024-08-12,Monsoon,4,237,4834.0,1,High-Value Loyal Customers,Exclusive Membership & VIP Rewards
1676,Angela Conrad,dan69@gmail.com,Tank Top,5,1843,9215,2024-07-24,Summer,0,256,1843.0,0,Low-Value Frequent Buyers,Discount Coupons & Loyalty Programs
1677,Gregory Morales,anthonycampos@johnson.com,Sneakers,3,1579,4737,2023-05-25,Spring,2,682,1579.0,2,Lost Customers,Re-engagement Emails & Offers
1678,Abigail Khan,pgolden@gmail.com,Shorts,2,3331,6662,2024-07-17,Summer,0,263,3331.0,1,High-Value Loyal Customers,Exclusive Membership & VIP Rewards
1679,Natalie Hill,kimberly35@gmail.com,Full-Sleeve Shirt,3,2357,7071,2024-11-28,Autumn,3,129,2357.0,0,Low-Value Frequent Buyers,Discount Coupons & Loyalty Programs
1680,Brett Williams,fwalsh@yahoo.com,Sweater,5,1985,9925,2024-02-02,Winter,1,429,1985.0,2,Lost Customers,Re-engagement Emails & Offers
1681,Michael Nielsen,barrerajeremy@yahoo.com,Full-Sleeve Shirt,1,2286,2286,2023-10-09,Autumn,3,545,2286.0,2,Lost Customers,Re-engagement Emails & Offers
1682,Jody Thomas,davisclaudia@cross-graham.com,Blazer,5,2306,11530,2023-09-28,Autumn,3,556,2306.0,2,Lost Customers,Re-engagement Emails & Offers
1683,Christopher Wallace,nfox@hotmail.com,Sweater,1,2742,2742,2023-12-04,Winter,1,489,2742.0,2,Lost Customers,Re-engagement Emails & Offers
1684,Michael Stevens,tim59@yahoo.com,Scarf,2,2586,5172,2023-12-11,Winter,1,482,2586.0,2,Lost Customers,Re-engagement Emails & Offers
1685,Jorge Johnson,codysmith@baker.info,Sandals,1,3187,3187,2024-07-07,Summer,0,273,3187.0,1,High-Value Loyal Customers,Exclusive Membership & VIP Rewards
1686,Justin Branch,tannerconnor@hotmail.com,Tank Top,4,910,3640,2024-07-20,Summer,0,260,910.0,0,Low-Value Frequent Buyers,Discount Coupons & Loyalty Programs
1687,Tyler Williams,adam16@gmail.com,Jeans,3,1654,4962,2023-03-28,Spring,2,740,1654.0,2,Lost Customers,Re-engagement Emails & Offers
1688,Phillip Wood,jacobbutler@gmail.com,Sneakers,3,745,2235,2023-05-10,Spring,2,697,745.0,2,Lost Customers,Re-engagement Emails & Offers
1689,Ronald Reyes,ronald42@gmail.com,Full-Sleeve Shirt,1,4128,4128,2023-09-01,Autumn,3,583,4128.0,3,Seasonal Buyers,Seasonal Promotions & Personalized Offers
1690,Lindsay Quinn,nmarquez@gmail.com,Scarf,2,3030,6060,2025-02-28,Winter,1,37,3030.0,1,High-Value Loyal Customers,Exclusive Membership & VIP Rewards
1691,Stephanie Nguyen,ymitchell@holland-cox.com,Raincoat,5,4522,22610,2023-06-10,Monsoon,4,666,4522.0,3,Seasonal Buyers,Seasonal Promotions & Personalized Offers
1692,Megan Greene,soniagalvan@hotmail.com,Cardigan,4,3785,15140,2024-10-06,Autumn,3,182,3785.0,1,High-Value Loyal Customers,Exclusive Membership & VIP Rewards
1693,Martha Stevens,raymond37@hotmail.com,Sandals,3,3249,9747,2024-06-28,Summer,0,282,3249.0,1,High-Value Loyal Customers,Exclusive Membership & VIP Rewards
1694,Dr. Willie Downs,johnsonbrittney@gmail.com,Jacket,4,4381,17524,2024-02-12,Winter,1,419,4381.0,3,Seasonal Buyers,Seasonal Promotions & Personalized Offers
1695,Denise Pennington,kennethhuber@perkins.com,Loafers,3,2667,8001,2024-09-26,Autumn,3,192,2667.0,0,Low-Value Frequent Buyers,Discount Coupons & Loyalty Programs
1696,Bethany Jones,bryanreed@hotmail.com,Raincoat,1,2610,2610,2024-09-13,Monsoon,4,205,2610.0,0,Low-Value Frequent Buyers,Discount Coupons & Loyalty Programs
1697,Jennifer Lloyd,renee04@gmail.com,Sneakers,4,3789,15156,2024-05-08,Spring,2,333,3789.0,1,High-Value Loyal Customers,Exclusive Membership & VIP Rewards
1698,Andrea Phillips,duranjacqueline@hotmail.com,Boots,3,1708,5124,2023-01-24,Winter,1,803,1708.0,2,Lost Customers,Re-engagement Emails & Offers
1699,Jennifer Hammond,kmccall@miller.com,Umbrella,1,2936,2936,2023-09-05,Monsoon,4,579,2936.0,3,Seasonal Buyers,Seasonal Promotions & Personalized Offers
1700,Angela Walters,robertperez@gmail.com,Tank Top,1,650,650,2024-08-20,Summer,0,229,650.0,0,Low-Value Frequent Buyers,Discount Coupons & Loyalty Programs
1701,Angela Jones,perezcassidy@yahoo.com,Umbrella,5,1347,6735,2023-06-03,Monsoon,4,673,1347.0,2,Lost Customers,Re-engagement Emails & Offers
1702,Crystal Mayo,jenniferanderson@gonzales.biz,Umbrella,5,901,4505,2023-06-13,Monsoon,4,663,901.0,2,Lost Customers,Re-engagement Emails & Offers
1703,Danny Olsen,qhamilton@hotmail.com,Sandals,1,568,568,2024-07-02,Summer,0,278,568.0,0,Low-Value Frequent Buyers,Discount Coupons & Loyalty Programs
1704,Patricia Gonzalez MD,kcase@barton-davis.org,Tank Top,2,3257,6514,2024-08-02,Summer,0,247,3257.0,1,High-Value Loyal Customers,Exclusive Membership & VIP Rewards
1705,Annette Obrien,kevin24@valdez.com,Loafers,5,4391,21955,2024-09-22,Autumn,3,196,4391.0,1,High-Value Loyal Customers,Exclusive Membership & VIP Rewards
1706,Patrick Donaldson,linda09@vasquez.com,Raincoat,2,3437,6874,2023-06-11,Monsoon,4,665,3437.0,3,Seasonal Buyers,Seasonal Promotions & Personalized Offers
1707,Alyssa Williams,perrynicole@hotmail.com,Scarf,1,3371,3371,2023-12-17,Winter,1,476,3371.0,3,Seasonal Buyers,Seasonal Promotions & Personalized Offers
1708,Anna Park,qpatterson@pruitt.com,Cardigan,3,2251,6753,2025-11-13,Autumn,3,-221,2251.0,0,Low-Value Frequent Buyers,Discount Coupons & Loyalty Programs
1709,Jill Fisher,banksnorman@yahoo.com,Loafers,5,1928,9640,2024-11-28,Autumn,3,129,1928.0,0,Low-Value Frequent Buyers,Discount Coupons & Loyalty Programs
1710,Rhonda Smith,nicholasbrown@houston.info,Waterproof Shoes,4,2999,11996,2023-07-26,Monsoon,4,620,2999.0,3,Seasonal Buyers,Seasonal Promotions & Personalized Offers
1711,Crystal Wilson,gailrhodes@yahoo.com,Sweater,2,3227,6454,2023-01-22,Winter,1,805,3227.0,3,Seasonal Buyers,Seasonal Promotions & Personalized Offers
1712,Sandra Chavez,ryan98@berry.info,Light Jacket,3,814,2442,2024-05-05,Spring,2,336,814.0,0,Low-Value Frequent Buyers,Discount Coupons & Loyalty Programs
1713,Samuel House,marklopez@hotmail.com,Jacket,1,4261,4261,2024-02-28,Winter,1,403,4261.0,1,High-Value Loyal Customers,Exclusive Membership & VIP Rewards
1714,Luke Johnson,wongdawn@hotmail.com,Jacket,4,2547,10188,2023-02-16,Winter,1,780,2547.0,2,Lost Customers,Re-engagement Emails & Offers
1715,Shannon Stevens,bgreen@edwards-henderson.com,Sunglasses,4,912,3648,2023-06-02,Summer,0,674,912.0,2,Lost Customers,Re-engagement Emails & Offers
1716,Dawn Gonzalez,robert22@kane.net,Sandals,1,818,818,2023-06-11,Summer,0,665,818.0,2,Lost Customers,Re-engagement Emails & Offers
1717,Jesus Collins,rcervantes@white-jones.biz,Sneakers,1,3438,3438,2023-04-11,Spring,2,726,3438.0,3,Seasonal Buyers,Seasonal Promotions & Personalized Offers
1718,Jennifer Davis,lisakelly@gmail.com,Raincoat,3,4926,14778,2023-07-19,Monsoon,4,627,4926.0,3,Seasonal Buyers,Seasonal Promotions & Personalized Offers
1719,Malik Brown,dawn39@hotmail.com,T-Shirt,2,3789,7578,2023-05-17,Spring,2,690,3789.0,3,Seasonal Buyers,Seasonal Promotions & Personalized Offers
1720,Terrance King,dibarra@yahoo.com,Scarf,3,2900,8700,2024-12-07,Winter,1,120,2900.0,1,High-Value Loyal Customers,Exclusive Membership & VIP Rewards
1721,Amy Morris,wnelson@williams.com,Raincoat,4,919,3676,2024-09-10,Monsoon,4,208,919.0,0,Low-Value Frequent Buyers,Discount Coupons & Loyalty Programs
1722,Amanda Bush,spatrick@arias.org,T-Shirt,5,2756,13780,2023-04-26,Spring,2,711,2756.0,2,Lost Customers,Re-engagement Emails & Offers
1723,Kelly Martinez,garciachad@jackson.info,Boots,2,3303,6606,2023-01-02,Winter,1,825,3303.0,3,Seasonal Buyers,Seasonal Promotions & Personalized Offers
1724,Peter Miller,kristen00@rocha-smith.com,Loafers,5,1761,8805,2024-09-07,Autumn,3,211,1761.0,0,Low-Value Frequent Buyers,Discount Coupons & Loyalty Programs
1725,Erica Adams,katherine11@yahoo.com,Umbrella,5,1497,7485,2024-09-13,Monsoon,4,205,1497.0,0,Low-Value Frequent Buyers,Discount Coupons & Loyalty Programs
1726,Kevin Wagner,michaelking@yahoo.com,Raincoat,3,1839,5517,2023-07-03,Monsoon,4,643,1839.0,2,Lost Customers,Re-engagement Emails & Offers
1727,Jason Hill,johnsonwhitney@yahoo.com,Cardigan,4,3572,14288,2024-10-02,Autumn,3,186,3572.0,1,High-Value Loyal Customers,Exclusive Membership & VIP Rewards
1728,David Stewart,stacybell@yahoo.com,Light Jacket,4,3835,15340,2024-03-26,Spring,2,376,3835.0,1,High-Value Loyal Customers,Exclusive Membership & VIP Rewards
1729,Jermaine Evans,hgarza@davis.info,Blazer,5,1627,8135,2024-09-28,Autumn,3,190,1627.0,0,Low-Value Frequent Buyers,Discount Coupons & Loyalty Programs
1730,Ricky Moran,wendypace@thomas-martin.com,Waterproof Shoes,4,733,2932,2024-06-07,Monsoon,4,303,733.0,0,Low-Value Frequent Buyers,Discount Coupons & Loyalty Programs
1731,Mr. Matthew Wagner,mitchelltheresa@yahoo.com,Sandals,2,3478,6956,2024-06-05,Summer,0,305,3478.0,1,High-Value Loyal Customers,Exclusive Membership & VIP Rewards
1732,Jacob Lynch,nicoleburnett@carroll.net,Boots,1,4126,4126,2024-01-05,Winter,1,457,4126.0,3,Seasonal Buyers,Seasonal Promotions & Personalized Offers
1733,John Miller,wilsonandre@yahoo.com,Light Jacket,1,3471,3471,2024-04-15,Spring,2,356,3471.0,1,High-Value Loyal Customers,Exclusive Membership & VIP Rewards
1734,Samantha Turner,nathanortiz@gmail.com,Loafers,4,2808,11232,2023-10-09,Autumn,3,545,2808.0,3,Seasonal Buyers,Seasonal Promotions & Personalized Offers
1735,Richard Johnson,emcclure@johnson.com,T-Shirt,1,4621,4621,2023-05-25,Spring,2,682,4621.0,3,Seasonal Buyers,Seasonal Promotions & Personalized Offers
1736,Kevin Stephens,aporter@hotmail.com,Sweater,2,4617,9234,2024-01-28,Winter,1,434,4617.0,3,Seasonal Buyers,Seasonal Promotions & Personalized Offers
1737,Monica Roberts,kristy30@yahoo.com,Scarf,4,4534,18136,2025-12-04,Winter,1,-242,4534.0,1,High-Value Loyal Customers,Exclusive Membership & VIP Rewards
1738,Debra Butler,brenda99@cardenas.com,Loafers,1,4497,4497,2023-10-26,Autumn,3,528,4497.0,3,Seasonal Buyers,Seasonal Promotions & Personalized Offers
1739,Donna Berry,jamestaylor@gmail.com,Raincoat,2,4416,8832,2024-07-12,Monsoon,4,268,4416.0,1,High-Value Loyal Customers,Exclusive Membership & VIP Rewards
1740,Victor Chavez,riveratodd@lewis-lee.org,Cardigan,2,623,1246,2024-11-21,Autumn,3,136,623.0,0,Low-Value Frequent Buyers,Discount Coupons & Loyalty Programs
1741,Patricia Jimenez,christinegreen@farmer.com,Waterproof Shoes,2,4855,9710,2023-07-13,Monsoon,4,633,4855.0,3,Seasonal Buyers,Seasonal Promotions & Personalized Offers
1742,Charles Clay,nolanjonathan@yahoo.com,Shorts,5,2291,11455,2024-07-07,Summer,0,273,2291.0,0,Low-Value Frequent Buyers,Discount Coupons & Loyalty Programs
1743,Brian May,john34@hotmail.com,Umbrella,2,2893,5786,2023-06-07,Monsoon,4,669,2893.0,3,Seasonal Buyers,Seasonal Promotions & Personalized Offers
1744,Casey Douglas,cannonrichard@williams.com,Raincoat,4,3308,13232,2023-06-07,Monsoon,4,669,3308.0,3,Seasonal Buyers,Seasonal Promotions & Personalized Offers
1745,Rhonda Cochran,jonathan68@gmail.com,Umbrella,3,3098,9294,2024-06-14,Monsoon,4,296,3098.0,1,High-Value Loyal Customers,Exclusive Membership & VIP Rewards
1746,Jennifer Hogan,juliebennett@hotmail.com,Jacket,5,598,2990,2024-12-05,Winter,1,122,598.0,0,Low-Value Frequent Buyers,Discount Coupons & Loyalty Programs
1747,Leslie Baker,tiffanygutierrez@gmail.com,Sweater,4,1051,4204,2023-01-04,Winter,1,823,1051.0,2,Lost Customers,Re-engagement Emails & Offers
1748,Michael Stephens II,kristyvelasquez@coleman-perry.com,Jeans,2,4433,8866,2024-05-09,Spring,2,332,4433.0,1,High-Value Loyal Customers,Exclusive Membership & VIP Rewards
1749,Crystal Wagner,eaustin@hotmail.com,Sandals,1,4210,4210,2024-08-11,Summer,0,238,4210.0,1,High-Value Loyal Customers,Exclusive Membership & VIP Rewards
1750,Shirley James,james52@silva-wilkins.com,Sweater,5,784,3920,2023-02-01,Winter,1,795,784.0,2,Lost Customers,Re-engagement Emails & Offers
1751,Robert Mcpherson,macdonaldmichael@yahoo.com,Boots,2,2691,5382,2024-02-08,Winter,1,423,2691.0,2,Lost Customers,Re-engagement Emails & Offers
1752,Jessica Green,johnswilliam@gmail.com,Raincoat,4,1761,7044,2024-07-11,Monsoon,4,269,1761.0,0,Low-Value Frequent Buyers,Discount Coupons & Loyalty Programs
1753,Eric Soto,tellis@gmail.com,T-Shirt,4,4794,19176,2023-05-28,Spring,2,679,4794.0,3,Seasonal Buyers,Seasonal Promotions & Personalized Offers
1754,Karen Murray,jenniferwise@silva-harrison.net,Shorts,4,1590,6360,2024-07-15,Summer,0,265,1590.0,0,Low-Value Frequent Buyers,Discount Coupons & Loyalty Programs
1755,Linda Jackson,michael67@gmail.com,Full-Sleeve Shirt,5,4652,23260,2023-09-15,Autumn,3,569,4652.0,3,Seasonal Buyers,Seasonal Promotions & Personalized Offers
1756,Philip Oconnor,xphillips@hernandez.com,Waterproof Shoes,5,2282,11410,2023-09-28,Monsoon,4,556,2282.0,2,Lost Customers,Re-engagement Emails & Offers
1757,Lindsay Moore,anthony31@yahoo.com,Boots,2,3552,7104,2024-02-07,Winter,1,424,3552.0,3,Seasonal Buyers,Seasonal Promotions & Personalized Offers
1758,Joseph Anderson,gregory26@daniel.com,Tank Top,1,2154,2154,2023-08-22,Summer,0,593,2154.0,2,Lost Customers,Re-engagement Emails & Offers
1759,Richard Robinson,djohnson@yahoo.com,Cardigan,3,2340,7020,2025-11-01,Autumn,3,-209,2340.0,0,Low-Value Frequent Buyers,Discount Coupons & Loyalty Programs
1760,Courtney Hernandez,margaretritter@tran.net,Cardigan,1,1803,1803,2024-11-24,Autumn,3,133,1803.0,0,Low-Value Frequent Buyers,Discount Coupons & Loyalty Programs
1761,Christopher Wolfe,swilson@yahoo.com,Blazer,1,1532,1532,2024-09-15,Autumn,3,203,1532.0,0,Low-Value Frequent Buyers,Discount Coupons & Loyalty Programs
1762,Sandra Norris,shirleydrake@frazier-campbell.com,Jeans,4,3203,12812,2024-04-24,Spring,2,347,3203.0,1,High-Value Loyal Customers,Exclusive Membership & VIP Rewards
1763,Rita Robinson MD,njones@brown.net,Sneakers,4,3823,15292,2023-05-14,Spring,2,693,3823.0,3,Seasonal Buyers,Seasonal Promotions & Personalized Offers
1764,Matthew Morris,hornraymond@gmail.com,Waterproof Shoes,4,3198,12792,2023-08-01,Monsoon,4,614,3198.0,3,Seasonal Buyers,Seasonal Promotions & Personalized Offers
1765,Renee Nielsen,sean77@gonzales.com,Raincoat,5,2857,14285,2023-07-17,Monsoon,4,629,2857.0,3,Seasonal Buyers,Seasonal Promotions & Personalized Offers
1766,Amanda Hogan,krystalrodriguez@james-holmes.biz,Full-Sleeve Shirt,5,1436,7180,2023-11-28,Autumn,3,495,1436.0,2,Lost Customers,Re-engagement Emails & Offers
1767,Elijah Brown,rodney66@zamora.biz,Jeans,4,4953,19812,2023-05-19,Spring,2,688,4953.0,3,Seasonal Buyers,Seasonal Promotions & Personalized Offers
1768,David Fowler,katieswanson@yahoo.com,Jeans,2,762,1524,2023-05-28,Spring,2,679,762.0,2,Lost Customers,Re-engagement Emails & Offers
1769,Matthew Duran,brian68@gmail.com,Jacket,1,3306,3306,2023-01-11,Winter,1,816,3306.0,3,Seasonal Buyers,Seasonal Promotions & Personalized Offers
1770,Maria Mitchell,adriannguyen@andrews.biz,Umbrella,4,3993,15972,2023-09-16,Monsoon,4,568,3993.0,3,Seasonal Buyers,Seasonal Promotions & Personalized Offers
1771,Lindsey Perry,websterjames@evans.com,Waterproof Shoes,5,726,3630,2023-09-02,Monsoon,4,582,726.0,2,Lost Customers,Re-engagement Emails & Offers
1772,Jessica Johnson,wowens@sullivan.org,Sunglasses,5,4185,20925,2024-07-14,Summer,0,266,4185.0,1,High-Value Loyal Customers,Exclusive Membership & VIP Rewards
1773,Anthony Davis,rlin@garcia.org,Full-Sleeve Shirt,4,4430,17720,2024-11-14,Autumn,3,143,4430.0,1,High-Value Loyal Customers,Exclusive Membership & VIP Rewards
1774,Kevin Howe,wilsondaniel@hotmail.com,Blazer,4,2886,11544,2024-11-14,Autumn,3,143,2886.0,1,High-Value Loyal Customers,Exclusive Membership & VIP Rewards
1775,Cheryl Gilbert,nicholskevin@curtis-allen.com,Cardigan,3,4855,14565,2023-11-19,Autumn,3,504,4855.0,3,Seasonal Buyers,Seasonal Promotions & Personalized Offers
1776,Caleb Scott,kellysullivan@ortega-ball.biz,Shorts,3,4078,12234,2023-08-21,Summer,0,594,4078.0,3,Seasonal Buyers,Seasonal Promotions & Personalized Offers
1777,Tracy Robinson,samuel49@hotmail.com,Sandals,1,4744,4744,2024-07-01,Summer,0,279,4744.0,1,High-Value Loyal Customers,Exclusive Membership & VIP Rewards
1778,Austin Reese,hannah80@martin.com,Full-Sleeve Shirt,3,2802,8406,2024-10-28,Autumn,3,160,2802.0,1,High-Value Loyal Customers,Exclusive Membership & VIP Rewards
1779,Christopher Jackson,drew78@scott.net,Waterproof Shoes,4,1317,5268,2023-06-13,Monsoon,4,663,1317.0,2,Lost Customers,Re-engagement Emails & Offers
1780,Sabrina Williams,kyle44@yahoo.com,Full-Sleeve Shirt,1,2242,2242,2023-10-01,Autumn,3,553,2242.0,2,Lost Customers,Re-engagement Emails & Offers
1781,Lynn Maxwell,sheatimothy@roberts-carlson.com,Sandals,1,881,881,2024-08-26,Summer,0,223,881.0,0,Low-Value Frequent Buyers,Discount Coupons & Loyalty Programs
1782,Kimberly Walker,ryanparker@jones-castaneda.com,Raincoat,3,2337,7011,2023-08-28,Monsoon,4,587,2337.0,2,Lost Customers,Re-engagement Emails & Offers
1783,Jackie Thomas,tamara25@allen.com,Light Jacket,1,3307,3307,2024-04-23,Spring,2,348,3307.0,1,High-Value Loyal Customers,Exclusive Membership & VIP Rewards
1784,Elizabeth Fisher,dlawrence@yahoo.com,Umbrella,5,1886,9430,2024-07-22,Monsoon,4,258,1886.0,0,Low-Value Frequent Buyers,Discount Coupons & Loyalty Programs
1785,Sara Proctor,spencer29@robertson.com,Sandals,4,2858,11432,2024-07-07,Summer,0,273,2858.0,1,High-Value Loyal Customers,Exclusive Membership & VIP Rewards
1786,Jose Nelson,wallsnicole@smith-morales.com,Shorts,3,630,1890,2023-08-26,Summer,0,589,630.0,2,Lost Customers,Re-engagement Emails & Offers
1787,Michael Bradshaw,mitchellantonio@gmail.com,Jacket,2,3891,7782,2024-02-16,Winter,1,415,3891.0,3,Seasonal Buyers,Seasonal Promotions & Personalized Offers
1788,Meredith Gray,mwilson@gmail.com,Shorts,4,958,3832,2023-07-06,Summer,0,640,958.0,2,Lost Customers,Re-engagement Emails & Offers
1789,Jacob Turner,smorgan@smith.com,Scarf,4,1184,4736,2024-12-22,Winter,1,105,1184.0,0,Low-Value Frequent Buyers,Discount Coupons & Loyalty Programs
1790,Laurie Deleon,ashleelawson@shelton-oliver.com,Sweater,1,2415,2415,2024-02-10,Winter,1,421,2415.0,2,Lost Customers,Re-engagement Emails & Offers
1791,Andrew Moore,daniel69@walters.info,Cardigan,2,1113,2226,2025-11-25,Autumn,3,-233,1113.0,0,Low-Value Frequent Buyers,Discount Coupons & Loyalty Programs
1792,Elizabeth Patrick,emmafields@hill.net,Jeans,5,3755,18775,2023-04-17,Spring,2,720,3755.0,3,Seasonal Buyers,Seasonal Promotions & Personalized Offers
1793,Vincent Russell,williamspamela@gmail.com,Cardigan,2,655,1310,2023-11-12,Autumn,3,511,655.0,2,Lost Customers,Re-engagement Emails & Offers
1794,Jessica Holmes,slewis@patel.net,T-Shirt,1,2837,2837,2023-04-26,Spring,2,711,2837.0,3,Seasonal Buyers,Seasonal Promotions & Personalized Offers
1795,Ann Willis,edwardlee@gmail.com,Cardigan,3,3863,11589,2023-09-21,Autumn,3,563,3863.0,3,Seasonal Buyers,Seasonal Promotions & Personalized Offers
1796,Edward Santos,alyssa49@taylor.com,Jacket,2,3847,7694,2024-02-16,Winter,1,415,3847.0,3,Seasonal Buyers,Seasonal Promotions & Personalized Offers
1797,Victoria Hicks,stevensonbrittany@hotmail.com,Sweater,3,1211,3633,2023-12-17,Winter,1,476,1211.0,2,Lost Customers,Re-engagement Emails & Offers
1798,Jennifer Murray,berrychristine@guerra.biz,Full-Sleeve Shirt,4,4584,18336,2023-11-22,Autumn,3,501,4584.0,3,Seasonal Buyers,Seasonal Promotions & Personalized Offers
1799,Andrew Duke,megan30@hotmail.com,Tank Top,5,2381,11905,2024-08-26,Summer,0,223,2381.0,0,Low-Value Frequent Buyers,Discount Coupons & Loyalty Programs
1800,Jeremy Santiago,kelsey40@yahoo.com,Boots,3,4073,12219,2023-12-26,Winter,1,467,4073.0,3,Seasonal Buyers,Seasonal Promotions & Personalized Offers
1801,Richard Brown,davidhall@yahoo.com,Raincoat,5,1962,9810,2023-09-14,Monsoon,4,570,1962.0,2,Lost Customers,Re-engagement Emails & Offers
1802,April Richardson,yvazquez@stein.com,Raincoat,2,4880,9760,2023-08-17,Monsoon,4,598,4880.0,3,Seasonal Buyers,Seasonal Promotions & Personalized Offers
1803,Brian Ross,wjackson@gmail.com,Loafers,3,3084,9252,2024-09-27,Autumn,3,191,3084.0,1,High-Value Loyal Customers,Exclusive Membership & VIP Rewards
1804,Rebecca Garza,shannonmahoney@gmail.com,T-Shirt,4,4658,18632,2023-04-28,Spring,2,709,4658.0,3,Seasonal Buyers,Seasonal Promotions & Personalized Offers
1805,Mike Johnson,xmayo@baker.com,Loafers,2,4269,8538,2024-10-28,Autumn,3,160,4269.0,1,High-Value Loyal Customers,Exclusive Membership & VIP Rewards
1806,Stacey Weber,danieljoyce@davenport.biz,Full-Sleeve Shirt,3,1285,3855,2023-11-26,Autumn,3,497,1285.0,2,Lost Customers,Re-engagement Emails & Offers
1807,Andrew Powell,jwatts@hotmail.com,Raincoat,4,3907,15628,2024-06-04,Monsoon,4,306,3907.0,1,High-Value Loyal Customers,Exclusive Membership & VIP Rewards
1808,Brenda Henderson,browntom@charles-jackson.com,Sunglasses,4,3941,15764,2023-07-04,Summer,0,642,3941.0,3,Seasonal Buyers,Seasonal Promotions & Personalized Offers
1809,Henry Boyd,meganrodriguez@morris.org,Raincoat,3,3836,11508,2023-09-13,Monsoon,4,571,3836.0,3,Seasonal Buyers,Seasonal Promotions & Personalized Offers
1810,Jacob Davis,sgilmore@holt-cooper.info,Cardigan,3,4627,13881,2023-11-18,Autumn,3,505,4627.0,3,Seasonal Buyers,Seasonal Promotions & Personalized Offers
1811,Michael Davis,franksmith@yahoo.com,Light Jacket,2,2963,5926,2023-04-26,Spring,2,711,2963.0,3,Seasonal Buyers,Seasonal Promotions & Personalized Offers
1812,Mrs. Natalie Lopez,marymurray@miller-myers.net,Sandals,5,2209,11045,2025-06-21,Summer,0,-76,2209.0,0,Low-Value Frequent Buyers,Discount Coupons & Loyalty Programs
1813,Debbie Gray,aaron90@barron.net,Boots,2,1920,3840,2023-01-13,Winter,1,814,1920.0,2,Lost Customers,Re-engagement Emails & Offers
1814,Rachel Williams,victoria25@yahoo.com,Raincoat,5,1494,7470,2024-07-28,Monsoon,4,252,1494.0,0,Low-Value Frequent Buyers,Discount Coupons & Loyalty Programs
1815,Janet Rojas,nicolewheeler@warren.com,Blazer,2,3846,7692,2023-09-01,Autumn,3,583,3846.0,3,Seasonal Buyers,Seasonal Promotions & Personalized Offers
1816,Kelly Stewart,jenniferlee@gmail.com,Boots,3,2286,6858,2023-01-28,Winter,1,799,2286.0,2,Lost Customers,Re-engagement Emails & Offers
1817,Samantha Flores,mrodriguez@gmail.com,Scarf,5,990,4950,2023-12-20,Winter,1,473,990.0,2,Lost Customers,Re-engagement Emails & Offers
1818,Michelle Howard,hernandezdavid@smith.info,Sunglasses,3,4531,13593,2023-06-28,Summer,0,648,4531.0,3,Seasonal Buyers,Seasonal Promotions & Personalized Offers
1819,Frances Sims,denisekennedy@gmail.com,Loafers,5,3900,19500,2024-11-28,Autumn,3,129,3900.0,1,High-Value Loyal Customers,Exclusive Membership & VIP Rewards
1820,Vicki Walsh,hollysmith@gutierrez.org,Loafers,2,1059,2118,2023-09-03,Autumn,3,581,1059.0,2,Lost Customers,Re-engagement Emails & Offers
1821,Maria Blackwell,pittskelli@gmail.com,Loafers,3,1592,4776,2025-11-04,Autumn,3,-212,1592.0,0,Low-Value Frequent Buyers,Discount Coupons & Loyalty Programs
1822,Gina Davis,ebecker@hooper.biz,Sandals,1,4950,4950,2024-08-04,Summer,0,245,4950.0,1,High-Value Loyal Customers,Exclusive Membership & VIP Rewards
1823,Bryan Kramer,rosariojoshua@hotmail.com,Jeans,2,603,1206,2024-04-28,Spring,2,343,603.0,0,Low-Value Frequent Buyers,Discount Coupons & Loyalty Programs
1824,James King,andrewmeadows@yahoo.com,Light Jacket,3,4545,13635,2023-05-28,Spring,2,679,4545.0,3,Seasonal Buyers,Seasonal Promotions & Personalized Offers
1825,Christie Lewis,susan04@hotmail.com,Sunglasses,3,3905,11715,2025-07-13,Summer,0,-98,3905.0,1,High-Value Loyal Customers,Exclusive Membership & VIP Rewards
1826,David Johnson,comptonpatricia@yahoo.com,Light Jacket,1,1761,1761,2025-04-25,Spring,2,-19,1761.0,0,Low-Value Frequent Buyers,Discount Coupons & Loyalty Programs
1827,Dr. Elizabeth Guerra,benjaminmcintyre@williams.com,Sneakers,2,866,1732,2023-04-23,Spring,2,714,866.0,2,Lost Customers,Re-engagement Emails & Offers
1828,Christopher Rivera,pamela88@hickman.com,Sweater,1,500,500,2024-02-17,Winter,1,414,500.0,0,Low-Value Frequent Buyers,Discount Coupons & Loyalty Programs
1829,Sheryl Hancock,martindawn@lane-porter.biz,Shorts,2,949,1898,2024-08-07,Summer,0,242,949.0,0,Low-Value Frequent Buyers,Discount Coupons & Loyalty Programs
1830,Dennis Black Jr.,danielweiss@duran.com,Sandals,3,4688,14064,2024-07-08,Summer,0,272,4688.0,1,High-Value Loyal Customers,Exclusive Membership & VIP Rewards
1831,Karen Williams DDS,clayscott@yahoo.com,Sneakers,3,3308,9924,2023-05-08,Spring,2,699,3308.0,3,Seasonal Buyers,Seasonal Promotions & Personalized Offers
1832,Sean Vasquez,wknight@yahoo.com,Umbrella,3,3170,9510,2024-08-02,Monsoon,4,247,3170.0,1,High-Value Loyal Customers,Exclusive Membership & VIP Rewards
1833,Katrina Lopez,rmunoz@brown.com,Blazer,4,4033,16132,2023-11-14,Autumn,3,509,4033.0,3,Seasonal Buyers,Seasonal Promotions & Personalized Offers
1834,Jessica Pittman,courtney80@ho.com,Scarf,5,4301,21505,2024-01-28,Winter,1,434,4301.0,3,Seasonal Buyers,Seasonal Promotions & Personalized Offers
1835,Richard Moody,diane54@kemp-mathis.net,Waterproof Shoes,1,4320,4320,2024-09-09,Monsoon,4,209,4320.0,1,High-Value Loyal Customers,Exclusive Membership & VIP Rewards
1836,Felicia Odonnell,karen96@gmail.com,Jacket,3,4470,13410,2024-02-07,Winter,1,424,4470.0,3,Seasonal Buyers,Seasonal Promotions & Personalized Offers
1837,Anne Lang,lovemegan@yahoo.com,T-Shirt,1,3803,3803,2025-05-03,Spring,2,-27,3803.0,1,High-Value Loyal Customers,Exclusive Membership & VIP Rewards
1838,Heather Crawford,christopherclark@hotmail.com,Sweater,1,4589,4589,2024-02-17,Winter,1,414,4589.0,3,Seasonal Buyers,Seasonal Promotions & Personalized Offers
1839,Linda Espinoza,mark82@cummings-yoder.com,Jeans,4,4787,19148,2023-03-24,Spring,2,744,4787.0,3,Seasonal Buyers,Seasonal Promotions & Personalized Offers
1840,Erin Bray,katie43@yahoo.com,Loafers,1,938,938,2023-11-15,Autumn,3,508,938.0,2,Lost Customers,Re-engagement Emails & Offers
1841,Mark Shea,jennifer00@hotmail.com,Cardigan,5,2456,12280,2023-11-25,Autumn,3,498,2456.0,2,Lost Customers,Re-engagement Emails & Offers
1842,Phyllis Thomas,yhopkins@hotmail.com,Blazer,2,667,1334,2023-10-05,Autumn,3,549,667.0,2,Lost Customers,Re-engagement Emails & Offers
1843,April Allen,hannah05@jimenez.com,Sweater,3,1115,3345,2023-01-21,Winter,1,806,1115.0,2,Lost Customers,Re-engagement Emails & Offers
1844,Kimberly Singh,taylorstanley@vincent-moreno.info,Shorts,5,3968,19840,2024-06-11,Summer,0,299,3968.0,1,High-Value Loyal Customers,Exclusive Membership & VIP Rewards
1845,Brad Solis,jesseallen@hotmail.com,Raincoat,1,3987,3987,2023-07-28,Monsoon,4,618,3987.0,3,Seasonal Buyers,Seasonal Promotions & Personalized Offers
1846,Deborah Hess,rebeccahenderson@schultz.net,Boots,1,594,594,2024-12-18,Winter,1,109,594.0,0,Low-Value Frequent Buyers,Discount Coupons & Loyalty Programs
1847,Jennifer Scott,sueglover@gmail.com,Light Jacket,4,4161,16644,2023-04-13,Spring,2,724,4161.0,3,Seasonal Buyers,Seasonal Promotions & Personalized Offers
1848,Austin Vargas,alexander61@garner.org,Sunglasses,5,4336,21680,2023-08-03,Summer,0,612,4336.0,3,Seasonal Buyers,Seasonal Promotions & Personalized Offers
1849,Danielle Young,wadehenry@khan.com,Sweater,4,2224,8896,2023-02-25,Winter,1,771,2224.0,2,Lost Customers,Re-engagement Emails & Offers
1850,Lori Washington,sarah86@montes-lane.net,Raincoat,5,1594,7970,2023-06-28,Monsoon,4,648,1594.0,2,Lost Customers,Re-engagement Emails & Offers
1851,Jasmine Trevino MD,walkerstanley@whitaker.biz,Scarf,5,2356,11780,2023-01-09,Winter,1,818,2356.0,2,Lost Customers,Re-engagement Emails & Offers
1852,Maria Hardin,jody94@hotmail.com,Umbrella,3,2898,8694,2024-09-12,Monsoon,4,206,2898.0,1,High-Value Loyal Customers,Exclusive Membership & VIP Rewards
1853,Christine Gregory,carrillojudith@hotmail.com,Waterproof Shoes,1,896,896,2023-06-17,Monsoon,4,659,896.0,2,Lost Customers,Re-engagement Emails & Offers
1854,Jacqueline Quinn,wmartin@burke.com,Full-Sleeve Shirt,1,4602,4602,2024-11-07,Autumn,3,150,4602.0,1,High-Value Loyal Customers,Exclusive Membership & VIP Rewards
1855,Martha Baker,mitchellgardner@wilcox-franklin.com,Full-Sleeve Shirt,5,3591,17955,2023-11-21,Autumn,3,502,3591.0,3,Seasonal Buyers,Seasonal Promotions & Personalized Offers
1856,Scott Moreno,watersalexis@gmail.com,Sunglasses,5,2306,11530,2023-08-12,Summer,0,603,2306.0,2,Lost Customers,Re-engagement Emails & Offers
1857,Christina Hamilton,robertsanchez@yahoo.com,Cardigan,2,4734,9468,2023-10-07,Autumn,3,547,4734.0,3,Seasonal Buyers,Seasonal Promotions & Personalized Offers
1858,Jill Stewart,averychristine@hotmail.com,Umbrella,4,2534,10136,2024-07-07,Monsoon,4,273,2534.0,0,Low-Value Frequent Buyers,Discount Coupons & Loyalty Programs
1859,Evelyn Perry,rlowery@yahoo.com,Light Jacket,3,1861,5583,2024-04-26,Spring,2,345,1861.0,0,Low-Value Frequent Buyers,Discount Coupons & Loyalty Programs
1860,Hailey Hodges,thunt@cook.com,Waterproof Shoes,4,2163,8652,2024-06-02,Monsoon,4,308,2163.0,0,Low-Value Frequent Buyers,Discount Coupons & Loyalty Programs
1861,William Munoz,oscar78@kelly.com,Shorts,4,2491,9964,2024-07-22,Summer,0,258,2491.0,0,Low-Value Frequent Buyers,Discount Coupons & Loyalty Programs
1862,Margaret Carr,amber32@edwards.com,Blazer,2,1361,2722,2023-10-28,Autumn,3,526,1361.0,2,Lost Customers,Re-engagement Emails & Offers
1863,Donald Meyer,reyesjonathan@butler-robertson.net,Light Jacket,1,3300,3300,2023-05-10,Spring,2,697,3300.0,3,Seasonal Buyers,Seasonal Promotions & Personalized Offers
1864,Jenny Gillespie,qcherry@hotmail.com,Jacket,3,2162,6486,2023-02-28,Winter,1,768,2162.0,2,Lost Customers,Re-engagement Emails & Offers
1865,Jeffrey Brewer,melissagutierrez@yahoo.com,Light Jacket,5,4006,20030,2023-03-21,Spring,2,747,4006.0,3,Seasonal Buyers,Seasonal Promotions & Personalized Offers
1866,Kimberly Duncan,ivan89@yahoo.com,Tank Top,3,533,1599,2024-06-28,Summer,0,282,533.0,0,Low-Value Frequent Buyers,Discount Coupons & Loyalty Programs
1867,Dawn Andrade,matthew24@gmail.com,Raincoat,1,3103,3103,2023-06-21,Monsoon,4,655,3103.0,3,Seasonal Buyers,Seasonal Promotions & Personalized Offers
1868,Shelley Lane,jason79@silva.info,Cardigan,3,4040,12120,2024-09-26,Autumn,3,192,4040.0,1,High-Value Loyal Customers,Exclusive Membership & VIP Rewards
1869,Pamela Mcneil,ktanner@castillo.net,Loafers,1,2392,2392,2024-09-28,Autumn,3,190,2392.0,0,Low-Value Frequent Buyers,Discount Coupons & Loyalty Programs
1870,Kathleen Herring,timothy39@palmer.com,Umbrella,1,2619,2619,2023-07-03,Monsoon,4,643,2619.0,2,Lost Customers,Re-engagement Emails & Offers
1871,Michele Ellison,aaron35@arnold.info,Shorts,4,2547,10188,2024-07-09,Summer,0,271,2547.0,0,Low-Value Frequent Buyers,Discount Coupons & Loyalty Programs
1872,Mary Payne,coreywong@brown.com,Sandals,1,1843,1843,2023-07-11,Summer,0,635,1843.0,2,Lost Customers,Re-engagement Emails & Offers
1873,Brian Campbell,bobbyswanson@yahoo.com,Boots,2,4736,9472,2023-12-14,Winter,1,479,4736.0,3,Seasonal Buyers,Seasonal Promotions & Personalized Offers
1874,Jessica Rodriguez,jacksonjack@hotmail.com,Cardigan,1,4550,4550,2024-09-20,Autumn,3,198,4550.0,1,High-Value Loyal Customers,Exclusive Membership & VIP Rewards
1875,Tony King,janet70@hotmail.com,Full-Sleeve Shirt,3,2843,8529,2023-10-24,Autumn,3,530,2843.0,3,Seasonal Buyers,Seasonal Promotions & Personalized Offers
1876,Jacqueline Taylor,thompsonalexis@hotmail.com,Raincoat,5,4497,22485,2024-09-06,Monsoon,4,212,4497.0,1,High-Value Loyal Customers,Exclusive Membership & VIP Rewards
1877,Linda Flowers,erin95@gmail.com,Umbrella,5,3446,17230,2024-07-25,Monsoon,4,255,3446.0,1,High-Value Loyal Customers,Exclusive Membership & VIP Rewards
1878,Dominique Townsend,jeffreyfleming@ramirez-carson.com,Waterproof Shoes,1,3744,3744,2023-09-24,Monsoon,4,560,3744.0,3,Seasonal Buyers,Seasonal Promotions & Personalized Offers
1879,Robert Goodwin,kwalker@kane.com,Raincoat,5,3314,16570,2023-06-21,Monsoon,4,655,3314.0,3,Seasonal Buyers,Seasonal Promotions & Personalized Offers
1880,Emily Mata,nancy30@mcdonald-flowers.com,T-Shirt,4,2990,11960,2024-03-27,Spring,2,375,2990.0,1,High-Value Loyal Customers,Exclusive Membership & VIP Rewards
1881,Latoya Phillips,valeriekrueger@hotmail.com,Sneakers,3,3771,11313,2023-05-03,Spring,2,704,3771.0,3,Seasonal Buyers,Seasonal Promotions & Personalized Offers
1882,Dylan Lewis,wreid@chambers.com,Boots,1,2682,2682,2023-01-28,Winter,1,799,2682.0,2,Lost Customers,Re-engagement Emails & Offers
1883,John Lopez,johnroman@gmail.com,Umbrella,2,2924,5848,2024-08-11,Monsoon,4,238,2924.0,1,High-Value Loyal Customers,Exclusive Membership & VIP Rewards
1884,Timothy Miller,francesglenn@yahoo.com,Sweater,4,4093,16372,2024-01-27,Winter,1,435,4093.0,3,Seasonal Buyers,Seasonal Promotions & Personalized Offers
1885,Matthew Davidson,kochlaura@henderson.com,Scarf,3,4031,12093,2024-01-05,Winter,1,457,4031.0,3,Seasonal Buyers,Seasonal Promotions & Personalized Offers
1886,Brenda Scott,juliagriffin@yahoo.com,Umbrella,1,4722,4722,2024-07-04,Monsoon,4,276,4722.0,1,High-Value Loyal Customers,Exclusive Membership & VIP Rewards
1887,Douglas Collins,gary78@brown.com,Shorts,3,1207,3621,2023-07-12,Summer,0,634,1207.0,2,Lost Customers,Re-engagement Emails & Offers
1888,Daniel Barrera,bacosta@wilson.com,Waterproof Shoes,3,3300,9900,2024-08-22,Monsoon,4,227,3300.0,1,High-Value Loyal Customers,Exclusive Membership & VIP Rewards
1889,Joseph Mcintyre,jasonjefferson@gmail.com,Waterproof Shoes,1,2045,2045,2024-06-09,Monsoon,4,301,2045.0,0,Low-Value Frequent Buyers,Discount Coupons & Loyalty Programs
1890,Shelly Wagner,castillomichael@hotmail.com,Jeans,4,3313,13252,2023-03-02,Spring,2,766,3313.0,3,Seasonal Buyers,Seasonal Promotions & Personalized Offers
1891,Abigail Williamson,sstewart@yahoo.com,Sneakers,1,3563,3563,2024-04-12,Spring,2,359,3563.0,1,High-Value Loyal Customers,Exclusive Membership & VIP Rewards
1892,Patricia Reyes,smithjames@yahoo.com,Sunglasses,2,4654,9308,2025-07-11,Summer,0,-96,4654.0,1,High-Value Loyal Customers,Exclusive Membership & VIP Rewards
1893,Meghan Hamilton,smithmichelle@gmail.com,Boots,1,2615,2615,2023-01-17,Winter,1,810,2615.0,2,Lost Customers,Re-engagement Emails & Offers
1894,James Foster,kevin83@gregory.com,T-Shirt,5,2313,11565,2024-05-12,Spring,2,329,2313.0,0,Low-Value Frequent Buyers,Discount Coupons & Loyalty Programs
1895,Paul Barton,dennis48@mcclain.com,Sunglasses,3,3560,10680,2024-08-11,Summer,0,238,3560.0,1,High-Value Loyal Customers,Exclusive Membership & VIP Rewards
1896,Jennifer Gutierrez,jennifer48@nixon.com,Sweater,1,1343,1343,2023-12-07,Winter,1,486,1343.0,2,Lost Customers,Re-engagement Emails & Offers
1897,Scott Galloway,ewest@yahoo.com,Waterproof Shoes,5,1723,8615,2023-08-11,Monsoon,4,604,1723.0,2,Lost Customers,Re-engagement Emails & Offers
1898,Robert Webb,drodriguez@pierce-smith.com,T-Shirt,5,2695,13475,2024-04-14,Spring,2,357,2695.0,0,Low-Value Frequent Buyers,Discount Coupons & Loyalty Programs
1899,Adam Stewart,qcombs@anderson-edwards.com,Blazer,3,1823,5469,2024-09-28,Autumn,3,190,1823.0,0,Low-Value Frequent Buyers,Discount Coupons & Loyalty Programs
1900,Carmen Thompson,thomasdaniel@yahoo.com,Jacket,2,3644,7288,2024-02-18,Winter,1,413,3644.0,3,Seasonal Buyers,Seasonal Promotions & Personalized Offers
1901,Pamela Dunn,valeriewalker@hotmail.com,Sunglasses,5,2257,11285,2025-07-08,Summer,0,-93,2257.0,0,Low-Value Frequent Buyers,Discount Coupons & Loyalty Programs
1902,Brandon Herrera,irogers@gonzales.com,Jacket,3,3885,11655,2024-02-02,Winter,1,429,3885.0,3,Seasonal Buyers,Seasonal Promotions & Personalized Offers
1903,Lisa Smith,whitecarolyn@gmail.com,Raincoat,3,1700,5100,2024-08-04,Monsoon,4,245,1700.0,0,Low-Value Frequent Buyers,Discount Coupons & Loyalty Programs
1904,Craig Delgado,brandon69@hotmail.com,Tank Top,3,2890,8670,2024-07-11,Summer,0,269,2890.0,1,High-Value Loyal Customers,Exclusive Membership & VIP Rewards
1905,Paula Moss,mhawkins@merritt.info,Jacket,3,2075,6225,2023-01-15,Winter,1,812,2075.0,2,Lost Customers,Re-engagement Emails & Offers
1906,Adam York,jessica83@smith.net,Sweater,1,3866,3866,2024-02-09,Winter,1,422,3866.0,3,Seasonal Buyers,Seasonal Promotions & Personalized Offers
1907,Larry Wilson,pbowman@mendez.net,Cardigan,4,3322,13288,2023-11-28,Autumn,3,495,3322.0,3,Seasonal Buyers,Seasonal Promotions & Personalized Offers
1908,Brandon Thompson,courtneywong@hotmail.com,Sneakers,1,2161,2161,2024-05-28,Spring,2,313,2161.0,0,Low-Value Frequent Buyers,Discount Coupons & Loyalty Programs
1909,Breanna Murphy,phillipsrodney@gmail.com,Scarf,3,3529,10587,2024-01-08,Winter,1,454,3529.0,3,Seasonal Buyers,Seasonal Promotions & Personalized Offers
1910,Jessica Howell,murrayrose@morris-griffin.biz,Tank Top,3,4399,13197,2023-08-10,Summer,0,605,4399.0,3,Seasonal Buyers,Seasonal Promotions & Personalized Offers
1911,Victoria Sanford,barnesjessica@yahoo.com,Cardigan,2,1520,3040,2024-09-17,Autumn,3,201,1520.0,0,Low-Value Frequent Buyers,Discount Coupons & Loyalty Programs
1912,Julie Berry,monicajohnson@gonzalez.info,Sneakers,3,982,2946,2024-04-28,Spring,2,343,982.0,0,Low-Value Frequent Buyers,Discount Coupons & Loyalty Programs
1913,Alexis Sanders,adam97@gmail.com,Waterproof Shoes,1,1227,1227,2024-09-26,Monsoon,4,192,1227.0,0,Low-Value Frequent Buyers,Discount Coupons & Loyalty Programs
1914,Lance Marks,dgalloway@chavez-monroe.com,Blazer,5,743,3715,2023-09-09,Autumn,3,575,743.0,2,Lost Customers,Re-engagement Emails & Offers
1915,Douglas Grant II,alexisweaver@serrano.com,Jeans,1,1036,1036,2023-04-13,Spring,2,724,1036.0,2,Lost Customers,Re-engagement Emails & Offers
1916,Maria Jones,derricklee@smith-white.com,Raincoat,1,4983,4983,2023-08-16,Monsoon,4,599,4983.0,3,Seasonal Buyers,Seasonal Promotions & Personalized Offers
1917,Virginia Hester,cheryllawson@vazquez.net,Shorts,2,3981,7962,2024-07-25,Summer,0,255,3981.0,1,High-Value Loyal Customers,Exclusive Membership & VIP Rewards
1918,Ryan Perez,penny68@yahoo.com,Shorts,4,1271,5084,2023-08-10,Summer,0,605,1271.0,2,Lost Customers,Re-engagement Emails & Offers
1919,Jason Long,davidbailey@yahoo.com,Tank Top,5,2906,14530,2024-06-04,Summer,0,306,2906.0,1,High-Value Loyal Customers,Exclusive Membership & VIP Rewards
1920,Elijah Woodward,srowe@lopez.info,Sunglasses,3,4803,14409,2025-07-03,Summer,0,-88,4803.0,1,High-Value Loyal Customers,Exclusive Membership & VIP Rewards
1921,Desiree Robinson,qmartin@gmail.com,Sneakers,2,1352,2704,2024-03-11,Spring,2,391,1352.0,0,Low-Value Frequent Buyers,Discount Coupons & Loyalty Programs
1922,Jason Barrett,ggonzalez@gmail.com,Full-Sleeve Shirt,3,4742,14226,2024-11-24,Autumn,3,133,4742.0,1,High-Value Loyal Customers,Exclusive Membership & VIP Rewards
1923,Teresa Fox,jennifer08@hotmail.com,Light Jacket,5,1331,6655,2024-04-28,Spring,2,343,1331.0,0,Low-Value Frequent Buyers,Discount Coupons & Loyalty Programs
1924,Ryan Brown,leahlee@fitzgerald.info,Light Jacket,2,3033,6066,2023-05-24,Spring,2,683,3033.0,3,Seasonal Buyers,Seasonal Promotions & Personalized Offers
1925,Gilbert Reid,michaelreyes@yahoo.com,Jacket,1,4470,4470,2023-02-10,Winter,1,786,4470.0,3,Seasonal Buyers,Seasonal Promotions & Personalized Offers
1926,Jennifer King,zcook@byrd.com,Umbrella,3,3612,10836,2023-09-12,Monsoon,4,572,3612.0,3,Seasonal Buyers,Seasonal Promotions & Personalized Offers
1927,Marissa Garrett,danielkirk@hernandez.com,Waterproof Shoes,1,3090,3090,2024-08-15,Monsoon,4,234,3090.0,1,High-Value Loyal Customers,Exclusive Membership & VIP Rewards
1928,Jeffrey Hoffman,stevensscott@robertson-nelson.org,Full-Sleeve Shirt,4,1381,5524,2024-10-23,Autumn,3,165,1381.0,0,Low-Value Frequent Buyers,Discount Coupons & Loyalty Programs
1929,Russell Lopez,brad35@robinson.info,Jeans,5,4884,24420,2024-03-22,Spring,2,380,4884.0,1,High-Value Loyal Customers,Exclusive Membership & VIP Rewards
1930,Russell Foster,jonathan31@yahoo.com,Sunglasses,4,747,2988,2024-08-14,Summer,0,235,747.0,0,Low-Value Frequent Buyers,Discount Coupons & Loyalty Programs
1931,George Boyer,ttaylor@gmail.com,Umbrella,3,2133,6399,2024-07-28,Monsoon,4,252,2133.0,0,Low-Value Frequent Buyers,Discount Coupons & Loyalty Programs
1932,Vincent Burgess,elizabethcarr@hotmail.com,Loafers,2,3975,7950,2024-11-06,Autumn,3,151,3975.0,1,High-Value Loyal Customers,Exclusive Membership & VIP Rewards
1933,Carolyn Flores,stevenjohnson@yahoo.com,Boots,1,4584,4584,2024-01-28,Winter,1,434,4584.0,3,Seasonal Buyers,Seasonal Promotions & Personalized Offers
1934,Austin Church,kevin77@gmail.com,Waterproof Shoes,5,4937,24685,2023-06-13,Monsoon,4,663,4937.0,3,Seasonal Buyers,Seasonal Promotions & Personalized Offers
1935,Randall Mcdowell,michellepeterson@yahoo.com,Umbrella,4,1726,6904,2023-08-23,Monsoon,4,592,1726.0,2,Lost Customers,Re-engagement Emails & Offers
1936,Karen Holmes,angel65@farmer.com,Sweater,3,4446,13338,2024-12-02,Winter,1,125,4446.0,1,High-Value Loyal Customers,Exclusive Membership & VIP Rewards
1937,Kevin Roy,lisawilliams@hotmail.com,Sneakers,4,4686,18744,2023-04-04,Spring,2,733,4686.0,3,Seasonal Buyers,Seasonal Promotions & Personalized Offers
1938,Regina Daniel,jamessmith@jones.com,Jacket,1,4635,4635,2024-12-02,Winter,1,125,4635.0,1,High-Value Loyal Customers,Exclusive Membership & VIP Rewards
1939,Patricia Cruz,frances89@wilson.biz,Jacket,5,3056,15280,2023-02-28,Winter,1,768,3056.0,3,Seasonal Buyers,Seasonal Promotions & Personalized Offers
1940,Robert Gray,wilsonvalerie@arnold.com,Shorts,4,2980,11920,2023-06-28,Summer,0,648,2980.0,3,Seasonal Buyers,Seasonal Promotions & Personalized Offers
1941,Megan Rivera,amanda12@johnson.com,Blazer,3,2902,8706,2024-11-13,Autumn,3,144,2902.0,1,High-Value Loyal Customers,Exclusive Membership & VIP Rewards
1942,Mario Nelson,gcarroll@hotmail.com,Blazer,5,3104,15520,2023-09-07,Autumn,3,577,3104.0,3,Seasonal Buyers,Seasonal Promotions & Personalized Offers
1943,Nicholas Fuentes,brittanyrichard@yahoo.com,T-Shirt,1,1227,1227,2024-03-22,Spring,2,380,1227.0,0,Low-Value Frequent Buyers,Discount Coupons & Loyalty Programs
1944,Jamie Bruce,donna99@freeman.org,Umbrella,2,618,1236,2024-09-21,Monsoon,4,197,618.0,0,Low-Value Frequent Buyers,Discount Coupons & Loyalty Programs
1945,Billy Franklin,mthomas@barnett.com,Scarf,2,4019,8038,2024-12-28,Winter,1,99,4019.0,1,High-Value Loyal Customers,Exclusive Membership & VIP Rewards
1946,Carol Shields,jacqueline49@boyd-smith.info,Light Jacket,3,987,2961,2023-03-08,Spring,2,760,987.0,2,Lost Customers,Re-engagement Emails & Offers
1947,Melvin Huff,holmescynthia@gmail.com,Waterproof Shoes,5,688,3440,2024-06-18,Monsoon,4,292,688.0,0,Low-Value Frequent Buyers,Discount Coupons & Loyalty Programs
1948,Stephanie Rodriguez,bryan47@johnson.info,Sandals,2,2265,4530,2024-08-27,Summer,0,222,2265.0,0,Low-Value Frequent Buyers,Discount Coupons & Loyalty Programs
1949,Rodney Barr,dennismary@gmail.com,Boots,5,4181,20905,2023-01-05,Winter,1,822,4181.0,3,Seasonal Buyers,Seasonal Promotions & Personalized Offers
1950,Lee Thomas,manuelpark@yahoo.com,Light Jacket,4,2582,10328,2023-03-04,Spring,2,764,2582.0,2,Lost Customers,Re-engagement Emails & Offers
1951,Mark Kim,robertnichols@moreno.com,Tank Top,2,3187,6374,2023-06-20,Summer,0,656,3187.0,3,Seasonal Buyers,Seasonal Promotions & Personalized Offers
1952,Maureen Silva,owhitehead@jones-washington.net,Scarf,5,3660,18300,2023-01-18,Winter,1,809,3660.0,3,Seasonal Buyers,Seasonal Promotions & Personalized Offers
1953,Joseph Hughes V,brookslisa@lang.org,Blazer,4,3496,13984,2023-11-07,Autumn,3,516,3496.0,3,Seasonal Buyers,Seasonal Promotions & Personalized Offers
1954,Deborah Smith,rpatterson@hotmail.com,Blazer,4,4632,18528,2024-10-16,Autumn,3,172,4632.0,1,High-Value Loyal Customers,Exclusive Membership & VIP Rewards
1955,Valerie Adams,robert13@carrillo.com,Full-Sleeve Shirt,5,1463,7315,2024-11-20,Autumn,3,137,1463.0,0,Low-Value Frequent Buyers,Discount Coupons & Loyalty Programs
1956,Catherine Jensen,loganjohnson@jones.com,Umbrella,5,2615,13075,2023-08-16,Monsoon,4,599,2615.0,2,Lost Customers,Re-engagement Emails & Offers
1957,Cody Jackson,gomezjaclyn@morgan.com,Sneakers,5,871,4355,2023-04-24,Spring,2,713,871.0,2,Lost Customers,Re-engagement Emails & Offers
1958,Patricia Abbott,michaelmoore@hotmail.com,Jacket,3,3464,10392,2024-12-22,Winter,1,105,3464.0,1,High-Value Loyal Customers,Exclusive Membership & VIP Rewards
1959,Stacy West,erikfleming@duran.info,Raincoat,5,3228,16140,2025-09-28,Monsoon,4,-175,3228.0,1,High-Value Loyal Customers,Exclusive Membership & VIP Rewards
1960,Taylor Johnson,johnstevenson@davis.com,Sunglasses,3,3305,9915,2024-06-14,Summer,0,296,3305.0,1,High-Value Loyal Customers,Exclusive Membership & VIP Rewards
1961,William Morris,bowenchristy@yahoo.com,Waterproof Shoes,3,3710,11130,2024-09-03,Monsoon,4,215,3710.0,1,High-Value Loyal Customers,Exclusive Membership & VIP Rewards
1962,Elizabeth Smith,richardspaul@reed.org,Jeans,5,981,4905,2023-05-04,Spring,2,703,981.0,2,Lost Customers,Re-engagement Emails & Offers
1963,Dennis Chung,ckaufman@white-hicks.com,Raincoat,4,4739,18956,2024-06-01,Monsoon,4,309,4739.0,1,High-Value Loyal Customers,Exclusive Membership & VIP Rewards
1964,Tanya Christensen,ritterdavid@hotmail.com,Blazer,3,1047,3141,2024-09-14,Autumn,3,204,1047.0,0,Low-Value Frequent Buyers,Discount Coupons & Loyalty Programs
1965,Nancy Gallagher,christinabell@watson.com,Tank Top,1,1102,1102,2024-07-19,Summer,0,261,1102.0,0,Low-Value Frequent Buyers,Discount Coupons & Loyalty Programs
1966,Christopher Harrell,markgonzalez@burgess.biz,Umbrella,1,3405,3405,2024-06-28,Monsoon,4,282,3405.0,1,High-Value Loyal Customers,Exclusive Membership & VIP Rewards
1967,Michele Love,cindy44@gmail.com,Umbrella,3,3562,10686,2024-08-28,Monsoon,4,221,3562.0,1,High-Value Loyal Customers,Exclusive Membership & VIP Rewards
1968,Michael Henderson,marcus31@mora-smith.com,Blazer,2,1313,2626,2024-11-28,Autumn,3,129,1313.0,0,Low-Value Frequent Buyers,Discount Coupons & Loyalty Programs
1969,Richard Thompson,thomasshelly@pollard-fowler.com,Full-Sleeve Shirt,4,4108,16432,2024-11-08,Autumn,3,149,4108.0,1,High-Value Loyal Customers,Exclusive Membership & VIP Rewards
1970,Jason Smith,lopezcheryl@yahoo.com,T-Shirt,4,546,2184,2024-04-28,Spring,2,343,546.0,0,Low-Value Frequent Buyers,Discount Coupons & Loyalty Programs
1971,Chad Jones,davislisa@yahoo.com,Umbrella,5,3903,19515,2024-08-15,Monsoon,4,234,3903.0,1,High-Value Loyal Customers,Exclusive Membership & VIP Rewards
1972,Kristine Smith,kmcmahon@yahoo.com,Sweater,4,4409,17636,2024-12-23,Winter,1,104,4409.0,1,High-Value Loyal Customers,Exclusive Membership & VIP Rewards
1973,Joan Massey,jacobbryant@bolton.com,Scarf,5,1538,7690,2024-01-20,Winter,1,442,1538.0,2,Lost Customers,Re-engagement Emails & Offers
1974,Annette Young,mwyatt@gmail.com,Full-Sleeve Shirt,4,3260,13040,2024-09-28,Autumn,3,190,3260.0,1,High-Value Loyal Customers,Exclusive Membership & VIP Rewards
1975,James Burgess,rmoreno@perkins.com,Sunglasses,2,4392,8784,2023-08-28,Summer,0,587,4392.0,3,Seasonal Buyers,Seasonal Promotions & Personalized Offers
1976,Cynthia Mendez,gherrera@delgado.info,Umbrella,1,3529,3529,2023-06-20,Monsoon,4,656,3529.0,3,Seasonal Buyers,Seasonal Promotions & Personalized Offers
1977,Antonio Salas,sherry17@gmail.com,Loafers,2,2654,5308,2024-10-05,Autumn,3,183,2654.0,0,Low-Value Frequent Buyers,Discount Coupons & Loyalty Programs
1978,Danny Fox,berryjoel@long.net,Raincoat,2,782,1564,2024-09-13,Monsoon,4,205,782.0,0,Low-Value Frequent Buyers,Discount Coupons & Loyalty Programs
1979,Ryan Hernandez MD,cwolfe@harris.com,Umbrella,4,4999,19996,2023-08-12,Monsoon,4,603,4999.0,3,Seasonal Buyers,Seasonal Promotions & Personalized Offers
1980,Christopher Scott,kathrynnelson@jenkins.com,Sunglasses,3,1322,3966,2023-07-11,Summer,0,635,1322.0,2,Lost Customers,Re-engagement Emails & Offers
1981,Cynthia Sullivan,riveraheather@hotmail.com,Scarf,4,1156,4624,2024-01-28,Winter,1,434,1156.0,2,Lost Customers,Re-engagement Emails & Offers
1982,Maureen Becker,edwardbowman@riley-morgan.biz,Blazer,2,4146,8292,2024-09-07,Autumn,3,211,4146.0,1,High-Value Loyal Customers,Exclusive Membership & VIP Rewards
1983,Molly Brewer,anthonyoconnor@gmail.com,Sunglasses,2,3723,7446,2023-08-17,Summer,0,598,3723.0,3,Seasonal Buyers,Seasonal Promotions & Personalized Offers
1984,Ann Burns,daniel08@cuevas.biz,Sandals,4,562,2248,2024-07-27,Summer,0,253,562.0,0,Low-Value Frequent Buyers,Discount Coupons & Loyalty Programs
1985,Bailey Santos,colepitts@hotmail.com,Boots,2,3714,7428,2023-01-20,Winter,1,807,3714.0,3,Seasonal Buyers,Seasonal Promotions & Personalized Offers
1986,Theresa Farmer,ebates@hotmail.com,Tank Top,1,4058,4058,2024-07-23,Summer,0,257,4058.0,1,High-Value Loyal Customers,Exclusive Membership & VIP Rewards
1987,Alexis Morrison,weberjeremy@ballard.biz,Light Jacket,5,579,2895,2023-05-20,Spring,2,687,579.0,2,Lost Customers,Re-engagement Emails & Offers
1988,Nicholas Blair,matthew32@knight.com,Light Jacket,4,3335,13340,2023-03-08,Spring,2,760,3335.0,3,Seasonal Buyers,Seasonal Promotions & Personalized Offers
1989,Carmen Carr,vhunt@hotmail.com,Blazer,2,4600,9200,2024-10-04,Autumn,3,184,4600.0,1,High-Value Loyal Customers,Exclusive Membership & VIP Rewards
1990,Gary Rodriguez,jeffreywilson@yahoo.com,Sneakers,1,2654,2654,2024-03-15,Spring,2,387,2654.0,0,Low-Value Frequent Buyers,Discount Coupons & Loyalty Programs
1991,Jessica Lopez,michelle50@hotmail.com,Loafers,3,4958,14874,2024-10-28,Autumn,3,160,4958.0,1,High-Value Loyal Customers,Exclusive Membership & VIP Rewards
1992,Cheryl Palmer,hopkinscarrie@burgess.biz,Blazer,4,4366,17464,2023-11-20,Autumn,3,503,4366.0,3,Seasonal Buyers,Seasonal Promotions & Personalized Offers
1993,Amy Hensley,nicholas34@prince.com,Full-Sleeve Shirt,2,505,1010,2023-09-27,Autumn,3,557,505.0,2,Lost Customers,Re-engagement Emails & Offers
1994,Jeremy Montgomery,wattsmary@hotmail.com,Cardigan,1,1498,1498,2023-09-18,Autumn,3,566,1498.0,2,Lost Customers,Re-engagement Emails & Offers
1995,Kayla Williams,ochung@torres-steele.com,T-Shirt,5,541,2705,2023-05-22,Spring,2,685,541.0,2,Lost Customers,Re-engagement Emails & Offers
1996,Chase Gibson,fowlerjeffrey@hotmail.com,Jeans,5,3127,15635,2024-03-27,Spring,2,375,3127.0,1,High-Value Loyal Customers,Exclusive Membership & VIP Rewards
1997,Anthony Marks,dixonsonya@gmail.com,Sneakers,4,883,3532,2024-05-23,Spring,2,318,883.0,0,Low-Value Frequent Buyers,Discount Coupons & Loyalty Programs
1998,Jenna Jones,michelle46@burns-miller.com,Sandals,1,2933,2933,2023-07-03,Summer,0,643,2933.0,3,Seasonal Buyers,Seasonal Promotions & Personalized Offers
1999,Jessica Gibson,brianbowen@larsen.info,Scarf,1,2038,2038,2024-12-08,Winter,1,119,2038.0,0,Low-Value Frequent Buyers,Discount Coupons & Loyalty Programs
2000,Daniel Soto,forddustin@hotmail.com,Loafers,3,986,2958,2023-10-12,Autumn,3,542,986.0,2,Lost Customers,Re-engagement Emails & Offers
2001,Robin Rogers,samantharose@russell.com,Light Jacket,2,3943,7886,2023-04-28,Spring,2,709,3943.0,3,Seasonal Buyers,Seasonal Promotions & Personalized Offers
2002,Tamara Hinton,burkemelissa@duffy-archer.com,Waterproof Shoes,1,1895,1895,2024-09-25,Monsoon,4,193,1895.0,0,Low-Value Frequent Buyers,Discount Coupons & Loyalty Programs
2003,Dana Leonard,ashley76@johnson.com,Jeans,5,3552,17760,2024-03-10,Spring,2,392,3552.0,1,High-Value Loyal Customers,Exclusive Membership & VIP Rewards
2004,George Duarte,ericdecker@griffith.com,Loafers,1,4359,4359,2023-11-21,Autumn,3,502,4359.0,3,Seasonal Buyers,Seasonal Promotions & Personalized Offers
2005,Robin Meyer,gabrielletucker@jones-smith.com,T-Shirt,2,1260,2520,2024-05-28,Spring,2,313,1260.0,0,Low-Value Frequent Buyers,Discount Coupons & Loyalty Programs
2006,Leon Cantrell,reedcassandra@dickson.com,Sunglasses,2,1235,2470,2024-07-28,Summer,0,252,1235.0,0,Low-Value Frequent Buyers,Discount Coupons & Loyalty Programs
2007,James Hancock,zwhite@howard.net,Loafers,4,2326,9304,2023-09-28,Autumn,3,556,2326.0,2,Lost Customers,Re-engagement Emails & Offers
2008,Jason Hill,parrishmary@gmail.com,Loafers,5,4195,20975,2023-09-04,Autumn,3,580,4195.0,3,Seasonal Buyers,Seasonal Promotions & Personalized Offers
2009,Gregory Howard,mitchelllaura@hutchinson.com,Full-Sleeve Shirt,5,1324,6620,2023-10-02,Autumn,3,552,1324.0,2,Lost Customers,Re-engagement Emails & Offers
2010,James Walters,toddortiz@gmail.com,Jacket,5,3372,16860,2024-02-02,Winter,1,429,3372.0,3,Seasonal Buyers,Seasonal Promotions & Personalized Offers
2011,Brandon Morales,wesleyrhodes@yahoo.com,Jacket,4,4131,16524,2023-12-25,Winter,1,468,4131.0,3,Seasonal Buyers,Seasonal Promotions & Personalized Offers
2012,Ryan Nguyen,egreer@yahoo.com,T-Shirt,2,685,1370,2023-05-06,Spring,2,701,685.0,2,Lost Customers,Re-engagement Emails & Offers
2013,Michelle George,jamesyates@yahoo.com,Sandals,2,3152,6304,2023-08-05,Summer,0,610,3152.0,3,Seasonal Buyers,Seasonal Promotions & Personalized Offers
2014,Brian Page,william87@hotmail.com,Boots,3,2607,7821,2024-02-15,Winter,1,416,2607.0,0,Low-Value Frequent Buyers,Discount Coupons & Loyalty Programs
2015,Elizabeth Williams,gene37@hernandez.com,Full-Sleeve Shirt,5,1683,8415,2023-10-02,Autumn,3,552,1683.0,2,Lost Customers,Re-engagement Emails & Offers
2016,Catherine Taylor,shelley41@gmail.com,Blazer,1,3714,3714,2024-09-28,Autumn,3,190,3714.0,1,High-Value Loyal Customers,Exclusive Membership & VIP Rewards
2017,Justin Boyd,olsondouglas@yahoo.com,Sandals,3,1690,5070,2023-06-21,Summer,0,655,1690.0,2,Lost Customers,Re-engagement Emails & Offers
2018,Kelsey Ferguson,fsmith@simmons.net,Blazer,5,2495,12475,2024-09-04,Autumn,3,214,2495.0,0,Low-Value Frequent Buyers,Discount Coupons & Loyalty Programs
2019,Katelyn Rose,jaclynschultz@yahoo.com,Boots,2,4357,8714,2024-02-10,Winter,1,421,4357.0,3,Seasonal Buyers,Seasonal Promotions & Personalized Offers
2020,Nicholas Scott,fryeamanda@yahoo.com,Raincoat,1,1347,1347,2023-07-28,Monsoon,4,618,1347.0,2,Lost Customers,Re-engagement Emails & Offers
2021,Jennifer Mahoney,kaitlin44@yahoo.com,T-Shirt,3,3630,10890,2024-05-25,Spring,2,316,3630.0,1,High-Value Loyal Customers,Exclusive Membership & VIP Rewards
2022,Justin Williams,charlescook@campos-wong.com,T-Shirt,2,4909,9818,2023-04-28,Spring,2,709,4909.0,3,Seasonal Buyers,Seasonal Promotions & Personalized Offers
2023,Erika Rivera,ksanchez@hamilton.com,Sunglasses,3,3667,11001,2023-08-04,Summer,0,611,3667.0,3,Seasonal Buyers,Seasonal Promotions & Personalized Offers
2024,Nicholas Martin,amy48@gmail.com,Light Jacket,2,3381,6762,2023-03-20,Spring,2,748,3381.0,3,Seasonal Buyers,Seasonal Promotions & Personalized Offers
2025,Allen Crawford,iyoung@hotmail.com,Tank Top,4,2393,9572,2024-07-03,Summer,0,277,2393.0,0,Low-Value Frequent Buyers,Discount Coupons & Loyalty Programs
2026,Nicole Pierce,wfrey@bryant.com,Waterproof Shoes,1,4841,4841,2024-08-12,Monsoon,4,237,4841.0,1,High-Value Loyal Customers,Exclusive Membership & VIP Rewards
2027,Dr. Tina Marshall,courtneycooke@hotmail.com,Raincoat,2,2097,4194,2024-09-28,Monsoon,4,190,2097.0,0,Low-Value Frequent Buyers,Discount Coupons & Loyalty Programs
2028,Mark Jones,hcollins@osborne.com,Loafers,3,4930,14790,2024-09-01,Autumn,3,217,4930.0,1,High-Value Loyal Customers,Exclusive Membership & VIP Rewards
2029,Matthew Scott,montoyacarolyn@hotmail.com,Jacket,1,4943,4943,2023-02-23,Winter,1,773,4943.0,3,Seasonal Buyers,Seasonal Promotions & Personalized Offers
2030,Chad Green,sanderscynthia@gmail.com,Waterproof Shoes,4,1756,7024,2023-07-12,Monsoon,4,634,1756.0,2,Lost Customers,Re-engagement Emails & Offers
2031,Janet Hubbard,debbie27@gmail.com,Sneakers,5,3783,18915,2024-03-02,Spring,2,400,3783.0,1,High-Value Loyal Customers,Exclusive Membership & VIP Rewards
2032,Jessica Medina,jeffery97@gmail.com,Umbrella,5,4782,23910,2023-06-26,Monsoon,4,650,4782.0,3,Seasonal Buyers,Seasonal Promotions & Personalized Offers
2033,Wendy Hill,khopkins@yahoo.com,Waterproof Shoes,4,4474,17896,2024-06-26,Monsoon,4,284,4474.0,1,High-Value Loyal Customers,Exclusive Membership & VIP Rewards
2034,Lindsay Romero,sbecker@gmail.com,Raincoat,2,658,1316,2023-07-28,Monsoon,4,618,658.0,2,Lost Customers,Re-engagement Emails & Offers
2035,Elaine Wiley,sharon07@gmail.com,Jeans,1,2389,2389,2024-03-22,Spring,2,380,2389.0,0,Low-Value Frequent Buyers,Discount Coupons & Loyalty Programs
2036,Jill Palmer,thomas79@yahoo.com,Blazer,1,2544,2544,2023-09-21,Autumn,3,563,2544.0,2,Lost Customers,Re-engagement Emails & Offers
2037,Annette Leonard,vwilson@mccormick-osborn.com,T-Shirt,2,4369,8738,2024-04-02,Spring,2,369,4369.0,1,High-Value Loyal Customers,Exclusive Membership & VIP Rewards
2038,Dr. Dustin Murphy Jr.,jenkinssandra@kaiser-hamilton.com,Raincoat,2,2375,4750,2025-09-06,Monsoon,4,-153,2375.0,0,Low-Value Frequent Buyers,Discount Coupons & Loyalty Programs
2039,Kimberly Simon,claire68@velez-burton.com,Tank Top,1,1494,1494,2024-06-08,Summer,0,302,1494.0,0,Low-Value Frequent Buyers,Discount Coupons & Loyalty Programs
2040,Alison Clark,nellis@walker.biz,Umbrella,4,4675,18700,2024-06-03,Monsoon,4,307,4675.0,1,High-Value Loyal Customers,Exclusive Membership & VIP Rewards
2041,Gina Barker,jcunningham@hotmail.com,Blazer,1,782,782,2023-11-09,Autumn,3,514,782.0,2,Lost Customers,Re-engagement Emails & Offers
2042,Charles Rojas,franciscobrewer@yahoo.com,Cardigan,5,1606,8030,2024-11-18,Autumn,3,139,1606.0,0,Low-Value Frequent Buyers,Discount Coupons & Loyalty Programs
2043,Teresa Glover,juliafletcher@hogan.net,Full-Sleeve Shirt,3,4456,13368,2024-11-01,Autumn,3,156,4456.0,1,High-Value Loyal Customers,Exclusive Membership & VIP Rewards
2044,Arthur Gibson,hamptonjessica@trujillo.com,T-Shirt,2,4400,8800,2024-05-19,Spring,2,322,4400.0,1,High-Value Loyal Customers,Exclusive Membership & VIP Rewards
2045,Cody Nelson,olsenkatie@novak.com,Jacket,1,1436,1436,2025-02-28,Winter,1,37,1436.0,0,Low-Value Frequent Buyers,Discount Coupons & Loyalty Programs
2046,Dana Fitzgerald,williamfernandez@sullivan.org,Jacket,3,3889,11667,2024-12-27,Winter,1,100,3889.0,1,High-Value Loyal Customers,Exclusive Membership & VIP Rewards
2047,Andrea Berg,mendozarandy@stevens.com,Cardigan,3,3657,10971,2024-09-20,Autumn,3,198,3657.0,1,High-Value Loyal Customers,Exclusive Membership & VIP Rewards
2048,Jacqueline Rice,washingtoneric@hotmail.com,Jeans,5,1270,6350,2024-04-20,Spring,2,351,1270.0,0,Low-Value Frequent Buyers,Discount Coupons & Loyalty Programs
2049,Jennifer Hood,amanda25@hotmail.com,Waterproof Shoes,5,3377,16885,2023-06-02,Monsoon,4,674,3377.0,3,Seasonal Buyers,Seasonal Promotions & Personalized Offers
2050,Jacob Jones,zsmith@moore.info,Sunglasses,3,2045,6135,2024-06-06,Summer,0,304,2045.0,0,Low-Value Frequent Buyers,Discount Coupons & Loyalty Programs
2051,Matthew Williams,zjones@potter.net,Umbrella,4,787,3148,2023-07-28,Monsoon,4,618,787.0,2,Lost Customers,Re-engagement Emails & Offers
2052,Daniel Garrison,psherman@nelson.com,Jacket,1,4277,4277,2024-01-16,Winter,1,446,4277.0,3,Seasonal Buyers,Seasonal Promotions & Personalized Offers
2053,Jennifer Cruz,gregorysims@bass-dickson.info,Sweater,4,4839,19356,2023-02-22,Winter,1,774,4839.0,3,Seasonal Buyers,Seasonal Promotions & Personalized Offers
2054,Amy Freeman,kristifrye@yahoo.com,Cardigan,4,822,3288,2023-10-01,Autumn,3,553,822.0,2,Lost Customers,Re-engagement Emails & Offers
2055,Timothy Fleming,adamsrebecca@gutierrez.com,Scarf,3,2650,7950,2023-02-15,Winter,1,781,2650.0,2,Lost Customers,Re-engagement Emails & Offers
2056,Deborah Owen,bobbylewis@atkinson.com,Sweater,3,1907,5721,2025-02-28,Winter,1,37,1907.0,0,Low-Value Frequent Buyers,Discount Coupons & Loyalty Programs
2057,Laura Miller,falvarez@rodriguez.net,T-Shirt,3,2717,8151,2025-04-02,Spring,2,4,2717.0,1,High-Value Loyal Customers,Exclusive Membership & VIP Rewards
2058,Matthew Richardson,lisa82@gmail.com,Shorts,2,794,1588,2023-06-13,Summer,0,663,794.0,2,Lost Customers,Re-engagement Emails & Offers
2059,Carl Mccoy,susanrussell@gmail.com,Blazer,1,1566,1566,2024-11-13,Autumn,3,144,1566.0,0,Low-Value Frequent Buyers,Discount Coupons & Loyalty Programs
2060,Deborah Gould,kennethmartinez@gmail.com,Blazer,5,2524,12620,2023-11-06,Autumn,3,517,2524.0,2,Lost Customers,Re-engagement Emails & Offers
2061,Ralph Mann,jennifer94@gmail.com,Light Jacket,4,1263,5052,2024-05-28,Spring,2,313,1263.0,0,Low-Value Frequent Buyers,Discount Coupons & Loyalty Programs
2062,Victoria Harding,wilsonamy@hotmail.com,Raincoat,5,1204,6020,2024-07-04,Monsoon,4,276,1204.0,0,Low-Value Frequent Buyers,Discount Coupons & Loyalty Programs
2063,Jimmy Navarro,angelicamacdonald@miller.com,Shorts,1,3008,3008,2024-08-14,Summer,0,235,3008.0,1,High-Value Loyal Customers,Exclusive Membership & VIP Rewards
2064,Stuart Camacho,debra01@hotmail.com,Sneakers,1,936,936,2024-05-20,Spring,2,321,936.0,0,Low-Value Frequent Buyers,Discount Coupons & Loyalty Programs
2065,Marc Vaughn,dustintorres@nelson-valdez.com,Raincoat,5,4202,21010,2023-06-22,Monsoon,4,654,4202.0,3,Seasonal Buyers,Seasonal Promotions & Personalized Offers
2066,Nicholas Gibson,brownmichael@franklin-clay.com,Jacket,1,4826,4826,2023-01-16,Winter,1,811,4826.0,3,Seasonal Buyers,Seasonal Promotions & Personalized Offers
2067,Laura Holloway,staceyferguson@gmail.com,Sandals,4,2052,8208,2024-06-20,Summer,0,290,2052.0,0,Low-Value Frequent Buyers,Discount Coupons & Loyalty Programs
2068,Debbie Prince DDS,kenneth62@peck-sharp.com,Jeans,2,2482,4964,2024-05-01,Spring,2,340,2482.0,0,Low-Value Frequent Buyers,Discount Coupons & Loyalty Programs
2069,Steven Dalton,annevans@moore.com,Umbrella,3,4878,14634,2024-06-23,Monsoon,4,287,4878.0,1,High-Value Loyal Customers,Exclusive Membership & VIP Rewards
2070,Eric Jones,lalexander@reyes.com,Loafers,1,931,931,2023-10-16,Autumn,3,538,931.0,2,Lost Customers,Re-engagement Emails & Offers
2071,Amy Fuller,robinsonstephen@hebert.info,Boots,3,4529,13587,2024-12-19,Winter,1,108,4529.0,1,High-Value Loyal Customers,Exclusive Membership & VIP Rewards
2072,Johnny Hensley,dlewis@bishop.info,Loafers,1,714,714,2024-10-08,Autumn,3,180,714.0,0,Low-Value Frequent Buyers,Discount Coupons & Loyalty Programs
2073,Thomas Nguyen,paulwoods@hotmail.com,Blazer,4,4363,17452,2023-11-24,Autumn,3,499,4363.0,3,Seasonal Buyers,Seasonal Promotions & Personalized Offers
2074,Raven Parrish,stoutstephen@thomas.com,T-Shirt,4,3383,13532,2024-05-24,Spring,2,317,3383.0,1,High-Value Loyal Customers,Exclusive Membership & VIP Rewards
2075,Tina Saunders,johnjohnson@yahoo.com,Loafers,2,3348,6696,2023-11-11,Autumn,3,512,3348.0,3,Seasonal Buyers,Seasonal Promotions & Personalized Offers
2076,Jessica Jefferson,amanda75@schmidt.info,Cardigan,1,4672,4672,2024-10-25,Autumn,3,163,4672.0,1,High-Value Loyal Customers,Exclusive Membership & VIP Rewards
2077,Pamela Delgado,brianagarza@hotmail.com,Light Jacket,4,3839,15356,2024-03-09,Spring,2,393,3839.0,1,High-Value Loyal Customers,Exclusive Membership & VIP Rewards
2078,Christine Lester,hstanley@hernandez.com,Cardigan,1,790,790,2024-10-25,Autumn,3,163,790.0,0,Low-Value Frequent Buyers,Discount Coupons & Loyalty Programs
2079,Shane Soto,daniellevi@yahoo.com,Shorts,4,4399,17596,2023-07-07,Summer,0,639,4399.0,3,Seasonal Buyers,Seasonal Promotions & Personalized Offers
2080,Beverly Taylor,lauren64@gross-weber.org,Blazer,2,3658,7316,2025-09-10,Autumn,3,-157,3658.0,1,High-Value Loyal Customers,Exclusive Membership & VIP Rewards
2081,Mr. Keith Padilla,james90@gmail.com,Jeans,1,696,696,2024-05-27,Spring,2,314,696.0,0,Low-Value Frequent Buyers,Discount Coupons & Loyalty Programs
2082,Jenna Cole,guerraeduardo@vega.com,Sneakers,3,3164,9492,2024-04-09,Spring,2,362,3164.0,1,High-Value Loyal Customers,Exclusive Membership & VIP Rewards
2083,Kevin Hall,jennifer79@ho-morris.com,Sneakers,2,2736,5472,2023-05-08,Spring,2,699,2736.0,2,Lost Customers,Re-engagement Emails & Offers
2084,Sharon Sanders,bnoble@estrada.net,Jeans,5,1883,9415,2024-05-09,Spring,2,332,1883.0,0,Low-Value Frequent Buyers,Discount Coupons & Loyalty Programs
2085,James Armstrong,zimmermansamantha@hotmail.com,Boots,4,3629,14516,2023-01-10,Winter,1,817,3629.0,3,Seasonal Buyers,Seasonal Promotions & Personalized Offers
2086,Andrew Cabrera,melissatownsend@hotmail.com,Boots,3,4201,12603,2023-01-22,Winter,1,805,4201.0,3,Seasonal Buyers,Seasonal Promotions & Personalized Offers
2087,Peter Bowman,riverajesse@hotmail.com,Boots,3,3916,11748,2024-01-01,Winter,1,461,3916.0,3,Seasonal Buyers,Seasonal Promotions & Personalized Offers
2088,Shawn Franco,fmaldonado@moore.com,Scarf,1,3917,3917,2023-12-19,Winter,1,474,3917.0,3,Seasonal Buyers,Seasonal Promotions & Personalized Offers
2089,Mary Reynolds,brownsavannah@martinez.com,Waterproof Shoes,3,3478,10434,2024-06-19,Monsoon,4,291,3478.0,1,High-Value Loyal Customers,Exclusive Membership & VIP Rewards
2090,Sara Schmidt,angel00@yahoo.com,Jacket,1,2089,2089,2024-01-20,Winter,1,442,2089.0,2,Lost Customers,Re-engagement Emails & Offers
2091,Tina Holmes,nicolejohnson@scott.com,Cardigan,2,2278,4556,2024-11-14,Autumn,3,143,2278.0,0,Low-Value Frequent Buyers,Discount Coupons & Loyalty Programs
2092,Barbara Andrews,vbarry@arias-petersen.com,Full-Sleeve Shirt,3,596,1788,2023-11-09,Autumn,3,514,596.0,2,Lost Customers,Re-engagement Emails & Offers
2093,Susan Ramirez,wmccoy@yahoo.com,T-Shirt,5,2686,13430,2023-04-21,Spring,2,716,2686.0,2,Lost Customers,Re-engagement Emails & Offers
2094,Hannah Marks,jennifer05@phillips-moreno.com,Sunglasses,2,661,1322,2023-08-14,Summer,0,601,661.0,2,Lost Customers,Re-engagement Emails & Offers
2095,Valerie Shaw,turnerjesus@herrera.com,Boots,2,745,1490,2023-02-28,Winter,1,768,745.0,2,Lost Customers,Re-engagement Emails & Offers
2096,Tonya Schaefer,walkerdonna@weaver.com,Raincoat,3,3292,9876,2024-06-09,Monsoon,4,301,3292.0,1,High-Value Loyal Customers,Exclusive Membership & VIP Rewards
2097,Stacey Hill,jacksonnicholas@hotmail.com,Light Jacket,3,3424,10272,2023-05-19,Spring,2,688,3424.0,3,Seasonal Buyers,Seasonal Promotions & Personalized Offers
2098,Andrea Watson,uking@yahoo.com,Shorts,5,3554,17770,2025-08-06,Summer,0,-122,3554.0,1,High-Value Loyal Customers,Exclusive Membership & VIP Rewards
2099,Rebecca Carson,jenkinsderek@joyce.com,Blazer,5,4720,23600,2024-09-17,Autumn,3,201,4720.0,1,High-Value Loyal Customers,Exclusive Membership & VIP Rewards
2100,Matthew Jones,davidrodriguez@hotmail.com,Waterproof Shoes,3,4281,12843,2024-09-03,Monsoon,4,215,4281.0,1,High-Value Loyal Customers,Exclusive Membership & VIP Rewards
2101,Karen Paul,sean75@hotmail.com,Full-Sleeve Shirt,5,3357,16785,2023-10-25,Autumn,3,529,3357.0,3,Seasonal Buyers,Seasonal Promotions & Personalized Offers
2102,Kimberly Baker,sylviasimpson@yahoo.com,Umbrella,5,3385,16925,2024-06-05,Monsoon,4,305,3385.0,1,High-Value Loyal Customers,Exclusive Membership & VIP Rewards
2103,Mrs. Judith Johnson,randylewis@hotmail.com,Sweater,5,1720,8600,2023-02-09,Winter,1,787,1720.0,2,Lost Customers,Re-engagement Emails & Offers
2104,Melissa Brady,aliciabryan@hotmail.com,Blazer,1,2302,2302,2023-09-01,Autumn,3,583,2302.0,2,Lost Customers,Re-engagement Emails & Offers
2105,Austin Bryant,rachel29@salazar.com,Umbrella,1,3209,3209,2023-07-16,Monsoon,4,630,3209.0,3,Seasonal Buyers,Seasonal Promotions & Personalized Offers
2106,Rebecca Lyons,ryan30@robinson-salinas.biz,Tank Top,5,4310,21550,2023-07-28,Summer,0,618,4310.0,3,Seasonal Buyers,Seasonal Promotions & Personalized Offers
2107,Gregory Davies,creynolds@harvey.com,Sneakers,3,2299,6897,2024-05-21,Spring,2,320,2299.0,0,Low-Value Frequent Buyers,Discount Coupons & Loyalty Programs
2108,Curtis Jordan,washingtoncurtis@rodriguez-oliver.com,Sneakers,3,2933,8799,2023-03-27,Spring,2,741,2933.0,3,Seasonal Buyers,Seasonal Promotions & Personalized Offers
2109,John Frost,waderose@stone-smith.com,Sandals,4,2354,9416,2023-07-16,Summer,0,630,2354.0,2,Lost Customers,Re-engagement Emails & Offers
2110,Sean Smith,william47@johnson.com,T-Shirt,2,2850,5700,2023-05-16,Spring,2,691,2850.0,3,Seasonal Buyers,Seasonal Promotions & Personalized Offers
2111,Lynn Smith,ssingh@gmail.com,Light Jacket,1,1097,1097,2024-04-06,Spring,2,365,1097.0,0,Low-Value Frequent Buyers,Discount Coupons & Loyalty Programs
2112,Jennifer Williams,joneschad@brown.info,Waterproof Shoes,2,1862,3724,2023-06-17,Monsoon,4,659,1862.0,2,Lost Customers,Re-engagement Emails & Offers
2113,Reginald Williams,aphillips@johnson-matthews.com,Jacket,2,4563,9126,2025-01-15,Winter,1,81,4563.0,1,High-Value Loyal Customers,Exclusive Membership & VIP Rewards
2114,Nicholas Stewart,antoniocunningham@hotmail.com,Blazer,5,1533,7665,2024-09-23,Autumn,3,195,1533.0,0,Low-Value Frequent Buyers,Discount Coupons & Loyalty Programs
2115,Joshua Johnson,jphillips@yahoo.com,Shorts,1,2817,2817,2023-06-09,Summer,0,667,2817.0,3,Seasonal Buyers,Seasonal Promotions & Personalized Offers
2116,Debra Hebert,sarah08@yahoo.com,Light Jacket,3,817,2451,2024-04-27,Spring,2,344,817.0,0,Low-Value Frequent Buyers,Discount Coupons & Loyalty Programs
2117,Victoria Anderson,theresa81@shepherd.com,Tank Top,3,4501,13503,2023-07-11,Summer,0,635,4501.0,3,Seasonal Buyers,Seasonal Promotions & Personalized Offers
2118,Rebecca Johnson,manderson@yahoo.com,Jacket,4,1538,6152,2024-02-10,Winter,1,421,1538.0,0,Low-Value Frequent Buyers,Discount Coupons & Loyalty Programs
2119,Thomas Henry,micheleking@yahoo.com,Loafers,1,877,877,2023-10-06,Autumn,3,548,877.0,2,Lost Customers,Re-engagement Emails & Offers
2120,Lisa Harris,edecker@hotmail.com,Shorts,1,1386,1386,2024-07-05,Summer,0,275,1386.0,0,Low-Value Frequent Buyers,Discount Coupons & Loyalty Programs
2121,Joseph Coffey,blackashley@lang.info,Loafers,1,4000,4000,2023-09-04,Autumn,3,580,4000.0,3,Seasonal Buyers,Seasonal Promotions & Personalized Offers
2122,Connie Alvarez,lori32@fuller-everett.net,Scarf,2,3773,7546,2023-12-06,Winter,1,487,3773.0,3,Seasonal Buyers,Seasonal Promotions & Personalized Offers
2123,Jennifer Taylor,phenson@wilson.org,Blazer,4,1612,6448,2024-09-18,Autumn,3,200,1612.0,0,Low-Value Frequent Buyers,Discount Coupons & Loyalty Programs
2124,Diana Lindsey,johnsonpamela@gmail.com,Sandals,4,4571,18284,2024-07-28,Summer,0,252,4571.0,1,High-Value Loyal Customers,Exclusive Membership & VIP Rewards
2125,Joseph Melton,trobinson@gmail.com,Sweater,1,2678,2678,2023-12-13,Winter,1,480,2678.0,2,Lost Customers,Re-engagement Emails & Offers
2126,Jacob Richards,davismatthew@eaton.com,Sneakers,1,1533,1533,2024-04-09,Spring,2,362,1533.0,0,Low-Value Frequent Buyers,Discount Coupons & Loyalty Programs
2127,Michelle Adams,leeautumn@guerrero-morse.com,Sunglasses,5,2001,10005,2023-06-15,Summer,0,661,2001.0,2,Lost Customers,Re-engagement Emails & Offers
2128,Nicholas Shannon,davidhowell@krueger.com,Umbrella,5,2503,12515,2024-08-21,Monsoon,4,228,2503.0,0,Low-Value Frequent Buyers,Discount Coupons & Loyalty Programs
2129,Mark James,hernandezandrew@gmail.com,Light Jacket,2,4278,8556,2024-03-25,Spring,2,377,4278.0,1,High-Value Loyal Customers,Exclusive Membership & VIP Rewards
2130,Taylor Jones,kristydowns@hotmail.com,Sandals,3,3840,11520,2023-08-08,Summer,0,607,3840.0,3,Seasonal Buyers,Seasonal Promotions & Personalized Offers
2131,Brandon Moody,cherylcaldwell@odonnell.com,Umbrella,2,3239,6478,2025-08-13,Monsoon,4,-129,3239.0,1,High-Value Loyal Customers,Exclusive Membership & VIP Rewards
2132,Yesenia Lawrence,tfoster@washington.com,Sneakers,1,2289,2289,2024-03-14,Spring,2,388,2289.0,0,Low-Value Frequent Buyers,Discount Coupons & Loyalty Programs
2133,Linda Ramos,kgonzalez@hotmail.com,Jeans,1,3555,3555,2023-05-25,Spring,2,682,3555.0,3,Seasonal Buyers,Seasonal Promotions & Personalized Offers
2134,Lisa Fisher,edwardsmark@gmail.com,Shorts,5,2898,14490,2023-07-10,Summer,0,636,2898.0,3,Seasonal Buyers,Seasonal Promotions & Personalized Offers
2135,Jeffrey Weaver,alexisadams@hotmail.com,Sandals,5,4106,20530,2024-08-10,Summer,0,239,4106.0,1,High-Value Loyal Customers,Exclusive Membership & VIP Rewards
2136,Kevin Lewis MD,jonathan36@yahoo.com,Scarf,2,4441,8882,2025-12-02,Winter,1,-240,4441.0,1,High-Value Loyal Customers,Exclusive Membership & VIP Rewards
2137,William Miller,brittany98@yahoo.com,Sandals,2,874,1748,2024-08-20,Summer,0,229,874.0,0,Low-Value Frequent Buyers,Discount Coupons & Loyalty Programs
2138,Nicole Shaw,dylanwilliams@gmail.com,Waterproof Shoes,5,792,3960,2023-06-12,Monsoon,4,664,792.0,2,Lost Customers,Re-engagement Emails & Offers
2139,Frank Brown,gloriahurst@wilson-herrera.biz,Boots,2,3238,6476,2023-12-01,Winter,1,492,3238.0,3,Seasonal Buyers,Seasonal Promotions & Personalized Offers
2140,Laura Lee,brandy23@gmail.com,Tank Top,4,1678,6712,2023-06-08,Summer,0,668,1678.0,2,Lost Customers,Re-engagement Emails & Offers
2141,Monica Reilly,tylerkoch@yahoo.com,Cardigan,5,1579,7895,2024-11-06,Autumn,3,151,1579.0,0,Low-Value Frequent Buyers,Discount Coupons & Loyalty Programs
2142,Jerry Webster,cobbtina@yahoo.com,Jeans,3,4748,14244,2024-03-06,Spring,2,396,4748.0,1,High-Value Loyal Customers,Exclusive Membership & VIP Rewards
2143,Carl Riggs,taylorrachel@gmail.com,Sneakers,3,3399,10197,2024-03-19,Spring,2,383,3399.0,1,High-Value Loyal Customers,Exclusive Membership & VIP Rewards
2144,Cynthia Solis,megan38@hernandez-cole.com,Full-Sleeve Shirt,4,1948,7792,2023-11-28,Autumn,3,495,1948.0,2,Lost Customers,Re-engagement Emails & Offers
2145,Jack Reed,jill89@hall.info,Scarf,5,4060,20300,2024-12-28,Winter,1,99,4060.0,1,High-Value Loyal Customers,Exclusive Membership & VIP Rewards
2146,Anna Skinner,lisaobrien@hotmail.com,Sweater,2,4584,9168,2025-12-12,Winter,1,-250,4584.0,1,High-Value Loyal Customers,Exclusive Membership & VIP Rewards
2147,Anthony Adams,scisneros@warren.com,Full-Sleeve Shirt,2,885,1770,2024-10-01,Autumn,3,187,885.0,0,Low-Value Frequent Buyers,Discount Coupons & Loyalty Programs
2148,Jasmine Murray,leemelanie@beltran.info,Cardigan,2,2103,4206,2023-11-28,Autumn,3,495,2103.0,2,Lost Customers,Re-engagement Emails & Offers
2149,Erin George DDS,zgibson@gmail.com,Umbrella,2,4250,8500,2024-09-07,Monsoon,4,211,4250.0,1,High-Value Loyal Customers,Exclusive Membership & VIP Rewards
2150,Donald Robinson,justinhill@ramirez.com,Sandals,3,4728,14184,2023-08-27,Summer,0,588,4728.0,3,Seasonal Buyers,Seasonal Promotions & Personalized Offers
2151,Karen Fox,gstanley@gmail.com,Sneakers,2,3983,7966,2024-03-13,Spring,2,389,3983.0,1,High-Value Loyal Customers,Exclusive Membership & VIP Rewards
2152,Dana Jensen,glenda78@gmail.com,Light Jacket,1,997,997,2023-05-26,Spring,2,681,997.0,2,Lost Customers,Re-engagement Emails & Offers
2153,Dylan Dominguez,wellscarl@weeks.net,Jacket,2,4183,8366,2023-01-04,Winter,1,823,4183.0,3,Seasonal Buyers,Seasonal Promotions & Personalized Offers
2154,Kimberly Lee,kingnicholas@shepard.com,Sneakers,4,699,2796,2024-05-16,Spring,2,325,699.0,0,Low-Value Frequent Buyers,Discount Coupons & Loyalty Programs
2155,William Gutierrez,amy39@avila.com,Raincoat,3,4380,13140,2023-08-11,Monsoon,4,604,4380.0,3,Seasonal Buyers,Seasonal Promotions & Personalized Offers
2156,Carl Herrera,diamond45@hotmail.com,Sunglasses,5,4821,24105,2023-08-18,Summer,0,597,4821.0,3,Seasonal Buyers,Seasonal Promotions & Personalized Offers
2157,Hannah Parker,ywright@ross-smith.com,Tank Top,3,4839,14517,2024-08-10,Summer,0,239,4839.0,1,High-Value Loyal Customers,Exclusive Membership & VIP Rewards
2158,Charles Clark,lopezcatherine@yahoo.com,Scarf,5,2995,14975,2024-02-28,Winter,1,403,2995.0,1,High-Value Loyal Customers,Exclusive Membership & VIP Rewards
2159,Michelle Liu,jeremywatts@hotmail.com,Sneakers,2,1954,3908,2023-04-24,Spring,2,713,1954.0,2,Lost Customers,Re-engagement Emails & Offers
2160,Teresa Jordan,xcarter@dixon-powers.com,Full-Sleeve Shirt,1,2140,2140,2024-09-27,Autumn,3,191,2140.0,0,Low-Value Frequent Buyers,Discount Coupons & Loyalty Programs
2161,Phillip Ferguson,brandon27@gmail.com,Boots,5,1367,6835,2024-02-08,Winter,1,423,1367.0,0,Low-Value Frequent Buyers,Discount Coupons & Loyalty Programs
2162,Katherine Booker,qwoods@franklin.com,Sandals,5,1621,8105,2024-06-21,Summer,0,289,1621.0,0,Low-Value Frequent Buyers,Discount Coupons & Loyalty Programs
2163,Mindy Evans,zstark@hamilton.com,Raincoat,3,526,1578,2023-09-04,Monsoon,4,580,526.0,2,Lost Customers,Re-engagement Emails & Offers
2164,Samantha Beasley,hickmansamantha@knight.biz,Raincoat,3,3747,11241,2023-09-14,Monsoon,4,570,3747.0,3,Seasonal Buyers,Seasonal Promotions & Personalized Offers
2165,Lori Rivera,scottkimberly@roach.com,Light Jacket,2,2222,4444,2023-03-04,Spring,2,764,2222.0,2,Lost Customers,Re-engagement Emails & Offers
2166,Kristy Brown,kelliallen@yahoo.com,Jeans,3,4817,14451,2023-05-20,Spring,2,687,4817.0,3,Seasonal Buyers,Seasonal Promotions & Personalized Offers
2167,Eric Jarvis,elizabethperry@morris.info,Loafers,3,3909,11727,2023-10-17,Autumn,3,537,3909.0,3,Seasonal Buyers,Seasonal Promotions & Personalized Offers
2168,Matthew Horn,timothy97@murphy.info,Light Jacket,1,3294,3294,2023-04-07,Spring,2,730,3294.0,3,Seasonal Buyers,Seasonal Promotions & Personalized Offers
2169,Kimberly Thomas DVM,hmorton@yahoo.com,Full-Sleeve Shirt,3,2305,6915,2023-11-27,Autumn,3,496,2305.0,2,Lost Customers,Re-engagement Emails & Offers
2170,Michael Curry,ijohnson@hotmail.com,Umbrella,1,3087,3087,2023-07-16,Monsoon,4,630,3087.0,3,Seasonal Buyers,Seasonal Promotions & Personalized Offers
2171,Christopher Stuart,charlesbarber@yahoo.com,Sandals,2,2515,5030,2024-07-01,Summer,0,279,2515.0,0,Low-Value Frequent Buyers,Discount Coupons & Loyalty Programs
2172,Michael Barrett,nicholasmiller@fowler.com,Boots,1,4205,4205,2024-02-14,Winter,1,417,4205.0,3,Seasonal Buyers,Seasonal Promotions & Personalized Offers
2173,Taylor House,eric31@finley-hoover.info,Waterproof Shoes,5,3027,15135,2024-09-11,Monsoon,4,207,3027.0,1,High-Value Loyal Customers,Exclusive Membership & VIP Rewards
2174,Eric Trevino,joseph60@hotmail.com,Blazer,1,3825,3825,2023-09-13,Autumn,3,571,3825.0,3,Seasonal Buyers,Seasonal Promotions & Personalized Offers
2175,Susan Cox,joseph37@hotmail.com,T-Shirt,2,2752,5504,2024-03-03,Spring,2,399,2752.0,0,Low-Value Frequent Buyers,Discount Coupons & Loyalty Programs
2176,Lauren Foster,richardsvictoria@campbell-mclaughlin.org,Boots,3,4491,13473,2024-12-04,Winter,1,123,4491.0,1,High-Value Loyal Customers,Exclusive Membership & VIP Rewards
2177,John Miller,georgeharris@murray-clark.com,Shorts,4,613,2452,2024-06-14,Summer,0,296,613.0,0,Low-Value Frequent Buyers,Discount Coupons & Loyalty Programs
2178,Isaac Rivas,smithtodd@gmail.com,Sunglasses,5,2925,14625,2023-06-06,Summer,0,670,2925.0,3,Seasonal Buyers,Seasonal Promotions & Personalized Offers
2179,Mrs. Cassandra Johnson,odonnellkyle@davis.biz,Raincoat,2,3195,6390,2024-06-02,Monsoon,4,308,3195.0,1,High-Value Loyal Customers,Exclusive Membership & VIP Rewards
2180,Courtney Rodriguez,dmitchell@anderson-garcia.com,Umbrella,4,3292,13168,2023-06-05,Monsoon,4,671,3292.0,3,Seasonal Buyers,Seasonal Promotions & Personalized Offers
2181,Stephanie Rodriguez,danielbradley@schmidt-anderson.com,Light Jacket,5,1639,8195,2023-05-14,Spring,2,693,1639.0,2,Lost Customers,Re-engagement Emails & Offers
2182,Holly Johnson,lwalker@gmail.com,Boots,5,1063,5315,2023-12-15,Winter,1,478,1063.0,2,Lost Customers,Re-engagement Emails & Offers
2183,Kevin Gomez,benjaminscott@weeks-williamson.info,Blazer,3,3321,9963,2023-11-11,Autumn,3,512,3321.0,3,Seasonal Buyers,Seasonal Promotions & Personalized Offers
2184,Dana Adams,klinecaroline@henderson.com,Jacket,1,1096,1096,2023-01-27,Winter,1,800,1096.0,2,Lost Customers,Re-engagement Emails & Offers
2185,Donald Hall PhD,hector13@weeks.info,Jacket,3,931,2793,2024-12-22,Winter,1,105,931.0,0,Low-Value Frequent Buyers,Discount Coupons & Loyalty Programs
2186,Angela Brown,cmartin@patterson.info,Scarf,2,1708,3416,2024-12-06,Winter,1,121,1708.0,0,Low-Value Frequent Buyers,Discount Coupons & Loyalty Programs
2187,Sophia Perry,stephen03@zimmerman.info,Waterproof Shoes,1,2103,2103,2024-06-12,Monsoon,4,298,2103.0,0,Low-Value Frequent Buyers,Discount Coupons & Loyalty Programs
2188,Jason Watson,lisa92@powell-hamilton.com,Waterproof Shoes,5,3359,16795,2024-06-23,Monsoon,4,287,3359.0,1,High-Value Loyal Customers,Exclusive Membership & VIP Rewards
2189,Frederick Moreno,thompsonjudy@bryant.com,Sandals,3,1538,4614,2024-06-18,Summer,0,292,1538.0,0,Low-Value Frequent Buyers,Discount Coupons & Loyalty Programs
2190,Jennifer Davis,jasonweaver@santiago-salinas.org,T-Shirt,4,4810,19240,2023-03-13,Spring,2,755,4810.0,3,Seasonal Buyers,Seasonal Promotions & Personalized Offers
2191,Heather Mcintyre,angela56@ortiz.com,Sneakers,2,3633,7266,2024-04-15,Spring,2,356,3633.0,1,High-Value Loyal Customers,Exclusive Membership & VIP Rewards
2192,Katherine Adams,annette25@hotmail.com,Cardigan,4,3971,15884,2025-09-01,Autumn,3,-148,3971.0,1,High-Value Loyal Customers,Exclusive Membership & VIP Rewards
2193,Daniel Chaney,jillstewart@hotmail.com,Sneakers,2,3237,6474,2024-03-19,Spring,2,383,3237.0,1,High-Value Loyal Customers,Exclusive Membership & VIP Rewards
2194,Sarah Perez,christinacooper@trujillo.info,Loafers,1,4876,4876,2023-11-17,Autumn,3,506,4876.0,3,Seasonal Buyers,Seasonal Promotions & Personalized Offers
2195,Benjamin Gallegos,tinasolis@gmail.com,Sandals,5,3731,18655,2024-07-27,Summer,0,253,3731.0,1,High-Value Loyal Customers,Exclusive Membership & VIP Rewards
2196,Russell Franklin,jennifer12@gmail.com,Jeans,4,1968,7872,2023-05-21,Spring,2,686,1968.0,2,Lost Customers,Re-engagement Emails & Offers
2197,Lisa Ferguson,lydiamiller@young.com,Waterproof Shoes,2,1287,2574,2024-06-17,Monsoon,4,293,1287.0,0,Low-Value Frequent Buyers,Discount Coupons & Loyalty Programs
2198,Donna Brown,gbeltran@love.com,Full-Sleeve Shirt,2,1304,2608,2023-11-11,Autumn,3,512,1304.0,2,Lost Customers,Re-engagement Emails & Offers
2199,Ryan Jackson,stephenbrown@reid.com,Light Jacket,3,877,2631,2023-05-15,Spring,2,692,877.0,2,Lost Customers,Re-engagement Emails & Offers
2200,Jonathan Figueroa,santoscatherine@barrera.info,Sweater,5,2823,14115,2024-12-20,Winter,1,107,2823.0,1,High-Value Loyal Customers,Exclusive Membership & VIP Rewards
2201,Gina Hester,bgrant@hotmail.com,Raincoat,3,4050,12150,2024-06-23,Monsoon,4,287,4050.0,1,High-Value Loyal Customers,Exclusive Membership & VIP Rewards
2202,Lisa Baker,sjenkins@yahoo.com,Raincoat,1,1786,1786,2023-09-23,Monsoon,4,561,1786.0,2,Lost Customers,Re-engagement Emails & Offers
2203,Ian Martinez,brentdennis@gmail.com,Sneakers,4,1530,6120,2024-05-28,Spring,2,313,1530.0,0,Low-Value Frequent Buyers,Discount Coupons & Loyalty Programs
2204,Wayne Tran,jessegallegos@gmail.com,Jacket,5,4392,21960,2023-01-21,Winter,1,806,4392.0,3,Seasonal Buyers,Seasonal Promotions & Personalized Offers
2205,Elizabeth Hoover,katrinahouse@hotmail.com,Loafers,1,2017,2017,2024-09-06,Autumn,3,212,2017.0,0,Low-Value Frequent Buyers,Discount Coupons & Loyalty Programs
2206,Jennifer Rodriguez,christopher86@hotmail.com,Cardigan,3,3009,9027,2024-11-18,Autumn,3,139,3009.0,1,High-Value Loyal Customers,Exclusive Membership & VIP Rewards
2207,Daisy Clark,yolanda18@reyes.org,Loafers,3,4941,14823,2025-11-19,Autumn,3,-227,4941.0,1,High-Value Loyal Customers,Exclusive Membership & VIP Rewards
2208,Kyle Franco,freynolds@pearson.org,Shorts,2,1015,2030,2023-07-21,Summer,0,625,1015.0,2,Lost Customers,Re-engagement Emails & Offers
2209,Brian Lopez,kenneth33@gmail.com,Sunglasses,2,4994,9988,2024-08-21,Summer,0,228,4994.0,1,High-Value Loyal Customers,Exclusive Membership & VIP Rewards
2210,Amanda Brown,clarktracy@gmail.com,Shorts,5,3676,18380,2024-06-16,Summer,0,294,3676.0,1,High-Value Loyal Customers,Exclusive Membership & VIP Rewards
2211,Meghan White,jcoleman@gmail.com,Full-Sleeve Shirt,4,3227,12908,2023-11-13,Autumn,3,510,3227.0,3,Seasonal Buyers,Seasonal Promotions & Personalized Offers
2212,Scott Deleon,lindseymckee@olson-snyder.biz,T-Shirt,1,3336,3336,2024-05-07,Spring,2,334,3336.0,1,High-Value Loyal Customers,Exclusive Membership & VIP Rewards
2213,James Robinson,sarah17@moore-richardson.org,Sunglasses,5,2808,14040,2024-08-24,Summer,0,225,2808.0,1,High-Value Loyal Customers,Exclusive Membership & VIP Rewards
2214,Jasmine Davis,yrice@wilson-todd.com,Cardigan,4,3965,15860,2023-10-12,Autumn,3,542,3965.0,3,Seasonal Buyers,Seasonal Promotions & Personalized Offers
2215,Guy Stewart,burgesskevin@walters.com,Light Jacket,4,1015,4060,2024-04-13,Spring,2,358,1015.0,0,Low-Value Frequent Buyers,Discount Coupons & Loyalty Programs
2216,Makayla Stewart,williamsmegan@davidson.net,Raincoat,2,4693,9386,2025-06-06,Monsoon,4,-61,4693.0,1,High-Value Loyal Customers,Exclusive Membership & VIP Rewards
2217,Brianna Russell,jasonsmith@moore.net,Loafers,3,2064,6192,2024-09-09,Autumn,3,209,2064.0,0,Low-Value Frequent Buyers,Discount Coupons & Loyalty Programs
2218,Tina Love,riveratiffany@white-montoya.biz,Tank Top,5,2636,13180,2024-08-18,Summer,0,231,2636.0,0,Low-Value Frequent Buyers,Discount Coupons & Loyalty Programs
2219,Wayne Pope,ofrye@yahoo.com,Tank Top,1,2164,2164,2025-07-01,Summer,0,-86,2164.0,0,Low-Value Frequent Buyers,Discount Coupons & Loyalty Programs
2220,Billy Jackson,brownshawn@yahoo.com,Scarf,2,4037,8074,2024-02-12,Winter,1,419,4037.0,3,Seasonal Buyers,Seasonal Promotions & Personalized Offers
2221,Richard Oliver,thomasmurphy@dudley.com,Sandals,4,4112,16448,2023-07-22,Summer,0,624,4112.0,3,Seasonal Buyers,Seasonal Promotions & Personalized Offers
2222,Heather Young,rayjennifer@brown-gibson.biz,Sunglasses,1,2027,2027,2023-08-05,Summer,0,610,2027.0,2,Lost Customers,Re-engagement Emails & Offers
2223,Jonathan Costa,markbell@bishop.com,Light Jacket,5,1217,6085,2023-03-26,Spring,2,742,1217.0,2,Lost Customers,Re-engagement Emails & Offers
2224,Chad Baker,katelynnelson@norris-smith.info,Waterproof Shoes,3,4995,14985,2023-08-14,Monsoon,4,601,4995.0,3,Seasonal Buyers,Seasonal Promotions & Personalized Offers
2225,Tracey Anderson,daniellesmith@gibson-lee.org,Loafers,5,4868,24340,2023-11-01,Autumn,3,522,4868.0,3,Seasonal Buyers,Seasonal Promotions & Personalized Offers
2226,Patrick Thompson,lshelton@gmail.com,Jeans,5,4465,22325,2023-04-02,Spring,2,735,4465.0,3,Seasonal Buyers,Seasonal Promotions & Personalized Offers
2227,Mary Phillips,omckinney@hotmail.com,Sneakers,5,4170,20850,2024-05-03,Spring,2,338,4170.0,1,High-Value Loyal Customers,Exclusive Membership & VIP Rewards
2228,Heather Barker,njohnson@yahoo.com,Shorts,3,4991,14973,2023-06-08,Summer,0,668,4991.0,3,Seasonal Buyers,Seasonal Promotions & Personalized Offers
2229,Anthony Rose,andrew28@hotmail.com,T-Shirt,1,3898,3898,2024-03-20,Spring,2,382,3898.0,1,High-Value Loyal Customers,Exclusive Membership & VIP Rewards
2230,Jeffrey Gonzalez,keithwilliamson@lamb.com,Tank Top,5,3190,15950,2023-08-28,Summer,0,587,3190.0,3,Seasonal Buyers,Seasonal Promotions & Personalized Offers
2231,Mr. Kenneth Perez MD,cheryl64@love.com,Loafers,1,4003,4003,2023-11-17,Autumn,3,506,4003.0,3,Seasonal Buyers,Seasonal Promotions & Personalized Offers
2232,Xavier Jenkins,friedmanjeremy@watson.com,Full-Sleeve Shirt,2,758,1516,2024-10-25,Autumn,3,163,758.0,0,Low-Value Frequent Buyers,Discount Coupons & Loyalty Programs
2233,Rebecca Smith,nicholas86@gmail.com,Sandals,3,1431,4293,2024-08-20,Summer,0,229,1431.0,0,Low-Value Frequent Buyers,Discount Coupons & Loyalty Programs
2234,Alejandro Wright II,laneamanda@yahoo.com,Waterproof Shoes,2,4952,9904,2023-06-27,Monsoon,4,649,4952.0,3,Seasonal Buyers,Seasonal Promotions & Personalized Offers
2235,Dean Mclean,oliviarowe@hudson.com,Scarf,3,4920,14760,2023-01-11,Winter,1,816,4920.0,3,Seasonal Buyers,Seasonal Promotions & Personalized Offers
2236,Erin Arnold,johnsonmichaela@johnson.org,Cardigan,3,937,2811,2024-09-08,Autumn,3,210,937.0,0,Low-Value Frequent Buyers,Discount Coupons & Loyalty Programs
2237,Amber Austin,melissa39@yahoo.com,Cardigan,3,4836,14508,2023-10-03,Autumn,3,551,4836.0,3,Seasonal Buyers,Seasonal Promotions & Personalized Offers
2238,Andrew Robinson,karen78@wright.info,Blazer,3,2710,8130,2024-10-22,Autumn,3,166,2710.0,0,Low-Value Frequent Buyers,Discount Coupons & Loyalty Programs
2239,Cameron Freeman,stephaniecain@matthews-zamora.com,Full-Sleeve Shirt,2,727,1454,2024-11-21,Autumn,3,136,727.0,0,Low-Value Frequent Buyers,Discount Coupons & Loyalty Programs
2240,Alicia Decker,blackburnconnor@yahoo.com,Boots,5,4192,20960,2023-12-07,Winter,1,486,4192.0,3,Seasonal Buyers,Seasonal Promotions & Personalized Offers
2241,David Wheeler,whitneymcmillan@branch.net,Sunglasses,2,4520,9040,2023-07-28,Summer,0,618,4520.0,3,Seasonal Buyers,Seasonal Promotions & Personalized Offers
2242,Kevin Brandt MD,robbinsdarryl@yahoo.com,Sneakers,3,1170,3510,2023-03-28,Spring,2,740,1170.0,2,Lost Customers,Re-engagement Emails & Offers
2243,Christopher Chapman,ngriffin@murray.info,Jeans,5,1479,7395,2024-04-28,Spring,2,343,1479.0,0,Low-Value Frequent Buyers,Discount Coupons & Loyalty Programs
2244,Vincent Olson,vberry@yahoo.com,Tank Top,3,3411,10233,2024-08-19,Summer,0,230,3411.0,1,High-Value Loyal Customers,Exclusive Membership & VIP Rewards
2245,Jorge Cervantes,cooktimothy@hotmail.com,Sandals,5,2759,13795,2024-06-26,Summer,0,284,2759.0,1,High-Value Loyal Customers,Exclusive Membership & VIP Rewards
2246,Richard Thomas,kedwards@barnes.com,Tank Top,3,4094,12282,2023-08-16,Summer,0,599,4094.0,3,Seasonal Buyers,Seasonal Promotions & Personalized Offers
2247,Tiffany Sharp,watkins@hoffman.com,Full-Sleeve Shirt,1,2207,2207,2023-09-25,Autumn,3,559,2207.0,2,Lost Customers,Re-engagement Emails & Offers
2248,Ryan Mccormick,amyhorton@hotmail.com,Sunglasses,3,2499,7497,2023-06-20,Summer,0,656,2499.0,2,Lost Customers,Re-engagement Emails & Offers
2249,Sandra Wilkins,dawn41@roberts.info,Blazer,2,1950,3900,2023-10-06,Autumn,3,548,1950.0,2,Lost Customers,Re-engagement Emails & Offers
2250,Ashley Myers DDS,williamszachary@floyd.com,Waterproof Shoes,1,1440,1440,2025-08-02,Monsoon,4,-118,1440.0,0,Low-Value Frequent Buyers,Discount Coupons & Loyalty Programs
2251,Richard Brown,daniellekim@hotmail.com,Cardigan,5,3131,15655,2024-10-22,Autumn,3,166,3131.0,1,High-Value Loyal Customers,Exclusive Membership & VIP Rewards
2252,Michelle Perez,patricia09@yahoo.com,Full-Sleeve Shirt,3,708,2124,2023-11-28,Autumn,3,495,708.0,2,Lost Customers,Re-engagement Emails & Offers
2253,Tyrone Novak,thomasbennett@bentley.com,Scarf,1,4715,4715,2023-01-02,Winter,1,825,4715.0,3,Seasonal Buyers,Seasonal Promotions & Personalized Offers
2254,Stacey Nolan,dunntimothy@hotmail.com,Umbrella,5,4674,23370,2023-09-28,Monsoon,4,556,4674.0,3,Seasonal Buyers,Seasonal Promotions & Personalized Offers
2255,Anthony Miller,lwu@yahoo.com,Sweater,1,4768,4768,2024-02-20,Winter,1,411,4768.0,3,Seasonal Buyers,Seasonal Promotions & Personalized Offers
2256,Jose Clark,troy27@gmail.com,Waterproof Shoes,1,3061,3061,2024-08-13,Monsoon,4,236,3061.0,1,High-Value Loyal Customers,Exclusive Membership & VIP Rewards
2257,Beth Hernandez,stephenanthony@hunt.com,Full-Sleeve Shirt,5,4835,24175,2025-11-13,Autumn,3,-221,4835.0,1,High-Value Loyal Customers,Exclusive Membership & VIP Rewards
2258,Donald Harmon,morganjoan@diaz.info,Raincoat,4,1784,7136,2023-06-26,Monsoon,4,650,1784.0,2,Lost Customers,Re-engagement Emails & Offers
2259,Juan Nichols,harrisnicholas@hotmail.com,Blazer,4,2526,10104,2024-11-08,Autumn,3,149,2526.0,0,Low-Value Frequent Buyers,Discount Coupons & Loyalty Programs
2260,Brittany Evans,hahnmelissa@yahoo.com,Full-Sleeve Shirt,5,4035,20175,2024-09-24,Autumn,3,194,4035.0,1,High-Value Loyal Customers,Exclusive Membership & VIP Rewards
2261,Michael Gonzalez,deborah42@frye.com,Jeans,1,2080,2080,2024-04-14,Spring,2,357,2080.0,0,Low-Value Frequent Buyers,Discount Coupons & Loyalty Programs
2262,Kevin Brewer,wanderson@savage-marshall.info,Shorts,1,3749,3749,2023-06-02,Summer,0,674,3749.0,3,Seasonal Buyers,Seasonal Promotions & Personalized Offers
2263,Barbara Lopez,hli@hotmail.com,Sweater,3,3179,9537,2025-02-06,Winter,1,59,3179.0,1,High-Value Loyal Customers,Exclusive Membership & VIP Rewards
2264,Sandra Jones,trose@gmail.com,Umbrella,1,1321,1321,2024-06-01,Monsoon,4,309,1321.0,0,Low-Value Frequent Buyers,Discount Coupons & Loyalty Programs
2265,Patricia Horne,erik28@murphy.com,Blazer,4,2439,9756,2024-11-13,Autumn,3,144,2439.0,0,Low-Value Frequent Buyers,Discount Coupons & Loyalty Programs
2266,Melissa Hughes,lisa41@hotmail.com,Umbrella,2,1466,2932,2024-08-23,Monsoon,4,226,1466.0,0,Low-Value Frequent Buyers,Discount Coupons & Loyalty Programs
2267,Frank Quinn,brendan08@yahoo.com,Sandals,2,2685,5370,2024-06-27,Summer,0,283,2685.0,0,Low-Value Frequent Buyers,Discount Coupons & Loyalty Programs
2268,Danielle Smith,hardyerik@gmail.com,Loafers,4,2376,9504,2023-09-28,Autumn,3,556,2376.0,2,Lost Customers,Re-engagement Emails & Offers
2269,Sharon Davis,robertsmith@hotmail.com,Sandals,4,3253,13012,2023-06-17,Summer,0,659,3253.0,3,Seasonal Buyers,Seasonal Promotions & Personalized Offers
2270,Gary Spence,elizabethjohnson@dean.info,Shorts,5,2426,12130,2024-08-24,Summer,0,225,2426.0,0,Low-Value Frequent Buyers,Discount Coupons & Loyalty Programs
2271,Brandon Garner,jacob61@cochran.com,Umbrella,3,1971,5913,2024-09-24,Monsoon,4,194,1971.0,0,Low-Value Frequent Buyers,Discount Coupons & Loyalty Programs
2272,Rodney Rodriguez,christopherbailey@hotmail.com,Boots,4,1861,7444,2023-02-11,Winter,1,785,1861.0,2,Lost Customers,Re-engagement Emails & Offers
2273,Christine Vargas,dawnhunt@shepard.com,Raincoat,4,1448,5792,2023-08-13,Monsoon,4,602,1448.0,2,Lost Customers,Re-engagement Emails & Offers
2274,John Jackson,catherine08@marks.org,Blazer,1,3232,3232,2023-11-07,Autumn,3,516,3232.0,3,Seasonal Buyers,Seasonal Promotions & Personalized Offers
2275,Michael Williams,tonyadavis@cruz.com,Waterproof Shoes,1,965,965,2024-06-26,Monsoon,4,284,965.0,0,Low-Value Frequent Buyers,Discount Coupons & Loyalty Programs
2276,Kyle Oconnell,whernandez@hotmail.com,Shorts,3,2526,7578,2024-07-27,Summer,0,253,2526.0,0,Low-Value Frequent Buyers,Discount Coupons & Loyalty Programs
2277,George Thomas,denisemiller@hotmail.com,Light Jacket,3,1729,5187,2023-05-28,Spring,2,679,1729.0,2,Lost Customers,Re-engagement Emails & Offers
2278,Julie Davila,lburns@hotmail.com,Boots,3,2146,6438,2023-01-25,Winter,1,802,2146.0,2,Lost Customers,Re-engagement Emails & Offers
2279,Matthew Davis,martinangela@hotmail.com,Shorts,5,3199,15995,2023-07-22,Summer,0,624,3199.0,3,Seasonal Buyers,Seasonal Promotions & Personalized Offers
2280,Darrell Meadows,snovak@martin-shaffer.net,Sandals,2,3548,7096,2024-08-11,Summer,0,238,3548.0,1,High-Value Loyal Customers,Exclusive Membership & VIP Rewards
2281,Amy Cruz,grahamrenee@johnson.com,Umbrella,1,4133,4133,2024-07-04,Monsoon,4,276,4133.0,1,High-Value Loyal Customers,Exclusive Membership & VIP Rewards
2282,Marcus Morton,msalazar@ruiz.com,Cardigan,2,2011,4022,2024-09-06,Autumn,3,212,2011.0,0,Low-Value Frequent Buyers,Discount Coupons & Loyalty Programs
2283,Christina Reeves,tyler49@gmail.com,Loafers,1,1984,1984,2025-11-19,Autumn,3,-227,1984.0,0,Low-Value Frequent Buyers,Discount Coupons & Loyalty Programs
2284,Erin Duke,morenoelizabeth@brown-wu.com,Loafers,3,2643,7929,2024-09-10,Autumn,3,208,2643.0,0,Low-Value Frequent Buyers,Discount Coupons & Loyalty Programs
2285,Kevin Mayer,barbaracarter@hotmail.com,Jeans,1,1926,1926,2024-04-20,Spring,2,351,1926.0,0,Low-Value Frequent Buyers,Discount Coupons & Loyalty Programs
2286,Angela Frazier,aprilpierce@salazar.com,Sneakers,2,619,1238,2023-05-28,Spring,2,679,619.0,2,Lost Customers,Re-engagement Emails & Offers
2287,Melissa Gould,jonathan98@jones.com,Scarf,1,1980,1980,2023-02-05,Winter,1,791,1980.0,2,Lost Customers,Re-engagement Emails & Offers
2288,Emily Mills,susanjames@howard.com,Sunglasses,5,4649,23245,2024-06-27,Summer,0,283,4649.0,1,High-Value Loyal Customers,Exclusive Membership & VIP Rewards
2289,Brian Foster,brett68@yahoo.com,Raincoat,1,3773,3773,2024-08-28,Monsoon,4,221,3773.0,1,High-Value Loyal Customers,Exclusive Membership & VIP Rewards
2290,Jennifer Atkinson,lynchkyle@gmail.com,Sandals,2,4929,9858,2023-06-13,Summer,0,663,4929.0,3,Seasonal Buyers,Seasonal Promotions & Personalized Offers
2291,Jordan Thornton,aaron62@mckenzie-lucas.com,Raincoat,1,1582,1582,2024-06-07,Monsoon,4,303,1582.0,0,Low-Value Frequent Buyers,Discount Coupons & Loyalty Programs
2292,David Orr,ejohnson@valdez.com,Sneakers,3,3904,11712,2025-05-28,Spring,2,-52,3904.0,1,High-Value Loyal Customers,Exclusive Membership & VIP Rewards
2293,James Davis,amandahill@hotmail.com,Umbrella,3,1958,5874,2025-07-15,Monsoon,4,-100,1958.0,0,Low-Value Frequent Buyers,Discount Coupons & Loyalty Programs
2294,Francisco Jones,eric07@yahoo.com,Raincoat,2,4449,8898,2023-06-18,Monsoon,4,658,4449.0,3,Seasonal Buyers,Seasonal Promotions & Personalized Offers
2295,Robert Thomas,sarahdavenport@barry-wilson.net,Raincoat,1,2894,2894,2024-07-25,Monsoon,4,255,2894.0,1,High-Value Loyal Customers,Exclusive Membership & VIP Rewards
2296,Matthew Turner,warneranna@hotmail.com,Waterproof Shoes,2,4836,9672,2023-09-27,Monsoon,4,557,4836.0,3,Seasonal Buyers,Seasonal Promotions & Personalized Offers
2297,Tiffany Jackson,paulmartinez@gmail.com,Boots,1,1648,1648,2023-02-10,Winter,1,786,1648.0,2,Lost Customers,Re-engagement Emails & Offers
2298,Nicholas Sharp,eporter@nichols-tucker.com,Raincoat,2,1178,2356,2023-06-06,Monsoon,4,670,1178.0,2,Lost Customers,Re-engagement Emails & Offers
2299,Tammy Rodriguez,christian53@roberts-wiggins.net,Sandals,1,3574,3574,2023-07-22,Summer,0,624,3574.0,3,Seasonal Buyers,Seasonal Promotions & Personalized Offers
2300,Allen Walker,jeffrey93@cook-davis.net,Cardigan,2,3682,7364,2024-09-01,Autumn,3,217,3682.0,1,High-Value Loyal Customers,Exclusive Membership & VIP Rewards
2301,Robert Grant,hobrien@cabrera-weber.com,Tank Top,3,2088,6264,2024-07-26,Summer,0,254,2088.0,0,Low-Value Frequent Buyers,Discount Coupons & Loyalty Programs
2302,Justin Dunn,powelljacqueline@morales.org,Sandals,2,4671,9342,2024-08-24,Summer,0,225,4671.0,1,High-Value Loyal Customers,Exclusive Membership & VIP Rewards
2303,Nicole Ross,leslie90@hotmail.com,Scarf,4,1530,6120,2023-01-24,Winter,1,803,1530.0,2,Lost Customers,Re-engagement Emails & Offers
2304,Ryan Jones,djohnson@hotmail.com,Tank Top,5,1708,8540,2024-08-19,Summer,0,230,1708.0,0,Low-Value Frequent Buyers,Discount Coupons & Loyalty Programs
2305,Angela Wilson,kellerkatie@hotmail.com,Blazer,5,2718,13590,2024-09-04,Autumn,3,214,2718.0,0,Low-Value Frequent Buyers,Discount Coupons & Loyalty Programs
2306,Pedro Moore,wmaddox@gmail.com,Cardigan,1,4761,4761,2023-11-20,Autumn,3,503,4761.0,3,Seasonal Buyers,Seasonal Promotions & Personalized Offers
2307,Patricia Howell,jenna93@allen.net,Waterproof Shoes,4,3251,13004,2023-08-28,Monsoon,4,587,3251.0,3,Seasonal Buyers,Seasonal Promotions & Personalized Offers
2308,Robert Jackson,reneemartinez@yahoo.com,Umbrella,2,4586,9172,2023-08-02,Monsoon,4,613,4586.0,3,Seasonal Buyers,Seasonal Promotions & Personalized Offers
2309,Kristina Wright,sheltonwanda@yahoo.com,Sandals,1,4286,4286,2024-07-25,Summer,0,255,4286.0,1,High-Value Loyal Customers,Exclusive Membership & VIP Rewards
2310,Donald Harvey,hansonjoseph@yahoo.com,Blazer,5,3046,15230,2024-09-03,Autumn,3,215,3046.0,1,High-Value Loyal Customers,Exclusive Membership & VIP Rewards
2311,John Clarke,mmoses@todd.biz,Cardigan,3,778,2334,2024-10-13,Autumn,3,175,778.0,0,Low-Value Frequent Buyers,Discount Coupons & Loyalty Programs
2312,Austin Cruz,sharper@davis-herrera.biz,Sunglasses,1,4394,4394,2023-06-07,Summer,0,669,4394.0,3,Seasonal Buyers,Seasonal Promotions & Personalized Offers
2313,Michelle Roberts,jeffreyluna@gmail.com,Scarf,5,2085,10425,2023-01-27,Winter,1,800,2085.0,2,Lost Customers,Re-engagement Emails & Offers
2314,Casey Cruz,paulwarren@hotmail.com,Full-Sleeve Shirt,2,1900,3800,2023-10-28,Autumn,3,526,1900.0,2,Lost Customers,Re-engagement Emails & Offers
2315,Mr. Benjamin Perez,lauraanderson@thomas-sutton.net,Jacket,5,3331,16655,2023-12-11,Winter,1,482,3331.0,3,Seasonal Buyers,Seasonal Promotions & Personalized Offers
2316,Melanie Hayes,fischerrobyn@hoffman.net,Jeans,4,1935,7740,2024-04-16,Spring,2,355,1935.0,0,Low-Value Frequent Buyers,Discount Coupons & Loyalty Programs
2317,Jeremy Fernandez,wburns@gmail.com,Sweater,1,3008,3008,2023-01-11,Winter,1,816,3008.0,3,Seasonal Buyers,Seasonal Promotions & Personalized Offers
2318,Joseph Garcia,dramos@taylor.com,Sweater,3,1404,4212,2024-01-13,Winter,1,449,1404.0,2,Lost Customers,Re-engagement Emails & Offers
2319,Sarah Davidson,cwilson@hotmail.com,Sandals,4,4531,18124,2024-06-28,Summer,0,282,4531.0,1,High-Value Loyal Customers,Exclusive Membership & VIP Rewards
2320,Tracey Smith,jaredward@harrell.net,Tank Top,2,3170,6340,2024-06-15,Summer,0,295,3170.0,1,High-Value Loyal Customers,Exclusive Membership & VIP Rewards
2321,Scott Martinez,delgadolinda@gmail.com,Waterproof Shoes,4,2961,11844,2024-06-06,Monsoon,4,304,2961.0,1,High-Value Loyal Customers,Exclusive Membership & VIP Rewards
2322,Jacob Cummings,medinabryan@hotmail.com,Shorts,1,4988,4988,2023-08-25,Summer,0,590,4988.0,3,Seasonal Buyers,Seasonal Promotions & Personalized Offers
2323,Alexa Ferguson,hperry@yahoo.com,Raincoat,4,4122,16488,2024-06-11,Monsoon,4,299,4122.0,1,High-Value Loyal Customers,Exclusive Membership & VIP Rewards
2324,Zachary Winters,michaelharris@gmail.com,Shorts,5,560,2800,2024-06-24,Summer,0,286,560.0,0,Low-Value Frequent Buyers,Discount Coupons & Loyalty Programs
2325,Sylvia Wheeler,brianhenderson@yahoo.com,Shorts,3,3010,9030,2024-06-23,Summer,0,287,3010.0,1,High-Value Loyal Customers,Exclusive Membership & VIP Rewards
2326,David Lindsey,nicoleandrade@juarez.info,Sunglasses,4,1259,5036,2023-06-23,Summer,0,653,1259.0,2,Lost Customers,Re-engagement Emails & Offers
2327,Christine Flynn,jason61@williamson-clark.com,Sandals,3,2210,6630,2023-07-09,Summer,0,637,2210.0,2,Lost Customers,Re-engagement Emails & Offers
2328,William Martinez,rwilkerson@silva.com,Umbrella,2,655,1310,2024-09-23,Monsoon,4,195,655.0,0,Low-Value Frequent Buyers,Discount Coupons & Loyalty Programs
2329,Kyle Carpenter,brittany48@yahoo.com,T-Shirt,2,1730,3460,2023-05-01,Spring,2,706,1730.0,2,Lost Customers,Re-engagement Emails & Offers
2330,Marcus Alvarez,joshualopez@kelley.net,Shorts,2,2900,5800,2024-08-26,Summer,0,223,2900.0,1,High-Value Loyal Customers,Exclusive Membership & VIP Rewards
2331,Connie Rose,kenneth11@hotmail.com,Jeans,2,760,1520,2023-04-14,Spring,2,723,760.0,2,Lost Customers,Re-engagement Emails & Offers
2332,Peggy Dudley,ncervantes@yahoo.com,Sandals,1,4709,4709,2024-06-11,Summer,0,299,4709.0,1,High-Value Loyal Customers,Exclusive Membership & VIP Rewards
2333,Christina Russo,kennethrodriguez@hayes.com,Raincoat,5,638,3190,2023-08-07,Monsoon,4,608,638.0,2,Lost Customers,Re-engagement Emails & Offers
2334,Gabrielle Mcdonald,claire49@hotmail.com,Raincoat,3,1672,5016,2024-07-24,Monsoon,4,256,1672.0,0,Low-Value Frequent Buyers,Discount Coupons & Loyalty Programs
2335,Kent Fleming,ybowers@gmail.com,Raincoat,5,2796,13980,2024-09-14,Monsoon,4,204,2796.0,1,High-Value Loyal Customers,Exclusive Membership & VIP Rewards
2336,Shawn Barton MD,colemark@hotmail.com,Sweater,5,3716,18580,2023-01-21,Winter,1,806,3716.0,3,Seasonal Buyers,Seasonal Promotions & Personalized Offers
2337,Jeremy Ritter,sherryaguilar@gmail.com,Sweater,4,1389,5556,2025-12-28,Winter,1,-266,1389.0,0,Low-Value Frequent Buyers,Discount Coupons & Loyalty Programs
2338,Carol Dickerson,donna41@hotmail.com,Jeans,4,1164,4656,2023-03-28,Spring,2,740,1164.0,2,Lost Customers,Re-engagement Emails & Offers
2339,Sabrina Suarez,anthony88@hotmail.com,Cardigan,5,3672,18360,2023-09-27,Autumn,3,557,3672.0,3,Seasonal Buyers,Seasonal Promotions & Personalized Offers
2340,Sherri Owens,timothy09@dalton.com,T-Shirt,2,646,1292,2024-05-02,Spring,2,339,646.0,0,Low-Value Frequent Buyers,Discount Coupons & Loyalty Programs
2341,Sydney Reyes,alan02@gmail.com,Loafers,2,2412,4824,2023-10-28,Autumn,3,526,2412.0,2,Lost Customers,Re-engagement Emails & Offers
2342,Thomas Williams,usimmons@johnson-cruz.com,T-Shirt,5,3399,16995,2024-04-05,Spring,2,366,3399.0,1,High-Value Loyal Customers,Exclusive Membership & VIP Rewards
2343,Barbara Hardy,garciamichael@hotmail.com,Jeans,2,962,1924,2025-04-01,Spring,2,5,962.0,0,Low-Value Frequent Buyers,Discount Coupons & Loyalty Programs
2344,Cheryl Powell,brianwalter@hotmail.com,Raincoat,1,3365,3365,2024-08-07,Monsoon,4,242,3365.0,1,High-Value Loyal Customers,Exclusive Membership & VIP Rewards
2345,Kyle Moses,kwiggins@yahoo.com,Jeans,1,2024,2024,2024-04-20,Spring,2,351,2024.0,0,Low-Value Frequent Buyers,Discount Coupons & Loyalty Programs
2346,James Humphrey,jburke@horton.org,Boots,1,3925,3925,2024-01-28,Winter,1,434,3925.0,3,Seasonal Buyers,Seasonal Promotions & Personalized Offers
2347,Michael Graham,kramerzachary@hayes.com,Jacket,4,1055,4220,2023-02-25,Winter,1,771,1055.0,2,Lost Customers,Re-engagement Emails & Offers
2348,Vanessa Jones,lisafox@yahoo.com,Raincoat,1,3652,3652,2023-06-19,Monsoon,4,657,3652.0,3,Seasonal Buyers,Seasonal Promotions & Personalized Offers
2349,Roy Munoz,johnnorris@newman.org,Cardigan,4,3484,13936,2024-11-02,Autumn,3,155,3484.0,1,High-Value Loyal Customers,Exclusive Membership & VIP Rewards
2350,Zachary Smith,pfox@gmail.com,Umbrella,4,1670,6680,2023-06-19,Monsoon,4,657,1670.0,2,Lost Customers,Re-engagement Emails & Offers
2351,Christina Burnett,bharvey@mcclain.biz,Loafers,1,2595,2595,2023-10-11,Autumn,3,543,2595.0,2,Lost Customers,Re-engagement Emails & Offers
2352,Matthew Cooke,nroman@brooks.info,Jeans,5,4722,23610,2024-05-08,Spring,2,333,4722.0,1,High-Value Loyal Customers,Exclusive Membership & VIP Rewards
2353,Hannah Wright,rebecca28@gentry.com,Shorts,4,4404,17616,2023-08-19,Summer,0,596,4404.0,3,Seasonal Buyers,Seasonal Promotions & Personalized Offers
2354,Samuel Francis,markmerritt@yahoo.com,Shorts,5,1171,5855,2023-08-21,Summer,0,594,1171.0,2,Lost Customers,Re-engagement Emails & Offers
2355,Stephanie Sims,ymarquez@costa-little.com,Sneakers,1,2244,2244,2024-05-17,Spring,2,324,2244.0,0,Low-Value Frequent Buyers,Discount Coupons & Loyalty Programs
2356,Autumn Ewing,ncopeland@hotmail.com,Blazer,5,1498,7490,2024-10-14,Autumn,3,174,1498.0,0,Low-Value Frequent Buyers,Discount Coupons & Loyalty Programs
2357,Dana Thomas,ywilson@lane.info,Full-Sleeve Shirt,4,3393,13572,2024-10-26,Autumn,3,162,3393.0,1,High-Value Loyal Customers,Exclusive Membership & VIP Rewards
2358,Aaron Smith,derrickbeasley@diaz-ray.net,Jeans,5,2547,12735,2023-05-26,Spring,2,681,2547.0,2,Lost Customers,Re-engagement Emails & Offers
2359,Valerie Dalton DVM,xhall@wolf-bates.com,Umbrella,5,4709,23545,2024-06-11,Monsoon,4,299,4709.0,1,High-Value Loyal Customers,Exclusive Membership & VIP Rewards
2360,Gabriella Baird,ywolf@allen.com,Loafers,5,3076,15380,2023-09-01,Autumn,3,583,3076.0,3,Seasonal Buyers,Seasonal Promotions & Personalized Offers
2361,Russell Hughes,millerjesse@hotmail.com,Raincoat,5,525,2625,2025-07-26,Monsoon,4,-111,525.0,0,Low-Value Frequent Buyers,Discount Coupons & Loyalty Programs
2362,Amanda Brown,rbeck@hotmail.com,Waterproof Shoes,3,3407,10221,2024-09-01,Monsoon,4,217,3407.0,1,High-Value Loyal Customers,Exclusive Membership & VIP Rewards
2363,Michael Spencer,austinbrowning@yahoo.com,Jeans,1,2161,2161,2024-03-19,Spring,2,383,2161.0,0,Low-Value Frequent Buyers,Discount Coupons & Loyalty Programs
2364,Kendra Boyd,howardjeremiah@gmail.com,Umbrella,2,1107,2214,2023-07-06,Monsoon,4,640,1107.0,2,Lost Customers,Re-engagement Emails & Offers
2365,Matthew Johnson,dlane@strong.com,Scarf,3,1093,3279,2024-01-11,Winter,1,451,1093.0,2,Lost Customers,Re-engagement Emails & Offers
2366,Kevin Mack,rorr@gmail.com,Jacket,4,4191,16764,2023-12-17,Winter,1,476,4191.0,3,Seasonal Buyers,Seasonal Promotions & Personalized Offers
2367,Danielle Williams,smithalexander@wallace-conrad.org,Scarf,5,2702,13510,2023-01-17,Winter,1,810,2702.0,2,Lost Customers,Re-engagement Emails & Offers
2368,Sarah Rodriguez,melvin30@yahoo.com,Tank Top,3,913,2739,2024-08-05,Summer,0,244,913.0,0,Low-Value Frequent Buyers,Discount Coupons & Loyalty Programs
2369,Kayla Martin,peter47@anderson-harris.com,Light Jacket,2,2855,5710,2024-03-22,Spring,2,380,2855.0,1,High-Value Loyal Customers,Exclusive Membership & VIP Rewards
2370,Bobby Scott,audrey62@west-copeland.biz,Sandals,4,2197,8788,2024-07-01,Summer,0,279,2197.0,0,Low-Value Frequent Buyers,Discount Coupons & Loyalty Programs
2371,Kayla Thornton,andrehess@gmail.com,Raincoat,5,3607,18035,2024-07-06,Monsoon,4,274,3607.0,1,High-Value Loyal Customers,Exclusive Membership & VIP Rewards
2372,Tracy Miller,tranjeffrey@gmail.com,Sunglasses,3,2764,8292,2024-08-16,Summer,0,233,2764.0,1,High-Value Loyal Customers,Exclusive Membership & VIP Rewards
2373,Miranda Smith,chandlerbrittany@hotmail.com,Full-Sleeve Shirt,4,1995,7980,2023-11-17,Autumn,3,506,1995.0,2,Lost Customers,Re-engagement Emails & Offers
2374,Scott Rangel,thompsonkurt@abbott.com,Boots,1,1378,1378,2025-12-28,Winter,1,-266,1378.0,0,Low-Value Frequent Buyers,Discount Coupons & Loyalty Programs
2375,Michael Browning,tuckerrobert@costa-haynes.biz,Raincoat,2,2334,4668,2024-08-14,Monsoon,4,235,2334.0,0,Low-Value Frequent Buyers,Discount Coupons & Loyalty Programs
2376,Terry Miller,shelby82@pham.com,Jacket,5,1460,7300,2024-01-15,Winter,1,447,1460.0,2,Lost Customers,Re-engagement Emails & Offers
2377,Scott Brown,rjenkins@yahoo.com,Waterproof Shoes,3,1330,3990,2024-08-28,Monsoon,4,221,1330.0,0,Low-Value Frequent Buyers,Discount Coupons & Loyalty Programs
2378,Samantha Morris,jenniferwatkins@humphrey.com,Full-Sleeve Shirt,2,2119,4238,2024-09-06,Autumn,3,212,2119.0,0,Low-Value Frequent Buyers,Discount Coupons & Loyalty Programs
2379,Brittany Fry,smorrow@edwards.com,Waterproof Shoes,4,4469,17876,2025-09-24,Monsoon,4,-171,4469.0,1,High-Value Loyal Customers,Exclusive Membership & VIP Rewards
2380,William Davila,ggibson@dominguez-castillo.net,Cardigan,4,1026,4104,2023-11-14,Autumn,3,509,1026.0,2,Lost Customers,Re-engagement Emails & Offers
2381,Amber Holland,daniel80@hotmail.com,Loafers,1,4358,4358,2023-10-05,Autumn,3,549,4358.0,3,Seasonal Buyers,Seasonal Promotions & Personalized Offers
2382,Alexander Pineda,brian65@gmail.com,Blazer,3,2452,7356,2024-11-24,Autumn,3,133,2452.0,0,Low-Value Frequent Buyers,Discount Coupons & Loyalty Programs
2383,Christopher Murillo,georgemorgan@gmail.com,Umbrella,1,4318,4318,2024-06-10,Monsoon,4,300,4318.0,1,High-Value Loyal Customers,Exclusive Membership & VIP Rewards
2384,Erik Baxter,amanda19@coffey.biz,Blazer,3,1299,3897,2024-09-24,Autumn,3,194,1299.0,0,Low-Value Frequent Buyers,Discount Coupons & Loyalty Programs
2385,Steve Hall,jeffrey88@gmail.com,Jeans,5,1580,7900,2024-05-14,Spring,2,327,1580.0,0,Low-Value Frequent Buyers,Discount Coupons & Loyalty Programs
2386,Cynthia Green,ashley48@hotmail.com,Sandals,2,1953,3906,2023-08-22,Summer,0,593,1953.0,2,Lost Customers,Re-engagement Emails & Offers
2387,Sean Delgado,landryandrew@gmail.com,Raincoat,4,3891,15564,2023-08-25,Monsoon,4,590,3891.0,3,Seasonal Buyers,Seasonal Promotions & Personalized Offers
2388,Kyle Perry,susan55@yahoo.com,Umbrella,4,2954,11816,2023-06-28,Monsoon,4,648,2954.0,3,Seasonal Buyers,Seasonal Promotions & Personalized Offers
2389,Edward Cruz,moorejennifer@hotmail.com,Loafers,5,1256,6280,2023-09-19,Autumn,3,565,1256.0,2,Lost Customers,Re-engagement Emails & Offers
2390,Anthony Vasquez,marc61@gmail.com,Full-Sleeve Shirt,5,3204,16020,2024-09-12,Autumn,3,206,3204.0,1,High-Value Loyal Customers,Exclusive Membership & VIP Rewards
2391,Lauren Harrell,kristina87@medina.com,Sandals,4,3632,14528,2023-08-28,Summer,0,587,3632.0,3,Seasonal Buyers,Seasonal Promotions & Personalized Offers
2392,Raymond Blake MD,jillleon@gmail.com,Sneakers,2,3241,6482,2024-05-19,Spring,2,322,3241.0,1,High-Value Loyal Customers,Exclusive Membership & VIP Rewards
2393,Bryan Turner,rgarcia@salinas-henderson.com,Sweater,5,1091,5455,2025-12-24,Winter,1,-262,1091.0,0,Low-Value Frequent Buyers,Discount Coupons & Loyalty Programs
2394,Emily Irwin,frich@yahoo.com,Sandals,3,4647,13941,2023-07-23,Summer,0,623,4647.0,3,Seasonal Buyers,Seasonal Promotions & Personalized Offers
2395,Maxwell Franklin,lauracampbell@landry-bryan.com,Sneakers,1,4252,4252,2024-04-16,Spring,2,355,4252.0,1,High-Value Loyal Customers,Exclusive Membership & VIP Rewards
2396,James Sandoval,moniquesmith@griffin.com,Sneakers,2,3475,6950,2023-04-22,Spring,2,715,3475.0,3,Seasonal Buyers,Seasonal Promotions & Personalized Offers
2397,Joseph Ramirez,glopez@gonzalez-townsend.com,Light Jacket,1,1784,1784,2023-04-13,Spring,2,724,1784.0,2,Lost Customers,Re-engagement Emails & Offers
2398,Christopher Richardson,darrell37@fischer.com,Sandals,3,4110,12330,2024-07-21,Summer,0,259,4110.0,1,High-Value Loyal Customers,Exclusive Membership & VIP Rewards
2399,Melissa Rogers,martinezsusan@webb-morgan.info,Sunglasses,4,1903,7612,2025-06-08,Summer,0,-63,1903.0,0,Low-Value Frequent Buyers,Discount Coupons & Loyalty Programs
2400,Mitchell Hobbs,kberry@hotmail.com,Blazer,1,2831,2831,2024-10-03,Autumn,3,185,2831.0,1,High-Value Loyal Customers,Exclusive Membership & VIP Rewards
2401,Leslie Serrano,zsilva@yahoo.com,Waterproof Shoes,4,4212,16848,2023-07-16,Monsoon,4,630,4212.0,3,Seasonal Buyers,Seasonal Promotions & Personalized Offers
2402,Debra Wilkins,matthewwhite@yahoo.com,Sweater,1,3356,3356,2023-12-08,Winter,1,485,3356.0,3,Seasonal Buyers,Seasonal Promotions & Personalized Offers
2403,Lori Kramer,tclark@gmail.com,Light Jacket,4,3307,13228,2024-03-04,Spring,2,398,3307.0,1,High-Value Loyal Customers,Exclusive Membership & VIP Rewards
2404,Joshua Austin,jonathonharper@gonzales-graham.com,Scarf,5,2503,12515,2023-12-06,Winter,1,487,2503.0,2,Lost Customers,Re-engagement Emails & Offers
2405,Matthew Mendoza,morganwilson@gmail.com,Boots,3,822,2466,2024-01-06,Winter,1,456,822.0,2,Lost Customers,Re-engagement Emails & Offers
2406,Charles Davies,donald16@bautista.com,Sneakers,4,1012,4048,2024-05-06,Spring,2,335,1012.0,0,Low-Value Frequent Buyers,Discount Coupons & Loyalty Programs
2407,Claire Munoz,fbaker@kim.com,Jacket,1,1023,1023,2023-12-28,Winter,1,465,1023.0,2,Lost Customers,Re-engagement Emails & Offers
2408,Jeffrey Morales,fcox@hotmail.com,Sweater,2,2415,4830,2023-12-26,Winter,1,467,2415.0,2,Lost Customers,Re-engagement Emails & Offers
2409,Tyler Johnson,wrightian@orozco-brewer.com,Shorts,4,4963,19852,2023-08-10,Summer,0,605,4963.0,3,Seasonal Buyers,Seasonal Promotions & Personalized Offers
2410,Erika Turner,shelly40@hotmail.com,Raincoat,3,3238,9714,2024-08-27,Monsoon,4,222,3238.0,1,High-Value Loyal Customers,Exclusive Membership & VIP Rewards
2411,Michael Turner,jenningschristopher@gmail.com,Sneakers,3,3327,9981,2024-05-15,Spring,2,326,3327.0,1,High-Value Loyal Customers,Exclusive Membership & VIP Rewards
2412,Mark Barr,meghanwright@yahoo.com,Waterproof Shoes,2,1128,2256,2024-08-16,Monsoon,4,233,1128.0,0,Low-Value Frequent Buyers,Discount Coupons & Loyalty Programs
2413,Sierra Gomez,pierceralph@gmail.com,Raincoat,5,3859,19295,2024-07-03,Monsoon,4,277,3859.0,1,High-Value Loyal Customers,Exclusive Membership & VIP Rewards
2414,Lisa Newton,vasquezpaul@yahoo.com,Waterproof Shoes,1,4878,4878,2023-06-06,Monsoon,4,670,4878.0,3,Seasonal Buyers,Seasonal Promotions & Personalized Offers
2415,Linda Rice,hbishop@gmail.com,Tank Top,4,813,3252,2024-07-05,Summer,0,275,813.0,0,Low-Value Frequent Buyers,Discount Coupons & Loyalty Programs
2416,Mr. Jordan Gonzalez,foxnicholas@duncan-hall.com,Sweater,2,2775,5550,2024-02-24,Winter,1,407,2775.0,1,High-Value Loyal Customers,Exclusive Membership & VIP Rewards
2417,William Kelley,samuel11@terry.net,Sweater,3,3106,9318,2024-01-01,Winter,1,461,3106.0,3,Seasonal Buyers,Seasonal Promotions & Personalized Offers
2418,Jerry Williams,johnsonsharon@hotmail.com,Sunglasses,1,1581,1581,2023-06-25,Summer,0,651,1581.0,2,Lost Customers,Re-engagement Emails & Offers
2419,Victoria Kelly,sophiashea@yahoo.com,Raincoat,3,1257,3771,2024-09-03,Monsoon,4,215,1257.0,0,Low-Value Frequent Buyers,Discount Coupons & Loyalty Programs
2420,Thomas Robinson,jonathanellison@porter-wiley.com,Sunglasses,1,1444,1444,2024-06-09,Summer,0,301,1444.0,0,Low-Value Frequent Buyers,Discount Coupons & Loyalty Programs
2421,Eric Moore,philip78@gmail.com,Umbrella,2,3897,7794,2023-06-19,Monsoon,4,657,3897.0,3,Seasonal Buyers,Seasonal Promotions & Personalized Offers
2422,Gina Hayden,tamara88@barber.org,Scarf,5,3896,19480,2025-12-27,Winter,1,-265,3896.0,1,High-Value Loyal Customers,Exclusive Membership & VIP Rewards
2423,Julie Owen,htate@gmail.com,Loafers,3,1376,4128,2024-10-15,Autumn,3,173,1376.0,0,Low-Value Frequent Buyers,Discount Coupons & Loyalty Programs
2424,Amanda Garcia,justinhammond@williams.com,T-Shirt,1,4106,4106,2024-04-28,Spring,2,343,4106.0,1,High-Value Loyal Customers,Exclusive Membership & VIP Rewards
2425,Scott Crawford,james52@thomas-boyd.org,Umbrella,2,3282,6564,2023-08-16,Monsoon,4,599,3282.0,3,Seasonal Buyers,Seasonal Promotions & Personalized Offers
2426,Jacob Harris,eclark@yahoo.com,Loafers,4,1864,7456,2024-10-26,Autumn,3,162,1864.0,0,Low-Value Frequent Buyers,Discount Coupons & Loyalty Programs
2427,Kyle Dyer,phillip97@yahoo.com,Sneakers,5,3744,18720,2023-05-15,Spring,2,692,3744.0,3,Seasonal Buyers,Seasonal Promotions & Personalized Offers
2428,Chelsea Martinez,gonzalezcody@williams.com,Blazer,4,2372,9488,2023-09-17,Autumn,3,567,2372.0,2,Lost Customers,Re-engagement Emails & Offers
2429,Christopher Stein,richard66@rogers-lucas.org,Tank Top,1,4179,4179,2023-07-03,Summer,0,643,4179.0,3,Seasonal Buyers,Seasonal Promotions & Personalized Offers
2430,Elizabeth Robertson,gina65@yahoo.com,Tank Top,3,3817,11451,2023-06-15,Summer,0,661,3817.0,3,Seasonal Buyers,Seasonal Promotions & Personalized Offers
2431,Brandon Osborne,tracygray@yahoo.com,Sandals,4,4043,16172,2023-07-05,Summer,0,641,4043.0,3,Seasonal Buyers,Seasonal Promotions & Personalized Offers
2432,Robin Lynch,anthonybrown@gmail.com,Sneakers,5,4849,24245,2023-05-20,Spring,2,687,4849.0,3,Seasonal Buyers,Seasonal Promotions & Personalized Offers
2433,Annette Braun,blairlauren@hotmail.com,Jacket,1,813,813,2024-12-24,Winter,1,103,813.0,0,Low-Value Frequent Buyers,Discount Coupons & Loyalty Programs
2434,Angela Holloway,dustinlewis@pope.biz,Jeans,5,4337,21685,2024-03-25,Spring,2,377,4337.0,1,High-Value Loyal Customers,Exclusive Membership & VIP Rewards
2435,Jesse Edwards,ryanwest@yahoo.com,Sandals,3,4166,12498,2024-08-18,Summer,0,231,4166.0,1,High-Value Loyal Customers,Exclusive Membership & VIP Rewards
2436,Michael Hanson,yanderson@yoder-martin.com,Light Jacket,1,4728,4728,2023-03-18,Spring,2,750,4728.0,3,Seasonal Buyers,Seasonal Promotions & Personalized Offers
2437,Shelley Henry,pamela23@hotmail.com,Shorts,1,3784,3784,2024-07-08,Summer,0,272,3784.0,1,High-Value Loyal Customers,Exclusive Membership & VIP Rewards
2438,Richard Velez,brian23@gmail.com,Raincoat,1,2597,2597,2023-09-13,Monsoon,4,571,2597.0,2,Lost Customers,Re-engagement Emails & Offers
2439,Dawn Ray,elizabethsimpson@yahoo.com,Loafers,1,3683,3683,2023-09-28,Autumn,3,556,3683.0,3,Seasonal Buyers,Seasonal Promotions & Personalized Offers
2440,Brooke Dalton,popeanita@sutton.org,Blazer,3,2456,7368,2024-10-19,Autumn,3,169,2456.0,0,Low-Value Frequent Buyers,Discount Coupons & Loyalty Programs
2441,Mark Montgomery,lowedanielle@brown.com,Raincoat,4,1202,4808,2024-07-27,Monsoon,4,253,1202.0,0,Low-Value Frequent Buyers,Discount Coupons & Loyalty Programs
2442,Sarah Ellis,hilljoshua@mclaughlin.com,Shorts,1,639,639,2024-07-20,Summer,0,260,639.0,0,Low-Value Frequent Buyers,Discount Coupons & Loyalty Programs
2443,Kelli Martin,mariemiddleton@gmail.com,Sandals,4,696,2784,2024-08-20,Summer,0,229,696.0,0,Low-Value Frequent Buyers,Discount Coupons & Loyalty Programs
2444,Megan Owens,hilljenna@yahoo.com,Loafers,5,1430,7150,2025-09-25,Autumn,3,-172,1430.0,0,Low-Value Frequent Buyers,Discount Coupons & Loyalty Programs
2445,Brooke Wilson,rmullins@weber.com,Jacket,1,3440,3440,2025-12-01,Winter,1,-239,3440.0,1,High-Value Loyal Customers,Exclusive Membership & VIP Rewards
2446,Julie Morris,brandon82@collins.info,Tank Top,2,640,1280,2024-07-01,Summer,0,279,640.0,0,Low-Value Frequent Buyers,Discount Coupons & Loyalty Programs
2447,Anna Cole,smithjay@yahoo.com,Raincoat,4,4193,16772,2025-07-12,Monsoon,4,-97,4193.0,1,High-Value Loyal Customers,Exclusive Membership & VIP Rewards
2448,Rachel Green,aaronsawyer@gmail.com,Sunglasses,3,3905,11715,2024-06-14,Summer,0,296,3905.0,1,High-Value Loyal Customers,Exclusive Membership & VIP Rewards
2449,Joyce Wilkins,ufrey@horn.com,Sneakers,4,4359,17436,2023-04-20,Spring,2,717,4359.0,3,Seasonal Buyers,Seasonal Promotions & Personalized Offers
2450,David King,cmiller@gmail.com,Umbrella,2,567,1134,2023-06-13,Monsoon,4,663,567.0,2,Lost Customers,Re-engagement Emails & Offers
2451,Helen Tanner,matthew94@patton.com,Loafers,1,598,598,2023-10-26,Autumn,3,528,598.0,2,Lost Customers,Re-engagement Emails & Offers
2452,Nicole Martinez,abruce@richard.info,Tank Top,2,3994,7988,2024-07-15,Summer,0,265,3994.0,1,High-Value Loyal Customers,Exclusive Membership & VIP Rewards
2453,Shari Simmons,pamelarobinson@edwards.com,Jacket,1,4545,4545,2025-12-13,Winter,1,-251,4545.0,1,High-Value Loyal Customers,Exclusive Membership & VIP Rewards
2454,Nathaniel Brown,curtis04@hotmail.com,Jeans,1,2360,2360,2023-04-11,Spring,2,726,2360.0,2,Lost Customers,Re-engagement Emails & Offers
2455,Susan Brown,chavezlydia@hoffman-terry.com,Shorts,2,1776,3552,2025-08-26,Summer,0,-142,1776.0,0,Low-Value Frequent Buyers,Discount Coupons & Loyalty Programs
2456,Bryan Case,daniel62@yahoo.com,Jeans,4,729,2916,2023-05-07,Spring,2,700,729.0,2,Lost Customers,Re-engagement Emails & Offers
2457,Gavin Compton,deniseschmitt@williams.com,Boots,5,2960,14800,2024-12-15,Winter,1,112,2960.0,1,High-Value Loyal Customers,Exclusive Membership & VIP Rewards
2458,Martin Jones,tharrison@martinez.com,Raincoat,4,1534,6136,2024-08-02,Monsoon,4,247,1534.0,0,Low-Value Frequent Buyers,Discount Coupons & Loyalty Programs
2459,Robert Jackson,eflores@grant-weber.info,Jacket,5,1882,9410,2023-02-08,Winter,1,788,1882.0,2,Lost Customers,Re-engagement Emails & Offers
2460,Danielle Evans,browntracy@sims-novak.com,Waterproof Shoes,3,3973,11919,2024-06-24,Monsoon,4,286,3973.0,1,High-Value Loyal Customers,Exclusive Membership & VIP Rewards
2461,Jane Williams,darlene59@benson-nixon.com,Loafers,4,1785,7140,2023-11-05,Autumn,3,518,1785.0,2,Lost Customers,Re-engagement Emails & Offers
2462,Olivia Martinez,donaldvalentine@frazier.info,Boots,1,3774,3774,2024-02-08,Winter,1,423,3774.0,3,Seasonal Buyers,Seasonal Promotions & Personalized Offers
2463,Shirley Tate,webbbreanna@hotmail.com,Light Jacket,3,2651,7953,2023-03-20,Spring,2,748,2651.0,2,Lost Customers,Re-engagement Emails & Offers
2464,William Smith,anthony41@gmail.com,Umbrella,2,632,1264,2023-06-02,Monsoon,4,674,632.0,2,Lost Customers,Re-engagement Emails & Offers
2465,Sandra Hernandez,emilyortiz@yahoo.com,Waterproof Shoes,5,4078,20390,2024-09-11,Monsoon,4,207,4078.0,1,High-Value Loyal Customers,Exclusive Membership & VIP Rewards
2466,Priscilla Daugherty MD,jennifer42@gmail.com,Scarf,3,3726,11178,2023-12-25,Winter,1,468,3726.0,3,Seasonal Buyers,Seasonal Promotions & Personalized Offers
2467,Heather Miller,gouldandrea@torres-adkins.com,Sunglasses,5,4415,22075,2024-07-13,Summer,0,267,4415.0,1,High-Value Loyal Customers,Exclusive Membership & VIP Rewards
2468,Jennifer Gill,cheyenne37@meza.org,Sneakers,2,4690,9380,2024-04-28,Spring,2,343,4690.0,1,High-Value Loyal Customers,Exclusive Membership & VIP Rewards
2469,Angela Wright,dianewatson@yahoo.com,Raincoat,2,4750,9500,2023-08-19,Monsoon,4,596,4750.0,3,Seasonal Buyers,Seasonal Promotions & Personalized Offers
2470,Christopher Gates,christopher36@hotmail.com,Umbrella,3,4857,14571,2024-08-08,Monsoon,4,241,4857.0,1,High-Value Loyal Customers,Exclusive Membership & VIP Rewards
2471,Austin Ramos,malonepaul@walton.com,Raincoat,1,3695,3695,2024-09-19,Monsoon,4,199,3695.0,1,High-Value Loyal Customers,Exclusive Membership & VIP Rewards
2472,Michael Price,brian39@sherman.net,T-Shirt,1,948,948,2023-03-11,Spring,2,757,948.0,2,Lost Customers,Re-engagement Emails & Offers
2473,Ruth Phillips,barkerallen@hernandez.com,Tank Top,1,1890,1890,2024-07-23,Summer,0,257,1890.0,0,Low-Value Frequent Buyers,Discount Coupons & Loyalty Programs
2474,Michael Monroe,mayomichael@mclaughlin-campbell.com,Sunglasses,3,2286,6858,2023-06-25,Summer,0,651,2286.0,2,Lost Customers,Re-engagement Emails & Offers
2475,Erin Hawkins,amberjohnson@gmail.com,Cardigan,2,2319,4638,2024-11-20,Autumn,3,137,2319.0,0,Low-Value Frequent Buyers,Discount Coupons & Loyalty Programs
2476,Kristen Townsend,james47@yahoo.com,Light Jacket,2,4835,9670,2024-03-02,Spring,2,400,4835.0,1,High-Value Loyal Customers,Exclusive Membership & VIP Rewards
2477,Jessica Jensen,henry83@smith.com,Sweater,4,4910,19640,2025-01-11,Winter,1,85,4910.0,1,High-Value Loyal Customers,Exclusive Membership & VIP Rewards
2478,Sylvia Kramer,kingelizabeth@gmail.com,Raincoat,5,4681,23405,2023-08-16,Monsoon,4,599,4681.0,3,Seasonal Buyers,Seasonal Promotions & Personalized Offers
2479,Beth Sparks,princecarrie@williams.com,Loafers,3,2619,7857,2023-09-06,Autumn,3,578,2619.0,2,Lost Customers,Re-engagement Emails & Offers
2480,Amy Martinez,wsexton@chen.com,Raincoat,3,4299,12897,2024-06-07,Monsoon,4,303,4299.0,1,High-Value Loyal Customers,Exclusive Membership & VIP Rewards
2481,Howard Mueller,jswanson@yahoo.com,Cardigan,1,4479,4479,2024-11-09,Autumn,3,148,4479.0,1,High-Value Loyal Customers,Exclusive Membership & VIP Rewards
2482,Melanie Gilmore,qwatkins@hotmail.com,Sneakers,3,4676,14028,2023-04-14,Spring,2,723,4676.0,3,Seasonal Buyers,Seasonal Promotions & Personalized Offers
2483,Phillip Newton,regina60@perez.com,Raincoat,5,3192,15960,2024-07-02,Monsoon,4,278,3192.0,1,High-Value Loyal Customers,Exclusive Membership & VIP Rewards
2484,Dana Garcia,fcarlson@simpson.com,Blazer,2,4271,8542,2025-11-12,Autumn,3,-220,4271.0,1,High-Value Loyal Customers,Exclusive Membership & VIP Rewards
2485,Peter Cooper,lorianderson@gates.org,Jacket,4,4918,19672,2023-01-28,Winter,1,799,4918.0,3,Seasonal Buyers,Seasonal Promotions & Personalized Offers
2486,Lauren James,ulin@miller.com,Umbrella,3,1945,5835,2023-09-28,Monsoon,4,556,1945.0,2,Lost Customers,Re-engagement Emails & Offers
2487,George Robbins,emilynguyen@gonzales.com,Jeans,4,4190,16760,2023-05-18,Spring,2,689,4190.0,3,Seasonal Buyers,Seasonal Promotions & Personalized Offers
2488,Vanessa Berry,cherylyang@hotmail.com,Blazer,3,3907,11721,2024-09-04,Autumn,3,214,3907.0,1,High-Value Loyal Customers,Exclusive Membership & VIP Rewards
2489,Tina Moran,matthew61@hotmail.com,Cardigan,5,1055,5275,2023-09-28,Autumn,3,556,1055.0,2,Lost Customers,Re-engagement Emails & Offers
2490,Kyle Hammond,boydbreanna@robertson-fuller.com,Umbrella,3,918,2754,2024-06-18,Monsoon,4,292,918.0,0,Low-Value Frequent Buyers,Discount Coupons & Loyalty Programs
2491,Brian Dennis,erik24@hotmail.com,Tank Top,4,3950,15800,2024-08-24,Summer,0,225,3950.0,1,High-Value Loyal Customers,Exclusive Membership & VIP Rewards
2492,Antonio Perry,wesley58@montgomery-bishop.com,Jacket,4,4084,16336,2025-01-08,Winter,1,88,4084.0,1,High-Value Loyal Customers,Exclusive Membership & VIP Rewards
2493,Veronica Yu,iterry@pierce-davis.net,Raincoat,2,4313,8626,2024-09-25,Monsoon,4,193,4313.0,1,High-Value Loyal Customers,Exclusive Membership & VIP Rewards
2494,Christine Robinson,kelly43@evans-rodriguez.info,Sneakers,1,4838,4838,2025-05-19,Spring,2,-43,4838.0,1,High-Value Loyal Customers,Exclusive Membership & VIP Rewards
2495,Tamara Hughes,dodsontiffany@hotmail.com,Sneakers,2,937,1874,2023-03-24,Spring,2,744,937.0,2,Lost Customers,Re-engagement Emails & Offers
2496,Shannon Stewart,edward11@hotmail.com,Tank Top,3,3538,10614,2024-06-04,Summer,0,306,3538.0,1,High-Value Loyal Customers,Exclusive Membership & VIP Rewards
2497,William Brown,lawrencemiguel@collins.com,Sweater,2,1431,2862,2024-12-20,Winter,1,107,1431.0,0,Low-Value Frequent Buyers,Discount Coupons & Loyalty Programs
2498,Erik Gonzales II,johnsonmegan@yahoo.com,Shorts,2,4181,8362,2024-07-14,Summer,0,266,4181.0,1,High-Value Loyal Customers,Exclusive Membership & VIP Rewards
2499,Joshua Clark,nbishop@woods.info,Sandals,2,3187,6374,2023-07-27,Summer,0,619,3187.0,3,Seasonal Buyers,Seasonal Promotions & Personalized Offers
2500,Scott Young,mossmichelle@mendoza-silva.biz,Jeans,3,3562,10686,2024-03-28,Spring,2,374,3562.0,1,High-Value Loyal Customers,Exclusive Membership & VIP Rewards
2501,April Gonzalez,mklein@yahoo.com,Jeans,3,3998,11994,2023-03-24,Spring,2,744,3998.0,3,Seasonal Buyers,Seasonal Promotions & Personalized Offers
2502,Edward Matthews,lritter@yahoo.com,Jeans,5,3635,18175,2023-04-17,Spring,2,720,3635.0,3,Seasonal Buyers,Seasonal Promotions & Personalized Offers
2503,Stacey Sellers,hmcgee@hotmail.com,Cardigan,1,3981,3981,2024-09-28,Autumn,3,190,3981.0,1,High-Value Loyal Customers,Exclusive Membership & VIP Rewards
2504,Anthony Medina,prichardson@nelson.org,Cardigan,4,4750,19000,2024-09-15,Autumn,3,203,4750.0,1,High-Value Loyal Customers,Exclusive Membership & VIP Rewards
2505,Jennifer Maddox,mooremisty@gould.com,Tank Top,3,2736,8208,2024-06-06,Summer,0,304,2736.0,1,High-Value Loyal Customers,Exclusive Membership & VIP Rewards
2506,Michelle Schneider,heather72@yahoo.com,Tank Top,4,4743,18972,2023-08-28,Summer,0,587,4743.0,3,Seasonal Buyers,Seasonal Promotions & Personalized Offers
2507,Joshua Burke,jessica30@stephenson-brooks.info,Sweater,4,1366,5464,2024-02-25,Winter,1,406,1366.0,0,Low-Value Frequent Buyers,Discount Coupons & Loyalty Programs
2508,Kyle Powers,davenportjessica@lucas-jackson.info,Light Jacket,2,4904,9808,2023-03-06,Spring,2,762,4904.0,3,Seasonal Buyers,Seasonal Promotions & Personalized Offers
2509,Robert Brown,mfox@yahoo.com,Jacket,5,3184,15920,2023-12-01,Winter,1,492,3184.0,3,Seasonal Buyers,Seasonal Promotions & Personalized Offers
2510,Andrea Morrison,sarahirwin@gonzales.com,Tank Top,2,3590,7180,2024-07-28,Summer,0,252,3590.0,1,High-Value Loyal Customers,Exclusive Membership & VIP Rewards
2511,Mark Mills,phillip43@hotmail.com,Sandals,5,3655,18275,2023-07-25,Summer,0,621,3655.0,3,Seasonal Buyers,Seasonal Promotions & Personalized Offers
2512,Kimberly Smith,tatethomas@maddox.net,Sunglasses,1,4415,4415,2024-06-01,Summer,0,309,4415.0,1,High-Value Loyal Customers,Exclusive Membership & VIP Rewards
2513,Rebecca Hicks,brianmartin@hotmail.com,Jeans,5,3337,16685,2024-03-20,Spring,2,382,3337.0,1,High-Value Loyal Customers,Exclusive Membership & VIP Rewards
2514,Melissa Soto,jacqueline82@brown.biz,Sandals,3,1965,5895,2023-06-02,Summer,0,674,1965.0,2,Lost Customers,Re-engagement Emails & Offers
2515,Elizabeth Estes,michelle49@tucker-gray.com,Boots,2,4422,8844,2024-02-27,Winter,1,404,4422.0,1,High-Value Loyal Customers,Exclusive Membership & VIP Rewards
2516,Robert Powell,lwoodard@martinez.biz,Boots,2,3466,6932,2023-01-01,Winter,1,826,3466.0,3,Seasonal Buyers,Seasonal Promotions & Personalized Offers
2517,Roy Mack,alyssafriedman@gomez-burton.com,Loafers,1,3327,3327,2023-11-07,Autumn,3,516,3327.0,3,Seasonal Buyers,Seasonal Promotions & Personalized Offers
2518,Jacob Rodriguez,vmckee@hughes.biz,Sunglasses,3,3966,11898,2023-06-02,Summer,0,674,3966.0,3,Seasonal Buyers,Seasonal Promotions & Personalized Offers
2519,Steven Murillo,dianabauer@molina-houston.info,Sandals,4,3277,13108,2025-06-04,Summer,0,-59,3277.0,1,High-Value Loyal Customers,Exclusive Membership & VIP Rewards
2520,Carlos Barrett,nunezcassandra@munoz.net,Tank Top,4,3589,14356,2024-08-28,Summer,0,221,3589.0,1,High-Value Loyal Customers,Exclusive Membership & VIP Rewards
2521,Anthony Johnson,nicholas00@gmail.com,Sneakers,1,3728,3728,2023-03-28,Spring,2,740,3728.0,3,Seasonal Buyers,Seasonal Promotions & Personalized Offers
2522,Michael Gill,robertvelazquez@gmail.com,Sunglasses,1,2346,2346,2024-06-05,Summer,0,305,2346.0,0,Low-Value Frequent Buyers,Discount Coupons & Loyalty Programs
2523,Heidi Lopez,michael99@miles-gardner.biz,Jeans,3,2739,8217,2023-04-04,Spring,2,733,2739.0,2,Lost Customers,Re-engagement Emails & Offers
2524,Susan Elliott,jackcampbell@moore.com,Umbrella,4,4401,17604,2025-08-07,Monsoon,4,-123,4401.0,1,High-Value Loyal Customers,Exclusive Membership & VIP Rewards
2525,Chelsea Lee,pconley@yahoo.com,Sunglasses,1,2393,2393,2023-06-22,Summer,0,654,2393.0,2,Lost Customers,Re-engagement Emails & Offers
2526,Jo Brown,simmonsbrian@yahoo.com,Jeans,2,3457,6914,2024-05-14,Spring,2,327,3457.0,1,High-Value Loyal Customers,Exclusive Membership & VIP Rewards
2527,Edward Strickland,garzaedward@davila-bell.com,Jeans,3,3314,9942,2023-03-07,Spring,2,761,3314.0,3,Seasonal Buyers,Seasonal Promotions & Personalized Offers
2528,Samuel Lee,kevin60@perez.info,Sandals,5,4833,24165,2023-08-01,Summer,0,614,4833.0,3,Seasonal Buyers,Seasonal Promotions & Personalized Offers
2529,Kimberly Lin,mcdanieljohn@wilcox.com,T-Shirt,1,1782,1782,2023-05-28,Spring,2,679,1782.0,2,Lost Customers,Re-engagement Emails & Offers
2530,Brian Gallagher,sherry45@wright.biz,Sandals,3,2296,6888,2023-06-21,Summer,0,655,2296.0,2,Lost Customers,Re-engagement Emails & Offers
2531,Nicole Lee,ealvarado@hartman.com,Sneakers,1,4555,4555,2024-03-16,Spring,2,386,4555.0,1,High-Value Loyal Customers,Exclusive Membership & VIP Rewards
2532,Cory Anderson,bwilliams@hotmail.com,Waterproof Shoes,3,2872,8616,2024-08-19,Monsoon,4,230,2872.0,1,High-Value Loyal Customers,Exclusive Membership & VIP Rewards
2533,Ronald Thompson,djuarez@yahoo.com,Loafers,1,4852,4852,2024-11-10,Autumn,3,147,4852.0,1,High-Value Loyal Customers,Exclusive Membership & VIP Rewards
2534,Mark Mcguire,jackmccarthy@smith.com,Waterproof Shoes,4,1815,7260,2024-09-26,Monsoon,4,192,1815.0,0,Low-Value Frequent Buyers,Discount Coupons & Loyalty Programs
2535,Willie Lowe DVM,belljames@hotmail.com,Cardigan,5,1704,8520,2023-10-28,Autumn,3,526,1704.0,2,Lost Customers,Re-engagement Emails & Offers
2536,Melanie Ross,rodriguezkara@haynes.org,T-Shirt,3,4088,12264,2024-03-16,Spring,2,386,4088.0,1,High-Value Loyal Customers,Exclusive Membership & VIP Rewards
2537,Nicholas Burns,sjackson@gmail.com,Tank Top,4,2634,10536,2024-06-06,Summer,0,304,2634.0,0,Low-Value Frequent Buyers,Discount Coupons & Loyalty Programs
2538,Anthony Allen,anthonygutierrez@yahoo.com,Light Jacket,5,4636,23180,2024-04-15,Spring,2,356,4636.0,1,High-Value Loyal Customers,Exclusive Membership & VIP Rewards
2539,Debra Arnold,sdouglas@bishop.com,Tank Top,3,742,2226,2023-07-28,Summer,0,618,742.0,2,Lost Customers,Re-engagement Emails & Offers
2540,Joseph Johnson,garnermary@gmail.com,Umbrella,4,2262,9048,2024-09-26,Monsoon,4,192,2262.0,0,Low-Value Frequent Buyers,Discount Coupons & Loyalty Programs
2541,Philip Mann,seanrogers@johnson.net,Tank Top,4,702,2808,2023-07-28,Summer,0,618,702.0,2,Lost Customers,Re-engagement Emails & Offers
2542,Melissa Collins,vcollins@murray.com,Sweater,1,2913,2913,2024-01-14,Winter,1,448,2913.0,3,Seasonal Buyers,Seasonal Promotions & Personalized Offers
2543,Mark Farmer,aaron57@baker.com,Sneakers,4,1838,7352,2023-05-09,Spring,2,698,1838.0,2,Lost Customers,Re-engagement Emails & Offers
2544,Jennifer Stone,rossmichael@simon.com,Loafers,5,552,2760,2023-10-28,Autumn,3,526,552.0,2,Lost Customers,Re-engagement Emails & Offers
2545,Laura Nielsen,matthew15@smith.com,Jeans,4,4389,17556,2023-05-11,Spring,2,696,4389.0,3,Seasonal Buyers,Seasonal Promotions & Personalized Offers
2546,Samuel Lester,sandrasmith@higgins.com,Waterproof Shoes,2,3821,7642,2023-06-28,Monsoon,4,648,3821.0,3,Seasonal Buyers,Seasonal Promotions & Personalized Offers
2547,Karla Robles,brian57@rosales.com,Blazer,1,1756,1756,2025-10-05,Autumn,3,-182,1756.0,0,Low-Value Frequent Buyers,Discount Coupons & Loyalty Programs
2548,Barbara Ruiz,moranrobert@yahoo.com,Boots,3,4462,13386,2023-12-09,Winter,1,484,4462.0,3,Seasonal Buyers,Seasonal Promotions & Personalized Offers
2549,Charles Myers,antonio54@alvarez.biz,Sneakers,1,4295,4295,2023-05-17,Spring,2,690,4295.0,3,Seasonal Buyers,Seasonal Promotions & Personalized Offers
2550,Joseph Weber,drakemike@lindsey.org,Scarf,1,3498,3498,2024-12-09,Winter,1,118,3498.0,1,High-Value Loyal Customers,Exclusive Membership & VIP Rewards
2551,April Jones,karias@mcintyre.com,Raincoat,3,527,1581,2024-07-28,Monsoon,4,252,527.0,0,Low-Value Frequent Buyers,Discount Coupons & Loyalty Programs
2552,Cynthia Diaz,ojohnson@gmail.com,Shorts,5,4827,24135,2024-06-17,Summer,0,293,4827.0,1,High-Value Loyal Customers,Exclusive Membership & VIP Rewards
2553,Wayne Holt,hancockfrank@stewart-harper.com,T-Shirt,3,2720,8160,2023-03-09,Spring,2,759,2720.0,2,Lost Customers,Re-engagement Emails & Offers
2554,Brianna Perez,alexandrawilliams@perry-whitney.com,Waterproof Shoes,1,790,790,2023-07-23,Monsoon,4,623,790.0,2,Lost Customers,Re-engagement Emails & Offers
2555,Dr. Laura Clark,denisesnyder@brown.com,Full-Sleeve Shirt,3,2545,7635,2023-09-17,Autumn,3,567,2545.0,2,Lost Customers,Re-engagement Emails & Offers
2556,Lisa Hampton,crystal78@reyes.net,Sneakers,1,3172,3172,2024-03-01,Spring,2,401,3172.0,1,High-Value Loyal Customers,Exclusive Membership & VIP Rewards
2557,Alan Wilson,wangtanya@gmail.com,Raincoat,5,832,4160,2023-07-14,Monsoon,4,632,832.0,2,Lost Customers,Re-engagement Emails & Offers
2558,Ashley Johnson,zmalone@kennedy-day.biz,Raincoat,4,4569,18276,2023-07-28,Monsoon,4,618,4569.0,3,Seasonal Buyers,Seasonal Promotions & Personalized Offers
2559,Diane Hunter,leah15@brown.com,Sandals,1,2454,2454,2023-07-28,Summer,0,618,2454.0,2,Lost Customers,Re-engagement Emails & Offers
2560,Nicholas Riley,robert65@yahoo.com,Scarf,4,1304,5216,2023-01-17,Winter,1,810,1304.0,2,Lost Customers,Re-engagement Emails & Offers
2561,Curtis Haley,princevicki@gmail.com,Shorts,1,4619,4619,2024-06-20,Summer,0,290,4619.0,1,High-Value Loyal Customers,Exclusive Membership & VIP Rewards
2562,Megan Watson,shodge@yahoo.com,Jeans,1,3236,3236,2023-05-28,Spring,2,679,3236.0,3,Seasonal Buyers,Seasonal Promotions & Personalized Offers
2563,Douglas Simmons,oconnorbrian@hotmail.com,Jacket,2,4022,8044,2023-12-11,Winter,1,482,4022.0,3,Seasonal Buyers,Seasonal Promotions & Personalized Offers
2564,Rebekah Randolph,kimberlycampbell@yahoo.com,Sweater,1,1728,1728,2024-01-16,Winter,1,446,1728.0,2,Lost Customers,Re-engagement Emails & Offers
2565,David Mcguire,petersleslie@gmail.com,Raincoat,4,4642,18568,2024-09-21,Monsoon,4,197,4642.0,1,High-Value Loyal Customers,Exclusive Membership & VIP Rewards
2566,Chelsea Davis,williammorris@phillips.com,Sneakers,1,663,663,2024-04-27,Spring,2,344,663.0,0,Low-Value Frequent Buyers,Discount Coupons & Loyalty Programs
2567,Miss Amanda Stewart,mckayjason@logan.com,Scarf,4,2580,10320,2023-01-19,Winter,1,808,2580.0,2,Lost Customers,Re-engagement Emails & Offers
2568,Julie Bailey,garciashane@yahoo.com,Loafers,2,1098,2196,2023-09-16,Autumn,3,568,1098.0,2,Lost Customers,Re-engagement Emails & Offers
2569,Lindsey Washington,inorman@hood.com,Blazer,3,4126,12378,2025-09-14,Autumn,3,-161,4126.0,1,High-Value Loyal Customers,Exclusive Membership & VIP Rewards
2570,Cristina Larson,gooddenise@hotmail.com,Waterproof Shoes,1,1066,1066,2024-09-20,Monsoon,4,198,1066.0,0,Low-Value Frequent Buyers,Discount Coupons & Loyalty Programs
2571,Mary Cole,evanskenneth@yahoo.com,Sunglasses,1,1933,1933,2024-07-22,Summer,0,258,1933.0,0,Low-Value Frequent Buyers,Discount Coupons & Loyalty Programs
2572,Joshua Garcia,carmenwilliams@fernandez-hayes.com,Sneakers,5,1437,7185,2024-05-06,Spring,2,335,1437.0,0,Low-Value Frequent Buyers,Discount Coupons & Loyalty Programs
2573,Chad Watson,thomaskoch@davis-owens.info,T-Shirt,4,2156,8624,2025-03-14,Spring,2,23,2156.0,0,Low-Value Frequent Buyers,Discount Coupons & Loyalty Programs
2574,Jennifer Park,christina01@lam.com,Cardigan,4,833,3332,2024-10-28,Autumn,3,160,833.0,0,Low-Value Frequent Buyers,Discount Coupons & Loyalty Programs
2575,Teresa Jackson,kennethrobbins@kennedy.biz,Shorts,4,1434,5736,2023-08-08,Summer,0,607,1434.0,2,Lost Customers,Re-engagement Emails & Offers
2576,Laura Hernandez,donald36@valentine.net,Blazer,3,4196,12588,2023-10-16,Autumn,3,538,4196.0,3,Seasonal Buyers,Seasonal Promotions & Personalized Offers
2577,Ryan Williams,gregory43@hotmail.com,Blazer,3,2251,6753,2024-10-20,Autumn,3,168,2251.0,0,Low-Value Frequent Buyers,Discount Coupons & Loyalty Programs
2578,Shannon Kelley,james62@juarez-sims.info,Shorts,5,3152,15760,2023-07-27,Summer,0,619,3152.0,3,Seasonal Buyers,Seasonal Promotions & Personalized Offers
2579,Alejandro Mccoy,stephanie43@howard-smith.com,Umbrella,4,718,2872,2024-07-28,Monsoon,4,252,718.0,0,Low-Value Frequent Buyers,Discount Coupons & Loyalty Programs
2580,John Miller,zwolfe@yahoo.com,Waterproof Shoes,5,4708,23540,2023-09-02,Monsoon,4,582,4708.0,3,Seasonal Buyers,Seasonal Promotions & Personalized Offers
2581,Elijah Barnes,shawna55@gmail.com,Umbrella,2,1551,3102,2024-06-28,Monsoon,4,282,1551.0,0,Low-Value Frequent Buyers,Discount Coupons & Loyalty Programs
2582,Ian Jensen,patrick39@yahoo.com,Boots,2,1829,3658,2024-12-16,Winter,1,111,1829.0,0,Low-Value Frequent Buyers,Discount Coupons & Loyalty Programs
2583,Ashley Gonzalez,kschmidt@snow-knapp.com,Shorts,3,4377,13131,2024-06-22,Summer,0,288,4377.0,1,High-Value Loyal Customers,Exclusive Membership & VIP Rewards
2584,Catherine Johnson,marvin86@hotmail.com,Full-Sleeve Shirt,3,4752,14256,2024-10-25,Autumn,3,163,4752.0,1,High-Value Loyal Customers,Exclusive Membership & VIP Rewards
2585,Marc Maxwell,aaronmeyers@randall-vaughn.org,Jeans,5,3174,15870,2023-03-08,Spring,2,760,3174.0,3,Seasonal Buyers,Seasonal Promotions & Personalized Offers
2586,Brandi Martin,tammy29@jones.com,Sandals,5,3337,16685,2024-07-28,Summer,0,252,3337.0,1,High-Value Loyal Customers,Exclusive Membership & VIP Rewards
2587,Brenda Huffman,shortjill@gmail.com,Jacket,2,1830,3660,2023-01-05,Winter,1,822,1830.0,2,Lost Customers,Re-engagement Emails & Offers
2588,Ronald Odonnell,brandiserrano@gmail.com,Jacket,1,4471,4471,2023-01-23,Winter,1,804,4471.0,3,Seasonal Buyers,Seasonal Promotions & Personalized Offers
2589,Judith Becker,ashleycollins@yahoo.com,Umbrella,3,4389,13167,2024-09-28,Monsoon,4,190,4389.0,1,High-Value Loyal Customers,Exclusive Membership & VIP Rewards
2590,Joseph Wilkins,cshaffer@howard.com,Jeans,1,3621,3621,2024-05-24,Spring,2,317,3621.0,1,High-Value Loyal Customers,Exclusive Membership & VIP Rewards
2591,Roger Holmes,thomas04@smith.com,Waterproof Shoes,2,2494,4988,2023-08-12,Monsoon,4,603,2494.0,2,Lost Customers,Re-engagement Emails & Offers
2592,Nathan Hayes,hgreene@yahoo.com,Jeans,5,1405,7025,2023-05-04,Spring,2,703,1405.0,2,Lost Customers,Re-engagement Emails & Offers
2593,Desiree Price,carol89@yahoo.com,Scarf,4,1199,4796,2024-02-19,Winter,1,412,1199.0,0,Low-Value Frequent Buyers,Discount Coupons & Loyalty Programs
2594,Donald Ward,vanessaschultz@hotmail.com,T-Shirt,5,3873,19365,2023-03-28,Spring,2,740,3873.0,3,Seasonal Buyers,Seasonal Promotions & Personalized Offers
2595,Angela Myers,jason23@hotmail.com,Loafers,2,4740,9480,2023-11-27,Autumn,3,496,4740.0,3,Seasonal Buyers,Seasonal Promotions & Personalized Offers
2596,Brian Peters,bbrown@hotmail.com,T-Shirt,5,3408,17040,2024-04-28,Spring,2,343,3408.0,1,High-Value Loyal Customers,Exclusive Membership & VIP Rewards
2597,Rebecca Ware,jessica91@smith.com,Sunglasses,2,1241,2482,2024-07-17,Summer,0,263,1241.0,0,Low-Value Frequent Buyers,Discount Coupons & Loyalty Programs
2598,Luke Lynn,savannah40@collins.com,Cardigan,3,3583,10749,2023-10-24,Autumn,3,530,3583.0,3,Seasonal Buyers,Seasonal Promotions & Personalized Offers
2599,Susan Jones,denise80@moore.com,Shorts,2,2784,5568,2023-08-03,Summer,0,612,2784.0,2,Lost Customers,Re-engagement Emails & Offers
2600,Frances Marshall,gbass@yahoo.com,Cardigan,5,4635,23175,2024-11-26,Autumn,3,131,4635.0,1,High-Value Loyal Customers,Exclusive Membership & VIP Rewards
2601,Madeline Taylor DDS,pruittdanielle@gmail.com,Boots,5,3792,18960,2023-12-03,Winter,1,490,3792.0,3,Seasonal Buyers,Seasonal Promotions & Personalized Offers
2602,Jennifer Gonzales,christine42@larson.com,Sweater,1,2520,2520,2023-02-23,Winter,1,773,2520.0,2,Lost Customers,Re-engagement Emails & Offers
2603,David Lawson,gmiller@kane.info,Jacket,2,1283,2566,2023-12-14,Winter,1,479,1283.0,2,Lost Customers,Re-engagement Emails & Offers
2604,David Ball,bellmichael@hotmail.com,Tank Top,2,3185,6370,2023-06-12,Summer,0,664,3185.0,3,Seasonal Buyers,Seasonal Promotions & Personalized Offers
2605,William Phelps,jasonjackson@hotmail.com,Sandals,5,1379,6895,2023-08-11,Summer,0,604,1379.0,2,Lost Customers,Re-engagement Emails & Offers
2606,Mr. John Smith,ucallahan@brown-king.org,Blazer,5,1458,7290,2024-11-11,Autumn,3,146,1458.0,0,Low-Value Frequent Buyers,Discount Coupons & Loyalty Programs
2607,Melissa Robertson,zcarr@gmail.com,Sneakers,4,2518,10072,2023-04-03,Spring,2,734,2518.0,2,Lost Customers,Re-engagement Emails & Offers
2608,Charlene Stuart,underwoodjason@gmail.com,Jacket,2,3361,6722,2023-12-13,Winter,1,480,3361.0,3,Seasonal Buyers,Seasonal Promotions & Personalized Offers
2609,Melissa Adams,jerry73@hotmail.com,Umbrella,4,1271,5084,2024-08-23,Monsoon,4,226,1271.0,0,Low-Value Frequent Buyers,Discount Coupons & Loyalty Programs
2610,Bradley Armstrong,sbryant@hotmail.com,Boots,3,585,1755,2023-01-08,Winter,1,819,585.0,2,Lost Customers,Re-engagement Emails & Offers
2611,Gina Johnson,mayermisty@hotmail.com,Sunglasses,1,2851,2851,2023-07-11,Summer,0,635,2851.0,3,Seasonal Buyers,Seasonal Promotions & Personalized Offers
2612,Willie Garcia,marycarroll@gmail.com,Tank Top,4,2782,11128,2023-07-22,Summer,0,624,2782.0,2,Lost Customers,Re-engagement Emails & Offers
2613,Ian Carrillo,tammyrussell@yahoo.com,Shorts,5,538,2690,2024-07-04,Summer,0,276,538.0,0,Low-Value Frequent Buyers,Discount Coupons & Loyalty Programs
2614,Ashley Lloyd,riggsjulie@hayes-jordan.com,Light Jacket,5,4565,22825,2024-03-01,Spring,2,401,4565.0,1,High-Value Loyal Customers,Exclusive Membership & VIP Rewards
2615,Brent Perez,ericamitchell@williams.com,Waterproof Shoes,3,3960,11880,2024-06-28,Monsoon,4,282,3960.0,1,High-Value Loyal Customers,Exclusive Membership & VIP Rewards
2616,Shawn Carter,dalton67@foster-green.org,Sneakers,3,3582,10746,2023-05-28,Spring,2,679,3582.0,3,Seasonal Buyers,Seasonal Promotions & Personalized Offers
2617,Benjamin Vazquez,michael21@yahoo.com,Scarf,5,1803,9015,2023-01-09,Winter,1,818,1803.0,2,Lost Customers,Re-engagement Emails & Offers
2618,Alfred Ferguson,kelleymichael@gregory.org,Tank Top,3,2830,8490,2023-07-09,Summer,0,637,2830.0,3,Seasonal Buyers,Seasonal Promotions & Personalized Offers
2619,Danielle Walker,rroberts@larson.com,Full-Sleeve Shirt,3,1823,5469,2024-09-28,Autumn,3,190,1823.0,0,Low-Value Frequent Buyers,Discount Coupons & Loyalty Programs
2620,Patrick Strickland,millerhector@hotmail.com,Umbrella,2,2199,4398,2023-08-03,Monsoon,4,612,2199.0,2,Lost Customers,Re-engagement Emails & Offers
2621,James Rocha,josephsmith@hotmail.com,Waterproof Shoes,1,1976,1976,2024-08-10,Monsoon,4,239,1976.0,0,Low-Value Frequent Buyers,Discount Coupons & Loyalty Programs
2622,Teresa Johnson DDS,rcruz@morris.org,Sweater,1,3592,3592,2024-12-03,Winter,1,124,3592.0,1,High-Value Loyal Customers,Exclusive Membership & VIP Rewards
2623,Regina Clark DDS,peter60@gmail.com,Umbrella,2,4020,8040,2023-07-05,Monsoon,4,641,4020.0,3,Seasonal Buyers,Seasonal Promotions & Personalized Offers
2624,Stacey Barnes,nicole08@yahoo.com,Boots,2,921,1842,2024-01-02,Winter,1,460,921.0,2,Lost Customers,Re-engagement Emails & Offers
2625,Nicholas Ramirez,muellerkyle@gmail.com,Sandals,4,886,3544,2024-06-28,Summer,0,282,886.0,0,Low-Value Frequent Buyers,Discount Coupons & Loyalty Programs
2626,Ryan Johnson,egonzalez@gmail.com,Sneakers,2,784,1568,2024-03-16,Spring,2,386,784.0,0,Low-Value Frequent Buyers,Discount Coupons & Loyalty Programs
2627,Alexander Taylor,sheila91@cardenas-brown.info,Jacket,4,1865,7460,2023-12-06,Winter,1,487,1865.0,2,Lost Customers,Re-engagement Emails & Offers
2628,Vanessa Long,laura34@yahoo.com,Loafers,5,943,4715,2024-09-26,Autumn,3,192,943.0,0,Low-Value Frequent Buyers,Discount Coupons & Loyalty Programs
2629,Justin Brown,jamesalexander@boyd.com,Sweater,5,4034,20170,2024-12-01,Winter,1,126,4034.0,1,High-Value Loyal Customers,Exclusive Membership & VIP Rewards
2630,James Graham,melanie69@gmail.com,Boots,5,810,4050,2024-02-01,Winter,1,430,810.0,0,Low-Value Frequent Buyers,Discount Coupons & Loyalty Programs
2631,David Rosales,elizabethrodriguez@nguyen.info,Sneakers,4,3034,12136,2024-04-10,Spring,2,361,3034.0,1,High-Value Loyal Customers,Exclusive Membership & VIP Rewards
2632,Todd Martinez,stephen12@long-caldwell.net,Sneakers,5,4629,23145,2023-04-01,Spring,2,736,4629.0,3,Seasonal Buyers,Seasonal Promotions & Personalized Offers
2633,Jacob Mckinney,zjohnson@gmail.com,Light Jacket,3,2449,7347,2024-04-24,Spring,2,347,2449.0,0,Low-Value Frequent Buyers,Discount Coupons & Loyalty Programs
2634,Carolyn Pennington,nhughes@hotmail.com,Waterproof Shoes,5,1684,8420,2024-06-02,Monsoon,4,308,1684.0,0,Low-Value Frequent Buyers,Discount Coupons & Loyalty Programs
2635,Derek Lopez,khawkins@gmail.com,Sweater,3,1515,4545,2023-02-05,Winter,1,791,1515.0,2,Lost Customers,Re-engagement Emails & Offers
2636,Ann Henderson,kimberly60@yahoo.com,Light Jacket,5,4423,22115,2023-04-28,Spring,2,709,4423.0,3,Seasonal Buyers,Seasonal Promotions & Personalized Offers
2637,Heather Mills,aaronsawyer@sharp.com,Tank Top,1,1171,1171,2024-07-28,Summer,0,252,1171.0,0,Low-Value Frequent Buyers,Discount Coupons & Loyalty Programs
2638,Mr. Kevin Davidson,tammy39@vaughan.com,Raincoat,2,4047,8094,2023-07-10,Monsoon,4,636,4047.0,3,Seasonal Buyers,Seasonal Promotions & Personalized Offers
2639,Paul Monroe,ellisdonna@pope-mclaughlin.com,Jeans,1,684,684,2024-04-24,Spring,2,347,684.0,0,Low-Value Frequent Buyers,Discount Coupons & Loyalty Programs
2640,Jonathon Cook MD,deborah98@mitchell.net,Sneakers,5,695,3475,2024-03-19,Spring,2,383,695.0,0,Low-Value Frequent Buyers,Discount Coupons & Loyalty Programs
2641,Kelly Acosta,toddpatrick@kramer.com,Full-Sleeve Shirt,4,2299,9196,2023-11-18,Autumn,3,505,2299.0,2,Lost Customers,Re-engagement Emails & Offers
2642,Brian Webster,mark91@lee-bradley.com,Waterproof Shoes,4,4767,19068,2023-08-05,Monsoon,4,610,4767.0,3,Seasonal Buyers,Seasonal Promotions & Personalized Offers
2643,Sherry Ramirez,gilmorechristopher@yahoo.com,Boots,5,3956,19780,2023-01-27,Winter,1,800,3956.0,3,Seasonal Buyers,Seasonal Promotions & Personalized Offers
2644,Joshua Farrell,jamessanders@gmail.com,Light Jacket,5,1223,6115,2024-03-02,Spring,2,400,1223.0,0,Low-Value Frequent Buyers,Discount Coupons & Loyalty Programs
2645,Katherine Brown,jhodge@hotmail.com,Scarf,4,3961,15844,2023-01-08,Winter,1,819,3961.0,3,Seasonal Buyers,Seasonal Promotions & Personalized Offers
2646,Mr. Jose Herrera,deborahpowers@yahoo.com,Waterproof Shoes,1,4661,4661,2024-06-21,Monsoon,4,289,4661.0,1,High-Value Loyal Customers,Exclusive Membership & VIP Rewards
2647,James Anderson,hicksdeborah@davis.biz,Boots,2,1567,3134,2024-01-17,Winter,1,445,1567.0,2,Lost Customers,Re-engagement Emails & Offers
2648,Felicia Howard,diana28@hudson.com,Jeans,5,2210,11050,2023-03-16,Spring,2,752,2210.0,2,Lost Customers,Re-engagement Emails & Offers
2649,Michael Lopez,lauratrevino@dominguez.com,Tank Top,4,2678,10712,2023-06-09,Summer,0,667,2678.0,2,Lost Customers,Re-engagement Emails & Offers
2650,Jenna Barr,lmcgee@gmail.com,Tank Top,2,2542,5084,2023-07-22,Summer,0,624,2542.0,2,Lost Customers,Re-engagement Emails & Offers
2651,Jennifer Anderson,joshuaparks@king.com,Light Jacket,2,1204,2408,2023-05-17,Spring,2,690,1204.0,2,Lost Customers,Re-engagement Emails & Offers
2652,William Mccullough,ajohnson@rodriguez.com,Loafers,1,1610,1610,2024-09-25,Autumn,3,193,1610.0,0,Low-Value Frequent Buyers,Discount Coupons & Loyalty Programs
2653,Danielle Rodriguez,holly49@gmail.com,Jeans,1,2445,2445,2024-04-08,Spring,2,363,2445.0,0,Low-Value Frequent Buyers,Discount Coupons & Loyalty Programs
2654,Amanda Thomas,christopher76@mann-smith.net,Boots,5,2503,12515,2024-12-16,Winter,1,111,2503.0,0,Low-Value Frequent Buyers,Discount Coupons & Loyalty Programs
2655,April Smith,ronaldgomez@hotmail.com,Cardigan,5,4098,20490,2024-09-09,Autumn,3,209,4098.0,1,High-Value Loyal Customers,Exclusive Membership & VIP Rewards
2656,Joseph Adkins,torrespeter@gmail.com,Sneakers,2,902,1804,2024-05-12,Spring,2,329,902.0,0,Low-Value Frequent Buyers,Discount Coupons & Loyalty Programs
2657,Alexandra Smith,mike53@alexander-mitchell.info,Blazer,2,3920,7840,2024-10-01,Autumn,3,187,3920.0,1,High-Value Loyal Customers,Exclusive Membership & VIP Rewards
2658,Michael Sanchez,cartermartin@gmail.com,Boots,3,948,2844,2023-02-18,Winter,1,778,948.0,2,Lost Customers,Re-engagement Emails & Offers
2659,Carol Myers,joshua29@gmail.com,Tank Top,1,1674,1674,2023-07-10,Summer,0,636,1674.0,2,Lost Customers,Re-engagement Emails & Offers
2660,Jessica Mitchell,vjackson@walker.info,Boots,3,3413,10239,2023-12-12,Winter,1,481,3413.0,3,Seasonal Buyers,Seasonal Promotions & Personalized Offers
2661,John Brown,campbellmichael@warren.com,Sneakers,5,4084,20420,2023-05-24,Spring,2,683,4084.0,3,Seasonal Buyers,Seasonal Promotions & Personalized Offers
2662,Melissa Simpson,robertarandall@yahoo.com,Blazer,2,1546,3092,2024-10-08,Autumn,3,180,1546.0,0,Low-Value Frequent Buyers,Discount Coupons & Loyalty Programs
2663,Melanie Garrison,shannon64@webb.com,Cardigan,5,963,4815,2023-11-16,Autumn,3,507,963.0,2,Lost Customers,Re-engagement Emails & Offers
2664,Bernard Hicks,robertslinda@gmail.com,Full-Sleeve Shirt,5,4845,24225,2023-11-05,Autumn,3,518,4845.0,3,Seasonal Buyers,Seasonal Promotions & Personalized Offers
2665,William Hernandez,salazartimothy@ochoa-carlson.com,Shorts,2,3045,6090,2024-08-19,Summer,0,230,3045.0,1,High-Value Loyal Customers,Exclusive Membership & VIP Rewards
2666,Tony Hammond,alangreen@gmail.com,Sneakers,2,1591,3182,2024-05-21,Spring,2,320,1591.0,0,Low-Value Frequent Buyers,Discount Coupons & Loyalty Programs
2667,Joseph Marquez,jeffrey78@kidd.biz,Boots,2,2591,5182,2023-01-17,Winter,1,810,2591.0,2,Lost Customers,Re-engagement Emails & Offers
2668,Vanessa Montoya,collinsjennifer@collins.biz,Umbrella,4,4360,17440,2024-08-11,Monsoon,4,238,4360.0,1,High-Value Loyal Customers,Exclusive Membership & VIP Rewards
2669,Alexander Gonzalez,usparks@williams-taylor.net,Loafers,2,2908,5816,2024-11-16,Autumn,3,141,2908.0,1,High-Value Loyal Customers,Exclusive Membership & VIP Rewards
2670,Dustin Bradley,davidmiller@olson.com,Jeans,1,2867,2867,2023-03-03,Spring,2,765,2867.0,3,Seasonal Buyers,Seasonal Promotions & Personalized Offers
2671,John Parker,jessica21@yahoo.com,Sweater,1,717,717,2024-02-20,Winter,1,411,717.0,0,Low-Value Frequent Buyers,Discount Coupons & Loyalty Programs
2672,Michele Simon,patricia55@gilbert.com,Sandals,5,2424,12120,2024-08-09,Summer,0,240,2424.0,0,Low-Value Frequent Buyers,Discount Coupons & Loyalty Programs
2673,Pamela Burnett,ericjohnson@parker-farmer.biz,Full-Sleeve Shirt,5,3918,19590,2024-09-06,Autumn,3,212,3918.0,1,High-Value Loyal Customers,Exclusive Membership & VIP Rewards
2674,Jeremy Alexander,jenniferglover@hotmail.com,Raincoat,2,4989,9978,2024-07-21,Monsoon,4,259,4989.0,1,High-Value Loyal Customers,Exclusive Membership & VIP Rewards
2675,Mark Barnes,bmckenzie@gmail.com,Waterproof Shoes,1,3616,3616,2024-08-19,Monsoon,4,230,3616.0,1,High-Value Loyal Customers,Exclusive Membership & VIP Rewards
2676,Casey Wright,johnperez@wright-ray.com,Raincoat,3,3162,9486,2023-07-04,Monsoon,4,642,3162.0,3,Seasonal Buyers,Seasonal Promotions & Personalized Offers
2677,Dr. Christopher Callahan,howardadams@calderon.com,Umbrella,5,1493,7465,2024-06-28,Monsoon,4,282,1493.0,0,Low-Value Frequent Buyers,Discount Coupons & Loyalty Programs
2678,Lauren Mccarty,marcus71@johnson-mcdaniel.org,Raincoat,5,2013,10065,2024-09-08,Monsoon,4,210,2013.0,0,Low-Value Frequent Buyers,Discount Coupons & Loyalty Programs
2679,Eric Stone,ericsharp@hotmail.com,Jeans,2,1746,3492,2024-05-02,Spring,2,339,1746.0,0,Low-Value Frequent Buyers,Discount Coupons & Loyalty Programs
2680,Michelle Prince,keith48@meyers.com,Jeans,1,4917,4917,2024-04-28,Spring,2,343,4917.0,1,High-Value Loyal Customers,Exclusive Membership & VIP Rewards
2681,Jennifer Johnson,ibrown@hotmail.com,Shorts,5,1345,6725,2024-08-28,Summer,0,221,1345.0,0,Low-Value Frequent Buyers,Discount Coupons & Loyalty Programs
2682,Caleb Fry,codycarrillo@allen.info,Umbrella,1,663,663,2023-09-01,Monsoon,4,583,663.0,2,Lost Customers,Re-engagement Emails & Offers
2683,Sharon Williams,jwatson@jimenez.com,Sweater,3,611,1833,2023-02-23,Winter,1,773,611.0,2,Lost Customers,Re-engagement Emails & Offers
2684,Diane Medina,znash@cooper.com,Jacket,1,2707,2707,2024-02-21,Winter,1,410,2707.0,0,Low-Value Frequent Buyers,Discount Coupons & Loyalty Programs
2685,Lydia Wilson,andrewfrazier@klein.info,Sneakers,5,2002,10010,2024-05-16,Spring,2,325,2002.0,0,Low-Value Frequent Buyers,Discount Coupons & Loyalty Programs
2686,Laura Walters,ashleyevans@pham.net,Shorts,4,601,2404,2023-07-03,Summer,0,643,601.0,2,Lost Customers,Re-engagement Emails & Offers
2687,Melinda Kelly,crichardson@fuller.biz,Raincoat,1,2125,2125,2023-06-27,Monsoon,4,649,2125.0,2,Lost Customers,Re-engagement Emails & Offers
2688,Julie Mcmillan,timothyferguson@yahoo.com,Umbrella,3,1822,5466,2024-08-21,Monsoon,4,228,1822.0,0,Low-Value Frequent Buyers,Discount Coupons & Loyalty Programs
2689,Felicia Stewart,williamsjames@singleton-edwards.info,Jeans,4,709,2836,2024-05-09,Spring,2,332,709.0,0,Low-Value Frequent Buyers,Discount Coupons & Loyalty Programs
2690,Daniel Stark,ehall@hotmail.com,Tank Top,3,2368,7104,2023-06-12,Summer,0,664,2368.0,2,Lost Customers,Re-engagement Emails & Offers
2691,Jimmy Estrada,smendoza@mccoy.com,Sandals,3,3698,11094,2023-08-10,Summer,0,605,3698.0,3,Seasonal Buyers,Seasonal Promotions & Personalized Offers
2692,Amanda Morgan,xmcintosh@hotmail.com,Blazer,4,914,3656,2024-11-10,Autumn,3,147,914.0,0,Low-Value Frequent Buyers,Discount Coupons & Loyalty Programs
2693,Janet Moyer,diazkathleen@diaz.com,Shorts,2,1952,3904,2023-06-27,Summer,0,649,1952.0,2,Lost Customers,Re-engagement Emails & Offers
2694,Morgan Herman,kenneth07@rodgers.com,Boots,5,2793,13965,2023-12-28,Winter,1,465,2793.0,3,Seasonal Buyers,Seasonal Promotions & Personalized Offers
2695,Gabriella Meza,jamesmartinez@yahoo.com,Sunglasses,1,1630,1630,2024-08-02,Summer,0,247,1630.0,0,Low-Value Frequent Buyers,Discount Coupons & Loyalty Programs
2696,Crystal Jones,bauerbilly@gmail.com,Shorts,3,2382,7146,2023-07-21,Summer,0,625,2382.0,2,Lost Customers,Re-engagement Emails & Offers
2697,Timothy Alvarez,david23@yahoo.com,Raincoat,2,4214,8428,2024-06-28,Monsoon,4,282,4214.0,1,High-Value Loyal Customers,Exclusive Membership & VIP Rewards
2698,Dennis Mitchell,carlsondaniel@yahoo.com,Sandals,3,4556,13668,2023-06-09,Summer,0,667,4556.0,3,Seasonal Buyers,Seasonal Promotions & Personalized Offers
2699,Teresa Barber,jmclaughlin@cain-james.biz,Sandals,1,3477,3477,2024-08-18,Summer,0,231,3477.0,1,High-Value Loyal Customers,Exclusive Membership & VIP Rewards
2700,Julie Holmes,harrisgerald@harrison-martinez.com,Sandals,2,3542,7084,2024-07-18,Summer,0,262,3542.0,1,High-Value Loyal Customers,Exclusive Membership & VIP Rewards
2701,Craig Castillo,avilatimothy@gmail.com,Waterproof Shoes,3,3899,11697,2023-06-28,Monsoon,4,648,3899.0,3,Seasonal Buyers,Seasonal Promotions & Personalized Offers
2702,Brandy Barker,cathyvalencia@stewart-grant.com,Sunglasses,4,3616,14464,2024-08-05,Summer,0,244,3616.0,1,High-Value Loyal Customers,Exclusive Membership & VIP Rewards
2703,Larry Blanchard,rittereric@hotmail.com,Light Jacket,2,3475,6950,2023-05-28,Spring,2,679,3475.0,3,Seasonal Buyers,Seasonal Promotions & Personalized Offers
2704,Linda Francis,hkim@wilson.com,Sunglasses,4,1851,7404,2025-08-12,Summer,0,-128,1851.0,0,Low-Value Frequent Buyers,Discount Coupons & Loyalty Programs
2705,Christopher Fowler,jonesgabrielle@gmail.com,Sandals,4,1436,5744,2023-07-19,Summer,0,627,1436.0,2,Lost Customers,Re-engagement Emails & Offers
2706,Brett Yang,pamela88@yahoo.com,Boots,5,1923,9615,2023-12-07,Winter,1,486,1923.0,2,Lost Customers,Re-engagement Emails & Offers
2707,Andrea Green,yshah@gmail.com,Full-Sleeve Shirt,3,1319,3957,2024-11-05,Autumn,3,152,1319.0,0,Low-Value Frequent Buyers,Discount Coupons & Loyalty Programs
2708,Danielle Hicks,stephanie65@hunter-lewis.com,Tank Top,1,3495,3495,2024-08-10,Summer,0,239,3495.0,1,High-Value Loyal Customers,Exclusive Membership & VIP Rewards
2709,Gregory Dodson,amanda71@perez.biz,Sweater,5,1022,5110,2024-01-10,Winter,1,452,1022.0,2,Lost Customers,Re-engagement Emails & Offers
2710,Kimberly Smith,kylehatfield@chan.org,Sneakers,2,3473,6946,2023-05-11,Spring,2,696,3473.0,3,Seasonal Buyers,Seasonal Promotions & Personalized Offers
2711,Francis Jones,fdunn@leblanc-gray.net,Jeans,3,3770,11310,2025-04-08,Spring,2,-2,3770.0,1,High-Value Loyal Customers,Exclusive Membership & VIP Rewards
2712,Ronald Hill,sean38@russell.info,Sneakers,3,3796,11388,2024-05-14,Spring,2,327,3796.0,1,High-Value Loyal Customers,Exclusive Membership & VIP Rewards
2713,Sheila Cunningham,darrencunningham@hotmail.com,Umbrella,4,1512,6048,2025-08-27,Monsoon,4,-143,1512.0,0,Low-Value Frequent Buyers,Discount Coupons & Loyalty Programs
2714,David Butler,ryancampos@stark.com,Full-Sleeve Shirt,3,3301,9903,2023-10-28,Autumn,3,526,3301.0,3,Seasonal Buyers,Seasonal Promotions & Personalized Offers
2715,Norman Clarke,mreid@yahoo.com,T-Shirt,5,1195,5975,2024-05-25,Spring,2,316,1195.0,0,Low-Value Frequent Buyers,Discount Coupons & Loyalty Programs
2716,Maxwell Potter,linda81@yahoo.com,Boots,2,4914,9828,2024-12-09,Winter,1,118,4914.0,1,High-Value Loyal Customers,Exclusive Membership & VIP Rewards
2717,Nicole Harrell,nicholas25@yahoo.com,Waterproof Shoes,2,4186,8372,2025-08-07,Monsoon,4,-123,4186.0,1,High-Value Loyal Customers,Exclusive Membership & VIP Rewards
2718,Abigail Richmond,chris04@robinson.net,Sandals,3,1845,5535,2023-08-28,Summer,0,587,1845.0,2,Lost Customers,Re-engagement Emails & Offers
2719,Jared Oneill,mooreshannon@carey-garner.com,Sweater,5,1311,6555,2023-01-14,Winter,1,813,1311.0,2,Lost Customers,Re-engagement Emails & Offers
2720,Tammy Thompson,brandonpeters@thomas.biz,Boots,1,3543,3543,2023-02-08,Winter,1,788,3543.0,3,Seasonal Buyers,Seasonal Promotions & Personalized Offers
2721,Albert Quinn,vflores@hotmail.com,Umbrella,2,2750,5500,2023-08-23,Monsoon,4,592,2750.0,2,Lost Customers,Re-engagement Emails & Offers
2722,Michael Serrano,kim05@gmail.com,Waterproof Shoes,2,4771,9542,2023-06-23,Monsoon,4,653,4771.0,3,Seasonal Buyers,Seasonal Promotions & Personalized Offers
2723,Brandon Berry,marysnow@allen.biz,Shorts,4,1452,5808,2023-08-28,Summer,0,587,1452.0,2,Lost Customers,Re-engagement Emails & Offers
2724,Caitlin Jones,emarshall@hotmail.com,Boots,4,4700,18800,2024-12-23,Winter,1,104,4700.0,1,High-Value Loyal Customers,Exclusive Membership & VIP Rewards
2725,Joseph Hawkins,keithhernandez@bullock-mccann.com,Full-Sleeve Shirt,3,2447,7341,2024-10-27,Autumn,3,161,2447.0,0,Low-Value Frequent Buyers,Discount Coupons & Loyalty Programs
2726,Eduardo Moore,conradheather@gonzalez.com,Blazer,2,4601,9202,2025-09-07,Autumn,3,-154,4601.0,1,High-Value Loyal Customers,Exclusive Membership & VIP Rewards
2727,Anne Delgado,yblack@norman-garcia.biz,Sweater,3,3874,11622,2024-12-27,Winter,1,100,3874.0,1,High-Value Loyal Customers,Exclusive Membership & VIP Rewards
2728,Christine Foster,jenningsjessica@gmail.com,Light Jacket,4,2537,10148,2023-05-15,Spring,2,692,2537.0,2,Lost Customers,Re-engagement Emails & Offers
2729,Laurie Hall,zcurtis@yahoo.com,Tank Top,3,1962,5886,2023-07-06,Summer,0,640,1962.0,2,Lost Customers,Re-engagement Emails & Offers
2730,Randall Castillo,brianpadilla@yahoo.com,Cardigan,3,2485,7455,2025-09-23,Autumn,3,-170,2485.0,0,Low-Value Frequent Buyers,Discount Coupons & Loyalty Programs
2731,Eric Lopez,whitneyrebecca@schwartz.com,Sneakers,3,685,2055,2024-05-20,Spring,2,321,685.0,0,Low-Value Frequent Buyers,Discount Coupons & Loyalty Programs
2732,Danielle Martinez,barbarajohnson@hotmail.com,Sunglasses,3,1132,3396,2023-06-11,Summer,0,665,1132.0,2,Lost Customers,Re-engagement Emails & Offers
2733,Melinda Nunez,glassmonica@lewis.info,Sweater,1,3684,3684,2024-02-06,Winter,1,425,3684.0,3,Seasonal Buyers,Seasonal Promotions & Personalized Offers
2734,Mark Gregory,stanleytiffany@davis.com,Tank Top,1,2256,2256,2024-08-28,Summer,0,221,2256.0,0,Low-Value Frequent Buyers,Discount Coupons & Loyalty Programs
2735,Jenny Cox,tkennedy@gmail.com,Loafers,3,2876,8628,2024-11-23,Autumn,3,134,2876.0,1,High-Value Loyal Customers,Exclusive Membership & VIP Rewards
2736,Kristen Fisher,michaelmoss@cochran-nelson.com,Sunglasses,5,1653,8265,2023-06-19,Summer,0,657,1653.0,2,Lost Customers,Re-engagement Emails & Offers
2737,Olivia Campbell,ericacarey@gmail.com,Light Jacket,4,3799,15196,2024-05-25,Spring,2,316,3799.0,1,High-Value Loyal Customers,Exclusive Membership & VIP Rewards
2738,Linda Rogers,wwilson@walton-carter.com,Raincoat,3,4355,13065,2024-07-15,Monsoon,4,265,4355.0,1,High-Value Loyal Customers,Exclusive Membership & VIP Rewards
2739,Joseph Perez,jberger@gmail.com,Sunglasses,2,810,1620,2025-06-14,Summer,0,-69,810.0,0,Low-Value Frequent Buyers,Discount Coupons & Loyalty Programs
2740,Danielle Moore,ashleycunningham@mcconnell-wheeler.com,Sweater,1,2372,2372,2024-12-28,Winter,1,99,2372.0,0,Low-Value Frequent Buyers,Discount Coupons & Loyalty Programs
2741,Phillip Crawford,allenapril@wilson.com,Umbrella,5,569,2845,2024-06-14,Monsoon,4,296,569.0,0,Low-Value Frequent Buyers,Discount Coupons & Loyalty Programs
2742,Bridget Lopez,faustin@yahoo.com,Boots,2,4921,9842,2023-01-08,Winter,1,819,4921.0,3,Seasonal Buyers,Seasonal Promotions & Personalized Offers
2743,Alexis Ayala,peter56@allen-day.biz,Jacket,1,3039,3039,2024-01-02,Winter,1,460,3039.0,3,Seasonal Buyers,Seasonal Promotions & Personalized Offers
2744,Brittany Vargas,ytrujillo@tran.com,Blazer,4,3407,13628,2025-09-03,Autumn,3,-150,3407.0,1,High-Value Loyal Customers,Exclusive Membership & VIP Rewards
2745,Miss Melanie Anderson,tbird@gmail.com,Sneakers,3,2603,7809,2024-03-16,Spring,2,386,2603.0,0,Low-Value Frequent Buyers,Discount Coupons & Loyalty Programs
2746,Jonathan Miller,chavezvicki@hamilton.com,Tank Top,3,2786,8358,2023-08-28,Summer,0,587,2786.0,2,Lost Customers,Re-engagement Emails & Offers
2747,Heather Sparks,beasleybradley@smith-lewis.com,Scarf,4,2887,11548,2023-01-21,Winter,1,806,2887.0,3,Seasonal Buyers,Seasonal Promotions & Personalized Offers
2748,Jessica Turner,agillespie@smith.info,Cardigan,1,1731,1731,2024-10-18,Autumn,3,170,1731.0,0,Low-Value Frequent Buyers,Discount Coupons & Loyalty Programs
2749,Cassidy Dickson,kathyherrera@hotmail.com,Waterproof Shoes,5,2821,14105,2024-06-10,Monsoon,4,300,2821.0,1,High-Value Loyal Customers,Exclusive Membership & VIP Rewards
2750,Anna Noble DVM,kerrjohnathan@yahoo.com,Sneakers,1,4419,4419,2025-05-14,Spring,2,-38,4419.0,1,High-Value Loyal Customers,Exclusive Membership & VIP Rewards
2751,Christine Ward,kimkrystal@yahoo.com,T-Shirt,3,1879,5637,2024-05-05,Spring,2,336,1879.0,0,Low-Value Frequent Buyers,Discount Coupons & Loyalty Programs
2752,Theresa Dominguez DDS,eric65@campbell.org,Loafers,1,1742,1742,2025-10-10,Autumn,3,-187,1742.0,0,Low-Value Frequent Buyers,Discount Coupons & Loyalty Programs
2753,Desiree Mitchell,davidsellers@greer.com,Scarf,5,3840,19200,2024-02-15,Winter,1,416,3840.0,3,Seasonal Buyers,Seasonal Promotions & Personalized Offers
2754,Kristen Pierce MD,allisonblevins@kennedy.com,Cardigan,4,2235,8940,2024-10-12,Autumn,3,176,2235.0,0,Low-Value Frequent Buyers,Discount Coupons & Loyalty Programs
2755,Elizabeth Phillips,angelbowman@hotmail.com,Tank Top,3,3422,10266,2024-07-02,Summer,0,278,3422.0,1,High-Value Loyal Customers,Exclusive Membership & VIP Rewards
2756,Vanessa Williams,tamara80@anderson.com,Scarf,1,1606,1606,2023-12-21,Winter,1,472,1606.0,2,Lost Customers,Re-engagement Emails & Offers
2757,Marilyn Woodard,paulpierce@hotmail.com,Cardigan,5,3737,18685,2023-10-24,Autumn,3,530,3737.0,3,Seasonal Buyers,Seasonal Promotions & Personalized Offers
2758,Tiffany Hill,vmartin@gmail.com,Boots,5,1601,8005,2024-12-04,Winter,1,123,1601.0,0,Low-Value Frequent Buyers,Discount Coupons & Loyalty Programs
2759,Mrs. Lori Solomon,thomas85@ruiz-duke.com,Sweater,2,2267,4534,2023-12-20,Winter,1,473,2267.0,2,Lost Customers,Re-engagement Emails & Offers
2760,Cassandra Nguyen,vhanna@snyder.com,Sandals,5,4946,24730,2024-06-10,Summer,0,300,4946.0,1,High-Value Loyal Customers,Exclusive Membership & VIP Rewards
2761,Susan Miller,gregoryharris@cohen.com,Raincoat,5,3140,15700,2024-07-16,Monsoon,4,264,3140.0,1,High-Value Loyal Customers,Exclusive Membership & VIP Rewards
2762,Jill Greene,alanhudson@stuart.net,Blazer,3,3778,11334,2023-10-24,Autumn,3,530,3778.0,3,Seasonal Buyers,Seasonal Promotions & Personalized Offers
2763,Kathy Parsons,hcarr@vargas-washington.com,Boots,3,2399,7197,2024-02-04,Winter,1,427,2399.0,2,Lost Customers,Re-engagement Emails & Offers
2764,Ann Ward,kingdavid@yahoo.com,Full-Sleeve Shirt,2,2802,5604,2024-10-28,Autumn,3,160,2802.0,1,High-Value Loyal Customers,Exclusive Membership & VIP Rewards
2765,Manuel Smith,christopher54@yahoo.com,Loafers,4,1809,7236,2023-09-13,Autumn,3,571,1809.0,2,Lost Customers,Re-engagement Emails & Offers
2766,Amber Casey,deannancy@hotmail.com,Full-Sleeve Shirt,5,4928,24640,2024-10-28,Autumn,3,160,4928.0,1,High-Value Loyal Customers,Exclusive Membership & VIP Rewards
2767,Deborah Sanders,ramirezjared@yahoo.com,Sweater,4,4069,16276,2024-12-18,Winter,1,109,4069.0,1,High-Value Loyal Customers,Exclusive Membership & VIP Rewards
2768,Richard Gilbert,pamelarichardson@yahoo.com,Scarf,4,2374,9496,2023-02-11,Winter,1,785,2374.0,2,Lost Customers,Re-engagement Emails & Offers
2769,Gina Sandoval DDS,duncanjimmy@gmail.com,Tank Top,3,3684,11052,2024-08-06,Summer,0,243,3684.0,1,High-Value Loyal Customers,Exclusive Membership & VIP Rewards
2770,Robert Martin,samantha89@rogers.net,Sweater,3,1968,5904,2023-02-15,Winter,1,781,1968.0,2,Lost Customers,Re-engagement Emails & Offers
